job_id,title,company_name_raw,company_name_clean,state_clean,state_abbr,city_raw,remote_status,employment_type,salary_min_annual,salary_max_annual,salary_source,experience_min_years,experience_source,education_level,education_source,soc_code,soc_name,soc_quality_flag,onet_code,onet_name,naics_code,naics_name,skills,posted_at,apply_url
678456,Data Engineer,Clera,Clera,California,CA,San Francisco,onsite,Full Time,100000.0,150000.0,parsed_from_description_text,,not_found,Not specified,missing,15-1243,Database Architects,ok,,Not specified,518000,"Computing Infrastructure Providers, Data Processing, Web Hosting, and Related Services",,2026-08-06,https://jobs.ashbyhq.com/clera/b5955da0-3663-44f5-b657-4421b18b4ce0/application
688256,Senior Applied ML Engineer - ML4Sys,Databricks,Databricks,California,CA,San Francisco,unknown,,,,missing,4,parsed_from_text,PhD,parsed_from_text,15-2051,Data Scientists,ok,15-2051.00,Data Scientists,518000,"Computing Infrastructure Providers, Data Processing, Web Hosting, and Related Services",Algorithms; Analytics; Bioinformatics,2026-08-03,https://databricks.com/company/careers/open-positions/job?gh_jid=8656900002
703410,Senior Research Data Scientist,Roku,Roku,California,CA,San Jose,unknown,Full Time,330000.0,375000.0,annual_reported,,not_found,Not specified,missing,15-2051,Data Scientists,ok,15-2051.00,Data Scientists,518000,"Computing Infrastructure Providers, Data Processing, Web Hosting, and Related Services",,2026-07-30,https://www.weareroku.com/jobs/8013595?gh_jid=8013595
706336,"Member of Technical Staff, Data Engineering",Parallel,Parallel,California,CA,Bay Area,onsite,Full Time,150000.0,300000.0,annual_reported,,not_found,Not specified,missing,15-1243,Database Architects,ok,15-1243.00,Database Architects,518000,"Computing Infrastructure Providers, Data Processing, Web Hosting, and Related Services",AI Agents; Analytics,2026-07-29,https://jobs.ashbyhq.com/parallel/23a9fd93-9c62-4793-99ca-f7b3efa11f02/application
748556,"Data Engineer, PV Prime Video TV - Tech",Amazon,Amazon,Washington,WA,Seattle,unknown,Full Time,,,missing,,not_found,Not specified,missing,15-1243,Database Architects,ok,15-1243.00,Database Architects,518000,"Computing Infrastructure Providers, Data Processing, Web Hosting, and Related Services",AWS Big Data; Analytics; Big Data; Business Intelligence,2026-07-29,https://account.amazon.jobs/jobs/10486922/apply
257943,Marketing Data Scientist Senior Associate,Jpmc.fa.oraclecloud.com,Unknown employer (ATS-hosted posting),Ohio,OH,,unknown,,,,missing,,not_found,Not specified,missing,15-2051,Data Scientists,ok,15-2051.00,Data Scientists,518000,"Computing Infrastructure Providers, Data Processing, Web Hosting, and Related Services",,2026-06-25,https://jpmc.fa.oraclecloud.com/?keyword=&mode=jobs&lang=en&site_number=CX_1001#210760288
259467,"Data Analyst, Global Modeling Unit",Ecqf.fa.em2.oraclecloud.com,Unknown employer (ATS-hosted posting),California,CA,Culver City,unknown,,,,missing,,not_found,Not specified,missing,41-9012,Models,likely_misclassified,41-9012.00,Models,518000,"Computing Infrastructure Providers, Data Processing, Web Hosting, and Related Services",,2026-06-25,https://ecqf.fa.em2.oraclecloud.com/?keyword=&mode=jobs&lang=en&site_number=CX_1#8342
261014,Business Data Analyst II- Human Capital Data and Analytics Enablement,Careers.truist.com,Truist,North Carolina,NC,Charlotte,unknown,,,,missing,,not_found,Not specified,missing,15-2051,Data Scientists,ok,15-2051.01,Business Intelligence Analysts,518000,"Computing Infrastructure Providers, Data Processing, Web Hosting, and Related Services",Analytics,2026-06-25,https://careers.truist.com/job/R0115801
261990,Data Engineer Senior - Big Data Platform Team,Careers.pnc.com,PNC,Texas,TX,Farmers Branch,unknown,,,,missing,,not_found,Not specified,missing,15-1243,Database Architects,ok,15-1243.00,Database Architects,518000,"Computing Infrastructure Providers, Data Processing, Web Hosting, and Related Services",Big Data,2026-06-25,https://careers.pnc.com/job/R226927
262064,Data Scientist/Portfolio Risk Manager,Jobs.bmo.com,BMO,Illinois,IL,Chicago,unknown,,,,missing,,not_found,Not specified,missing,15-2051,Data Scientists,ok,15-2051.00,Data Scientists,518000,"Computing Infrastructure Providers, Data Processing, Web Hosting, and Related Services",Analytics,2026-06-25,https://jobs.bmo.com/job/R260019131
227287,Senior Analytics Engineer - Healthcare & Benefits,Abett,Abett,Washington,WA,Seattle,unknown,Contract,166400.0,208000.0,hourly_converted,6,parsed_from_text,Not specified,missing,15-2051,Data Scientists,ok,15-2051.00,Data Scientists,518000,"Computing Infrastructure Providers, Data Processing, Web Hosting, and Related Services",Ad Hoc Analysis; Analytics; Benchmarking; Business Intelligence,2026-06-24,https://recruiting.paylocity.com/Recruiting/Jobs/Details/4277914
227288,Data Engineer,Entarian,Entarian,Pennsylvania,PA,Mechanicsburg,onsite,Other,,,missing,10,parsed_from_text,Not specified,missing,15-1243,Database Architects,ok,15-1243.00,Database Architects,518000,"Computing Infrastructure Providers, Data Processing, Web Hosting, and Related Services",AWS Certified Solutions Architect; Amazon Aurora; Apache Hadoop; Big Data; Business Intelligence; Business Intelligence Tools; Business Requirements,2026-06-24,https://careers-entarian.icims.com/jobs/9674/data-engineer/job
273655,Research Associate Data Scientist,Hdkk.fa.us6.oraclecloud.com,Unknown employer (ATS-hosted posting),California,CA,Los Angeles,unknown,,97510.0,133100.0,parsed_from_description_text,,not_found,Not specified,missing,15-2051,Data Scientists,ok,15-2051.00,Data Scientists,518000,"Computing Infrastructure Providers, Data Processing, Web Hosting, and Related Services",Algorithms; Applied Mathematics; Artificial Intelligence; Azure DevOps,2026-06-24,https://hdkk.fa.us6.oraclecloud.com/?keyword=&mode=jobs&lang=en&site_number=CX_1#18558
274875,Data Engineer,Fa-Etbx-Saasfaprod1.fa.ocs.oraclecloud.com,Unknown employer (ATS-hosted posting),Virginia,VA,Vienna,unknown,,,,missing,,not_found,Not specified,missing,15-1243,Database Architects,ok,15-1243.00,Database Architects,518000,"Computing Infrastructure Providers, Data Processing, Web Hosting, and Related Services",,2026-06-24,https://fa-etbx-saasfaprod1.fa.ocs.oraclecloud.com/?keyword=&mode=jobs&lang=en&site_number=nfcu#30845
275386,Principal Data Engineer - FLINK,Hcgn.fa.us2.oraclecloud.com,Unknown employer (ATS-hosted posting),Unknown,US-UNK,,unknown,,,,missing,8,parsed_from_text,Not specified,missing,15-1243,Database Architects,ok,15-1243.00,Database Architects,518000,"Computing Infrastructure Providers, Data Processing, Web Hosting, and Related Services",Analytics; Architecture Strategy; Automation; Banking; Big Data; Business Operations,2026-06-24,https://hcgn.fa.us2.oraclecloud.com/?keyword=&mode=jobs&lang=en&site_number=CX_1#47240
276229,Forward Deployed Analytics Engineer & AI Specialist,Careers.snowflake.com,Snowflake,California,CA,Menlo Park,unknown,,,,missing,,not_found,Not specified,missing,15-2051,Data Scientists,ok,15-2051.00,Data Scientists,518000,"Computing Infrastructure Providers, Data Processing, Web Hosting, and Related Services",Analytics,2026-06-24,https://careers.snowflake.com/job/df8a6aba-37ee-45cb-ba5e-d001662591aa
276554,"Scientist II, Data Scientist, Bioprocess Digital Twin",Jobs.thermofisher.com,Thermofisher,New York,NY,New York,unknown,,,,missing,,not_found,Not specified,missing,15-2051,Data Scientists,ok,15-2051.00,Data Scientists,518000,"Computing Infrastructure Providers, Data Processing, Web Hosting, and Related Services",Bioprocess,2026-06-24,https://jobs.thermofisher.com/job/R-01355184
277186,"Alpha Data Services - Senior Data Analyst (Investment trading data - security master, reference data, transaction lifecycle) AVP",Careers.statestreet.com,Statestreet,New Jersey,NJ,Clifton,unknown,,,,missing,,not_found,Not specified,missing,15-2051,Data Scientists,ok,15-2051.00,Data Scientists,518000,"Computing Infrastructure Providers, Data Processing, Web Hosting, and Related Services",Advanced Analytics; Analytics,2026-06-24,https://careers.statestreet.com/job/R-785719
280903,Sr. IT Data Engineer,Xai,Xai,California,CA,Palo Alto,unknown,,135000.0,260000.0,parsed_from_description_text,5,parsed_from_text,Not specified,missing,15-1243,Database Architects,ok,15-1243.00,Database Architects,518000,"Computing Infrastructure Providers, Data Processing, Web Hosting, and Related Services",Analytics; Big Data,2026-06-23,https://job-boards.greenhouse.io/xai/jobs/5167318007
281372,"Senior Machine Learning Engineer, Multimodal AI",Hike-Medical,Hike-Medical,California,CA,San Francisco,hybrid,Full Time,170000.0,300000.0,annual_reported,,not_found,Not specified,missing,15-2051,Data Scientists,ok,15-2051.00,Data Scientists,518000,"Computing Infrastructure Providers, Data Processing, Web Hosting, and Related Services",Automation; Benchmarking,2026-06-23,https://jobs.ashbyhq.com/hike-medical/4bd84d75-a36d-4648-bd2e-924dc0f09741/application
283016,Senior Property Data Engineer,Ice,Ice,Florida,FL,Jacksonville,unknown,Full Time,,,missing,,not_found,Not specified,missing,15-1243,Database Architects,ok,15-1243.00,Database Architects,518000,"Computing Infrastructure Providers, Data Processing, Web Hosting, and Related Services",Automation,2026-06-23,https://careers-ice.icims.com/jobs/13207/senior-property-data-engineer/job?in_iframe=1
283893,Senior Data Engineer - Insurance Data Platform,Ccmsi,Ccmsi,Illinois,IL,Danville,remote,,100000.0,150000.0,parsed_from_description_text,,not_found,Not specified,missing,15-1243,Database Architects,ok,15-1243.00,Database Architects,518000,"Computing Infrastructure Providers, Data Processing, Web Hosting, and Related Services",,2026-06-23,https://careers-ccmsi.icims.com/jobs/6655/senior-data-engineer-%e2%80%93-insurance-data-platform/job?in_iframe=1
284989,Senior Data Engineer II,Braze,Braze,New York,NY,New York,unknown,Full Time,,,missing,8,parsed_from_text,Not specified,missing,15-1243,Database Architects,ok,15-1243.00,Database Architects,518000,"Computing Infrastructure Providers, Data Processing, Web Hosting, and Related Services",Architectural Patterns,2026-06-23,https://www.welcometothejungle.com/en/companies/JNGHL1/jobs/senior-data-engineer-ii_new-york_s6gbrejj
285060,"Sr. Data Scientist , Companion Product & Servi (ComPAS)",Amazon,Amazon,District of Columbia,DC,Washington,unknown,Full Time,,,missing,,not_found,Not specified,missing,15-2051,Data Scientists,ok,15-2051.00,Data Scientists,518000,"Computing Infrastructure Providers, Data Processing, Web Hosting, and Related Services",A/B Testing; Analytics; Automation; Causal Inference,2026-06-23,https://account.amazon.jobs/jobs/10456095/apply
285157,"Senior Applied Scientist, Perimeter Protection Applied Science",Amazon,Amazon,District of Columbia,DC,Washington,unknown,Full Time,,,missing,,not_found,Not specified,missing,15-1212,Information Security Analysts,ok,15-1212.00,Information Security Analysts,518000,"Computing Infrastructure Providers, Data Processing, Web Hosting, and Related Services",Algorithms; Application Firewall; Applied Science,2026-06-23,https://account.amazon.jobs/jobs/10456752/apply
287187,Data Analytics Engineer - Senior Associate,Jpmc.fa.oraclecloud.com,Unknown employer (ATS-hosted posting),Texas,TX,Plano,unknown,,,,missing,,not_found,Not specified,missing,41-9012,Models,likely_misclassified,41-9012.00,Models,518000,"Computing Infrastructure Providers, Data Processing, Web Hosting, and Related Services",Analytics; Business Metrics,2026-06-23,https://jpmc.fa.oraclecloud.com/?keyword=&mode=jobs&lang=en&site_number=CX_1001#210755191
289172,Lead Data Platform & Analytics Engineer - Money Movement Data Platform,Careers.usbank.com,Usbank,North Carolina,NC,Charlotte,unknown,,,,missing,,not_found,Not specified,missing,15-2051,Data Scientists,ok,15-2051.00,Data Scientists,518000,"Computing Infrastructure Providers, Data Processing, Web Hosting, and Related Services",Analytics,2026-06-23,https://careers.usbank.com/job/2026-0012001
291254,Enterprise Architect Sr (Enterprise Data Architect Sr),Careers.pnc.com,PNC,Pennsylvania,PA,Pittsburgh,unknown,,,,missing,,not_found,Not specified,missing,41-9012,Models,likely_misclassified,41-9012.00,Models,518000,"Computing Infrastructure Providers, Data Processing, Web Hosting, and Related Services",,2026-06-23,https://careers.pnc.com/job/R217380
293626,Business Analyst,Aperiasolutions,Aperiasolutions,Nebraska,NE,Omaha,unknown,Full Time,,,missing,5,parsed_from_text,Not specified,missing,13-1111,Management Analysts,ok,13-1111.00,Management Analysts,518000,"Computing Infrastructure Providers, Data Processing, Web Hosting, and Related Services",Banking; Business Intelligence,2026-06-22,https://job-boards.greenhouse.io/aperiasolutions/jobs/5168990007
227070,DATA ANALYST NF4,U.s. Marine Corps,U.s. Marine Corps,Virginia,VA,Quantico,unknown,,,,missing,,not_found,Not specified,missing,27-2011,Actors,likely_misclassified,27-2011.00,Actors,518000,"Computing Infrastructure Providers, Data Processing, Web Hosting, and Related Services",Accountability,2026-06-22,https://www.usajobs.gov:443/job/873815900
296045,Sr. Exploitation Specialist/Data Scientist (TS/SCI),Culmen,Culmen,Virginia,VA,Springfield,unknown,Full Time,,,missing,,not_found,Not specified,missing,15-2051,Data Scientists,ok,15-2051.00,Data Scientists,518000,"Computing Infrastructure Providers, Data Processing, Web Hosting, and Related Services",,2026-06-22,https://careers-culmen.icims.com/jobs/4479/sr.-exploitation-specialist-data-scientist-%28ts-sci%29/job?in_iframe=1
296902,"Applied Scientist III, AWS Identity",Amazon,Amazon,California,CA,Santa Clara,unknown,Full Time,,,missing,,not_found,Not specified,missing,15-2051,Data Scientists,ok,15-2051.00,Data Scientists,518000,"Computing Infrastructure Providers, Data Processing, Web Hosting, and Related Services",Amazon Web Services; Analytics; Artificial Intelligence; Automated Reasoning; Billing; Billing Systems; Build Tools,2026-06-22,https://account.amazon.jobs/jobs/10454997/apply
300653,Data Analyst,Careers.cisco.com,Cisco,North Carolina,NC,Research Triangle Park,hybrid,,,,missing,,not_found,Not specified,missing,15-1212,Information Security Analysts,ok,15-1212.00,Information Security Analysts,518000,"Computing Infrastructure Providers, Data Processing, Web Hosting, and Related Services",Analytics,2026-06-22,https://careers.cisco.com/job/2011265
301734,Data Scientist I - Fraud Reporting,Careers.truist.com,Truist,North Carolina,NC,Charlotte,unknown,,,,missing,,not_found,Not specified,missing,15-2051,Data Scientists,ok,15-2051.00,Data Scientists,518000,"Computing Infrastructure Providers, Data Processing, Web Hosting, and Related Services",Analytics,2026-06-22,https://careers.truist.com/job/R0115931
303081,Risk Data Scientist,Careers.regions.com,Regions,Alabama,AL,Hoover,unknown,,,,missing,,not_found,Not specified,missing,15-2051,Data Scientists,ok,15-2051.00,Data Scientists,518000,"Computing Infrastructure Providers, Data Processing, Web Hosting, and Related Services",,2026-06-22,https://careers.regions.com/job/R102594
304829,Senior Data Analyst,Forge,Forge,California,CA,San,unknown,Full Time,98000.0,100000.0,annual_reported,4,parsed_from_text,Not specified,missing,15-2051,Data Scientists,ok,15-2051.00,Data Scientists,518000,"Computing Infrastructure Providers, Data Processing, Web Hosting, and Related Services",A/B Testing; Analytics; Automation,2026-06-21,https://www.welcometothejungle.com/en/companies/zGrss6/jobs/senior-data-analyst_san-francisco_6oqdzddd
307225,Director of Customer Success Data Engineering,Toast,Toast,Massachusetts,MA,,unknown,Full Time,188000.0,301000.0,annual_reported,10,parsed_from_text,Not specified,missing,15-1243,Database Architects,ok,15-1243.00,Database Architects,518000,"Computing Infrastructure Providers, Data Processing, Web Hosting, and Related Services",AI Agents; Airflow; Analytics,2026-06-20,https://www.welcometothejungle.com/en/companies/sLjAlJ/jobs/director-of-customer-success-data-engineering_boston_cncsywyt
311513,Data Engineer,Regard,Regard,New York,NY,New York,unknown,Full Time,140000.0,175000.0,annual_reported,,not_found,Not specified,missing,15-1243,Database Architects,ok,15-1243.00,Database Architects,518000,"Computing Infrastructure Providers, Data Processing, Web Hosting, and Related Services",Analytics,2026-06-19,https://www.welcometothejungle.com/en/companies/Bnuig6/jobs/data-engineer_new-york_2ovhlhkp
311753,"Data Engineer, PV Prime Video TV - Tech",Amazon,Amazon,District of Columbia,DC,Washington,unknown,Full Time,,,missing,,not_found,Not specified,missing,15-1243,Database Architects,ok,15-1243.00,Database Architects,518000,"Computing Infrastructure Providers, Data Processing, Web Hosting, and Related Services",AWS Big Data; Analytics; Big Data; Business Intelligence,2026-06-19,https://account.amazon.jobs/jobs/10453867/apply
313870,Senior Business Analyst,Evac.fa.us2.oraclecloud.com,Unknown employer (ATS-hosted posting),California,CA,Irvine,hybrid,,,,missing,,not_found,Not specified,missing,13-1111,Management Analysts,ok,13-1111.00,Management Analysts,518000,"Computing Infrastructure Providers, Data Processing, Web Hosting, and Related Services",,2026-06-19,https://evac.fa.us2.oraclecloud.com/?keyword=&mode=jobs&lang=en&site_number=CX_1#439872
318664,Data Scientist (Senior),Peraton,Peraton,Virginia,VA,Hampton,unknown,Full Time,,,missing,,not_found,Master's,parsed_from_text,15-2051,Data Scientists,ok,15-2051.00,Data Scientists,518000,"Computing Infrastructure Providers, Data Processing, Web Hosting, and Related Services",,2026-06-18,https://careers-peraton.icims.com/jobs/165410/data-scientist-%28senior%29/job?in_iframe=1
319471,"Senior Manager, Data Architecture & Platforms",Cravath,Cravath,New York,NY,New York,unknown,Full Time,,,missing,,not_found,Not specified,missing,15-1243,Database Architects,ok,15-1243.00,Database Architects,518000,"Computing Infrastructure Providers, Data Processing, Web Hosting, and Related Services",Analytics,2026-06-18,https://careers-cravath.icims.com/jobs/3532/senior-manager%2c-data-architecture-%26-platforms/job?in_iframe=1
320773,"Senior Machine Learning Engineer, User Signal & Ads",Newsbreak,Newsbreak,District of Columbia,DC,Washington,unknown,Full Time,,,missing,5,parsed_from_text,Master's,parsed_from_text,15-2051,Data Scientists,ok,15-2051.00,Data Scientists,518000,"Computing Infrastructure Providers, Data Processing, Web Hosting, and Related Services",A/B Testing; Bidding; Business Metrics,2026-06-18,https://job-boards.greenhouse.io/newsbreak/jobs/4690328006
320820,Senior Machine Learning Engineer (Perception Detection and Tracking),Zoox,Zoox,California,CA,Foster City,remote,Full Time,214000.0,290000.0,annual_reported,,not_found,Not specified,missing,15-2051,Data Scientists,ok,15-2051.00,Data Scientists,518000,"Computing Infrastructure Providers, Data Processing, Web Hosting, and Related Services",Algorithms,2026-06-18,https://www.welcometothejungle.com/en/companies/W6IYbU/jobs/senior-machine-learning-engineer-perception-detection-and-tracking_boston_on4mksn5
320923,Senior Data Analyst,Forge,Forge,New York,NY,New York,unknown,Full Time,98000.0,100000.0,annual_reported,4,parsed_from_text,Not specified,missing,15-2051,Data Scientists,ok,15-2051.00,Data Scientists,518000,"Computing Infrastructure Providers, Data Processing, Web Hosting, and Related Services",A/B Testing; Analytics; Automation,2026-06-18,https://www.welcometothejungle.com/en/companies/zGrss6/jobs/senior-data-analyst_new-york_h4o6azc4
323852,Financial Data Analyst,Careers.usbank.com,Usbank,Minnesota,MN,Minneapolis,unknown,,,,missing,,not_found,Not specified,missing,15-2051*,Data Scientists*,ok,15-2051.00,Data Scientists,518000,"Computing Infrastructure Providers, Data Processing, Web Hosting, and Related Services",,2026-06-18,https://careers.usbank.com/job/2026-0010790
324632,Data Scientist II - Fraud Reporting,Careers.truist.com,Truist,North Carolina,NC,Charlotte,unknown,,,,missing,,not_found,Not specified,missing,15-2051,Data Scientists,ok,15-2051.00,Data Scientists,518000,"Computing Infrastructure Providers, Data Processing, Web Hosting, and Related Services",Analytics,2026-06-18,https://careers.truist.com/job/R0114416
324517,Sr. Principal Data Scientist,Careers.wbd.com,WBD,Georgia,GA,Atlanta,unknown,,,,missing,,not_found,Not specified,missing,15-2051,Data Scientists,ok,15-2051.00,Data Scientists,518000,"Computing Infrastructure Providers, Data Processing, Web Hosting, and Related Services",,2026-06-18,https://careers.wbd.com/job/R000106484
325595,Senior Business Intelligence & Data Analyst - Data Governance,Jobs.tjx.com,TJX,Massachusetts,MA,Framingham,unknown,,,,missing,,not_found,Not specified,missing,15-2051*,Data Scientists*,ok,15-2051.00,Data Scientists,518000,"Computing Infrastructure Providers, Data Processing, Web Hosting, and Related Services",Business Intelligence,2026-06-18,https://jobs.tjx.com/job/REQ122942
328383,"Senior Data Scientist, Audience Analytics for Healthy Communities",Fors Marsh,Fors Marsh,Unknown,US-UNK,,remote,Full Time,92000.0,105000.0,annual_reported,5,parsed_from_text,PhD,parsed_from_text,15-2051,Data Scientists,ok,15-2051.00,Data Scientists,518000,"Computing Infrastructure Providers, Data Processing, Web Hosting, and Related Services",Analytics; Audience Segmentation; Campaign Management,2026-06-17,https://fors-marsh-group.breezy.hr/p/eb3a805398c6-senior-data-scientist-audience-analytics-for-healthy-communities
332587,Senior AI/ML Engineer,Sigma Computing,Sigma Computing,California,CA,San,unknown,Full Time,240000.0,270000.0,annual_reported,10,parsed_from_text,Not specified,missing,41-9012,Models,likely_misclassified,41-9012.00,Models,518000,"Computing Infrastructure Providers, Data Processing, Web Hosting, and Related Services",,2026-06-17,https://www.welcometothejungle.com/en/companies/5q6lZX/jobs/senior-ai-ml-engineer_san-francisco_rru6gdir
332590,Staff AI/ML Engineer,Sigma Computing,Sigma Computing,California,CA,San,unknown,Full Time,240000.0,270000.0,annual_reported,10,parsed_from_text,Not specified,missing,41-9012,Models,likely_misclassified,41-9012.00,Models,518000,"Computing Infrastructure Providers, Data Processing, Web Hosting, and Related Services",,2026-06-17,https://www.welcometothejungle.com/en/companies/5q6lZX/jobs/staff-ai-ml-engineer_san-francisco_ljlr5l2w
332682,Machine Learning Engineer,Handshake,Handshake,California,CA,San,unknown,Full Time,151000.0,189000.0,annual_reported,3,parsed_from_text,Not specified,missing,15-2051,Data Scientists,ok,15-2051.00,Data Scientists,518000,"Computing Infrastructure Providers, Data Processing, Web Hosting, and Related Services",Analytics; Business Metrics,2026-06-17,https://www.welcometothejungle.com/en/companies/rJbVPm/jobs/machine-learning-engineer_san-francisco_ofei25e7
332777,Senior Machine Learning Engineer (Machine Learning / Artificial Intelligence),Lyra Health,Lyra Health,Unknown,US-UNK,,unknown,Full Time,143000.0,197000.0,annual_reported,6,parsed_from_text,Not specified,missing,15-2051,Data Scientists,ok,15-2051.00,Data Scientists,518000,"Computing Infrastructure Providers, Data Processing, Web Hosting, and Related Services",Analytics; Artificial Intelligence; Building Consensus,2026-06-17,https://www.welcometothejungle.com/en/companies/5HjZS5/jobs/senior-machine-learning-engineer-machine-learning-artificial-intelligence_us_ir7vvxbs
333135,Sr. Data Engineer,Caci,Caci,Virginia,VA,Arlington,onsite,Contract,103800.0,218100.0,parsed_from_description_text,7,parsed_from_text,Master's,parsed_from_text,15-2051,Data Scientists,ok,15-2051.00,Data Scientists,518000,"Computing Infrastructure Providers, Data Processing, Web Hosting, and Related Services",Analytics; Artificial Intelligence; Automation; Azure Data Factory; Azure Data Lake; Azure Databricks; Azure Synapse Analytics; Big Data; Business Requirements; Business Success,2026-06-17,https://caci.eightfold.ai/careers/job/1443151044482
334463,"Business Analyst, Data & AI",Hdow.fa.us6.oraclecloud.com,Unknown employer (ATS-hosted posting),New York,NY,,unknown,,,,missing,,not_found,Not specified,missing,13-1111,Management Analysts,ok,13-1111.00,Management Analysts,518000,"Computing Infrastructure Providers, Data Processing, Web Hosting, and Related Services",,2026-06-17,https://hdow.fa.us6.oraclecloud.com/?keyword=&mode=jobs&lang=en&site_number=CX_1#249000
340228,Lead Data Architect,Steampunk,Steampunk,Virginia,VA,McLean,unknown,,,,missing,,not_found,Not specified,missing,,,ok,,Not specified,518000,"Computing Infrastructure Providers, Data Processing, Web Hosting, and Related Services",,2026-06-16,https://careers-steampunk.icims.com/jobs/7840/lead-data-architect/job?in_iframe=1
351418,Senior Staff Analytics Engineer,Flex,Flex,New York,NY,New York,unknown,Full Time,200000.0,240000.0,annual_reported,6,parsed_from_text,Not specified,missing,15-2051,Data Scientists,ok,15-2051.00,Data Scientists,518000,"Computing Infrastructure Providers, Data Processing, Web Hosting, and Related Services",Analytics; Business Requirements,2026-06-15,https://www.welcometothejungle.com/en/companies/A7oHH2/jobs/senior-staff-analytics-engineer_new-york_ar35ogv3
352929,CCBTA Data Architect Senior Associate,Jpmc.fa.oraclecloud.com,Unknown employer (ATS-hosted posting),Ohio,OH,Columbus,unknown,,,,missing,,not_found,Not specified,missing,,,ok,,Not specified,518000,"Computing Infrastructure Providers, Data Processing, Web Hosting, and Related Services",,2026-06-15,https://jpmc.fa.oraclecloud.com/?keyword=&mode=jobs&lang=en&site_number=CX_1001#210756883
358076,Staff Data Scientist (Pricing),GoFundMe,GoFundMe,California,CA,San,unknown,Full Time,179500.0,269500.0,annual_reported,8,parsed_from_text,PhD,parsed_from_text,15-2051,Data Scientists,ok,15-2051.00,Data Scientists,518000,"Computing Infrastructure Providers, Data Processing, Web Hosting, and Related Services",Applied Economics; Applied Research; Behavioral Modeling; Causal Inference,2026-06-14,https://www.welcometothejungle.com/en/companies/iz6A9J/jobs/staff-data-scientist_san-francisco_g3umymgo
358680,Data Engineer - - Denver Tech Center / OVG NY Corporate,Comcastspectacor,Comcastspectacor,Colorado,CO,Denver | Ny New York,unknown,Full Time,,,missing,,not_found,Not specified,missing,15-1243,Database Architects,ok,15-1243.00,Database Architects,518000,"Computing Infrastructure Providers, Data Processing, Web Hosting, and Related Services",,2026-06-13,https://careers-ovg.icims.com/jobs/32073/data-engineer-%7c-full-time-%7c-denver-tech-center---ovg-ny-corporate/job?in_iframe=1
359735,Senior AI/ML Engineer,Sigma Computing,Sigma Computing,New York,NY,New York,unknown,Full Time,240000.0,270000.0,annual_reported,10,parsed_from_text,Not specified,missing,41-9012,Models,likely_misclassified,41-9012.00,Models,518000,"Computing Infrastructure Providers, Data Processing, Web Hosting, and Related Services",,2026-06-13,https://www.welcometothejungle.com/en/companies/5q6lZX/jobs/senior-ai-ml-engineer_new-york_ngm7rcen
359745,Staff AI/ML Engineer,Sigma Computing,Sigma Computing,New York,NY,New York,unknown,Full Time,,,missing,10,parsed_from_text,Not specified,missing,41-9012,Models,likely_misclassified,41-9012.00,Models,518000,"Computing Infrastructure Providers, Data Processing, Web Hosting, and Related Services",,2026-06-13,https://www.welcometothejungle.com/en/companies/5q6lZX/jobs/staff-ai-ml-engineer_new-york_i3ahmkcn
359782,Staff ML Engineer (Audio),Reality Defender,Reality Defender,New York,NY,New York,unknown,Full Time,185000.0,235000.0,annual_reported,2,parsed_from_text,PhD,parsed_from_text,41-9012,Models,likely_misclassified,41-9012.00,Models,518000,"Computing Infrastructure Providers, Data Processing, Web Hosting, and Related Services",Analytics; Benchmarking,2026-06-13,https://www.welcometothejungle.com/en/companies/Uu7gDo/jobs/staff-ml-engineer-audio_new-york_q5qqsnte
359895,Senior Data Engineer,Headway,Headway,Unknown,US-UNK,,unknown,Full Time,180000.0,225000.0,annual_reported,6,parsed_from_text,Not specified,missing,15-1243,Database Architects,ok,15-1243.00,Database Architects,518000,"Computing Infrastructure Providers, Data Processing, Web Hosting, and Related Services",Airflow,2026-06-13,https://www.welcometothejungle.com/en/companies/NUF15B/jobs/senior-data-engineer_washington_twwuxkrg
360735,Data Engineer,Plus-2,Plus-2,California,CA,Santa Clara,unknown,Full Time,135000.0,180000.0,annual_reported,1,parsed_from_text,Not specified,missing,15-1243,Database Architects,ok,15-1243.00,Database Architects,518000,"Computing Infrastructure Providers, Data Processing, Web Hosting, and Related Services",Analytics; Autonomous Vehicles; Big Data,2026-06-12,https://jobs.lever.co/plus-2/083142f4-70ed-40f4-8726-a5f99ea52e36/apply
360885,ML Engineer - Instawork Robotics,Instawork,Instawork,California,CA,San Francisco,onsite,,170000.0,200000.0,parsed_from_description_text,4,parsed_from_text,PhD,parsed_from_text,15-2051,Data Scientists,ok,15-2051.00,Data Scientists,518000,"Computing Infrastructure Providers, Data Processing, Web Hosting, and Related Services",Analytics,2026-06-12,https://job-boards.greenhouse.io/instawork/jobs/4686498006
361182,"Senior Flight Test Data Engineer, Loads",Archer56,Archer56,California,CA,San Jose,unknown,,144000.0,180000.0,parsed_from_description_text,5,parsed_from_text,Master's,parsed_from_text,15-1243,Database Architects,ok,15-1243.00,Database Architects,518000,"Computing Infrastructure Providers, Data Processing, Web Hosting, and Related Services",AFGROW; Abaqus; Aviation; Calculations,2026-06-12,https://job-boards.greenhouse.io/archer56/jobs/7741011003
364918,"Risk Management & Compliance - Data Scientist Lead, Executive Director",Jpmc.fa.oraclecloud.com,Unknown employer (ATS-hosted posting),New Jersey,NJ,Jersey City,unknown,,,,missing,,not_found,Not specified,missing,15-2051,Data Scientists,ok,15-2051.00,Data Scientists,518000,"Computing Infrastructure Providers, Data Processing, Web Hosting, and Related Services",AI Innovation,2026-06-12,https://jpmc.fa.oraclecloud.com/?keyword=&mode=jobs&lang=en&site_number=CX_1001#210678829
371817,Manager of Data Engineering,Justworks,Justworks,New York,NY,New York,unknown,Full Time,205000.0,261500.0,annual_reported,7,parsed_from_text,Not specified,missing,15-1243,Database Architects,ok,15-1243.00,Database Architects,518000,"Computing Infrastructure Providers, Data Processing, Web Hosting, and Related Services",Airflow; Analytics; Business Operations,2026-06-11,https://www.welcometothejungle.com/en/companies/Jjvjck/jobs/manager-of-data-engineering_new-york_k4imhigd
371843,Data Scientist (Production Engineering),Cordial,Cordial,Unknown,US-UNK,,remote,Full Time,140000.0,175000.0,annual_reported,3,parsed_from_text,Not specified,missing,15-2051,Data Scientists,ok,15-2051.00,Data Scientists,518000,"Computing Infrastructure Providers, Data Processing, Web Hosting, and Related Services",Airflow; Analytics; Big Data; BigQuery,2026-06-11,https://www.welcometothejungle.com/en/companies/kgovJw/jobs/data-scientist-production-engineering_us_sr7j3yyu
374641,Data Scientist III- Human Capital Data and Analytics Enablement,Careers.truist.com,Truist,North Carolina,NC,Charlotte,unknown,,,,missing,,not_found,Not specified,missing,15-2051,Data Scientists,ok,15-2051.00,Data Scientists,518000,"Computing Infrastructure Providers, Data Processing, Web Hosting, and Related Services",Analytics,2026-06-11,https://careers.truist.com/job/R0113595
375944,Senior Business Intelligence Analyst (Payments Strategy),Ottimate,Ottimate,Unknown,US-UNK,,remote,"Full Time, Contract",,,missing,4,parsed_from_text,Not specified,missing,13-1111,Management Analysts,ok,13-1111.00,Management Analysts,518000,"Computing Infrastructure Providers, Data Processing, Web Hosting, and Related Services",Accounts Payable; Artificial Intelligence; Automation; Behavioral Modeling; Business Intelligence,2026-06-11,https://apply.workable.com/j/F2CBC7E01E/apply
374086,Business Data Analyst II,Careers.dhl.com,DHL,Ohio,OH,Westerville,unknown,,55000.0,90000.0,parsed_from_description_text,,not_found,Not specified,missing,15-2051*,Data Scientists*,ok,15-2051.01,Business Intelligence Analysts,518000,"Computing Infrastructure Providers, Data Processing, Web Hosting, and Related Services",,2026-06-11,https://careers.dhl.com/job/11043312
374085,Sr Business Data Analyst,Careers.dhl.com,DHL,Ohio,OH,Westerville,unknown,,70000.0,115000.0,parsed_from_description_text,,not_found,Not specified,missing,15-2051*,Data Scientists*,ok,15-2051.01,Business Intelligence Analysts,518000,"Computing Infrastructure Providers, Data Processing, Web Hosting, and Related Services",,2026-06-11,https://careers.dhl.com/job/11043295
375999,Senior Staff Data Engineer - Data Stewardship,Airbnb,Airbnb,Unknown,US-UNK,,remote,Contract,,,missing,12,parsed_from_text,Not specified,missing,15-1243,Database Architects,ok,15-1243.00,Database Architects,518000,"Computing Infrastructure Providers, Data Processing, Web Hosting, and Related Services",Analytics,2026-06-10,https://careers.airbnb.com/positions/7998356?gh_jid=7998356
376985,Senior Machine Learning Engineer - Perception Detection and Tracking,Zoox,Zoox,California,CA,Foster City,unknown,Full Time,214000.0,290000.0,annual_reported,,not_found,Not specified,missing,15-2051,Data Scientists,ok,15-2051.00,Data Scientists,518000,"Computing Infrastructure Providers, Data Processing, Web Hosting, and Related Services",Algorithms,2026-06-10,https://jobs.lever.co/zoox/9c04f9c6-1579-413b-9f07-52e4e24f2289/apply
377234,Enterprise Infrastructure Software Data Engineer,Peraton,Peraton,Maryland,MD,Laurel,unknown,Full Time,,,missing,,not_found,Not specified,missing,15-1243,Database Architects,ok,15-1243.00,Database Architects,518000,"Computing Infrastructure Providers, Data Processing, Web Hosting, and Related Services",,2026-06-10,https://careers-peraton.icims.com/jobs/167386/enterprise-infrastructure-software-data-engineer/job?in_iframe=1
377688,Data Engineer - Databricks,Steampunk,Steampunk,Virginia,VA,McLean,unknown,,,,missing,,not_found,Not specified,missing,15-1243,Database Architects,ok,15-1243.00,Database Architects,518000,"Computing Infrastructure Providers, Data Processing, Web Hosting, and Related Services",,2026-06-10,https://careers-steampunk.icims.com/jobs/7827/data-engineer---databricks/job?in_iframe=1
377798,"Senior Machine Learning Engineer, Search & Recommendations",Instacart,Instacart,Unknown,US-UNK,Bc,remote,,,,missing,4,parsed_from_text,PhD,parsed_from_text,15-2051,Data Scientists,ok,15-2051.00,Data Scientists,518000,"Computing Infrastructure Providers, Data Processing, Web Hosting, and Related Services",A/B Testing; AI Innovation; Analytical Skills; Calibration; Causal Inference,2026-06-10,https://instacart.careers/job/?gh_jid=7996528
380178,Data Scientist Multiple Positions Available,Jpmc.fa.oraclecloud.com,Unknown employer (ATS-hosted posting),New Jersey,NJ,Jersey City,unknown,,,,missing,,not_found,Not specified,missing,15-2051,Data Scientists,ok,15-2051.00,Data Scientists,518000,"Computing Infrastructure Providers, Data Processing, Web Hosting, and Related Services",,2026-06-10,https://jpmc.fa.oraclecloud.com/?keyword=&mode=jobs&lang=en&site_number=CX_1001#210751924
381805,Data Scientist II,Careers.truist.com,Truist,Georgia,GA,Atlanta,unknown,,,,missing,,not_found,Not specified,missing,15-2051,Data Scientists,ok,15-2051.00,Data Scientists,518000,"Computing Infrastructure Providers, Data Processing, Web Hosting, and Related Services",Analytics,2026-06-10,https://careers.truist.com/job/R0114358
381660,"Manager, Platform Engineering - Big Data Engineering",Careers.mastercard.com,Mastercard,Missouri,MO,O Fallon,unknown,,,,missing,,not_found,Not specified,missing,15-1243,Database Architects,ok,15-1243.00,Database Architects,518000,"Computing Infrastructure Providers, Data Processing, Web Hosting, and Related Services",Big Data,2026-06-10,https://careers.mastercard.com/job/R-278856
382908,Data Engineer,Pavago,Pavago,Unknown,US-UNK,,remote,Full Time,,,missing,3,parsed_from_text,Not specified,missing,15-1243,Database Architects,ok,15-1243.00,Database Architects,518000,"Computing Infrastructure Providers, Data Processing, Web Hosting, and Related Services",AWS Glue; Airflow; Analytical Thinking; Analytics; Anomaly Detection; Automation; Azure Data Factory; BigQuery; Business Intelligence; Business Requirements,2026-06-10,https://apply.workable.com/j/840B07360B/apply
382779,Senior Data Engineer,Medical-Guardian,Medical-Guardian,Pennsylvania,PA,Philadelphia,hybrid,Full Time,,,missing,6,parsed_from_text,Master's,parsed_from_text,15-1243,Database Architects,ok,15-1243.00,Database Architects,518000,"Computing Infrastructure Providers, Data Processing, Web Hosting, and Related Services",Analytics; Azure Cloud Services; Azure Databricks; Azure Event Hubs; Big Data,2026-06-10,https://apply.workable.com/j/422F313B21/apply
381667,Senior Data Engineer,Careers.mastercard.com,Mastercard,Virginia,VA,Arlington,hybrid,,,,missing,,not_found,Not specified,missing,15-1243,Database Architects,ok,15-1243.00,Database Architects,518000,"Computing Infrastructure Providers, Data Processing, Web Hosting, and Related Services",,2026-06-10,https://careers.mastercard.com/job/R-280130
383240,Staff AI/ML Engineer,Sigmacomputing,Sigmacomputing,California,CA,San Francisco,unknown,Full Time,,,missing,10,parsed_from_text,Not specified,missing,15-2051,Data Scientists,ok,15-2051.00,Data Scientists,518000,"Computing Infrastructure Providers, Data Processing, Web Hosting, and Related Services",Analytics; Artificial Intelligence,2026-06-09,https://job-boards.greenhouse.io/sigmacomputing/jobs/7767730003
383242,Senior AI/ML Engineer,Sigmacomputing,Sigmacomputing,California,CA,San Francisco,unknown,Full Time,,,missing,10,parsed_from_text,Not specified,missing,15-2051,Data Scientists,ok,15-2051.00,Data Scientists,518000,"Computing Infrastructure Providers, Data Processing, Web Hosting, and Related Services",Analytics; Artificial Intelligence,2026-06-09,https://job-boards.greenhouse.io/sigmacomputing/jobs/7767727003
390747,"Sr. Business Analyst, Valuation & Forecasting",Careers.wexinc.com,Wexinc,Maine,ME,Remote,remote,,,,missing,,not_found,Not specified,missing,13-1111,Management Analysts,ok,13-1111.00,Management Analysts,518000,"Computing Infrastructure Providers, Data Processing, Web Hosting, and Related Services",,2026-06-09,https://careers.wexinc.com/job/R22093
390739,Data Engineer Senior - Data Products Organization (Cloudera Hadoop),Careers.pnc.com,PNC,Texas,TX,Farmers Branch,unknown,,,,missing,,not_found,Not specified,missing,15-1243,Database Architects,ok,15-1243.00,Database Architects,518000,"Computing Infrastructure Providers, Data Processing, Web Hosting, and Related Services",Analytics,2026-06-09,https://careers.pnc.com/job/R218989
391186,Data Scientist (Payments Risk Analytics),Nuvei,Nuvei,Unknown,US-UNK,,remote,,,,missing,3,parsed_from_text,Not specified,missing,15-2051,Data Scientists,ok,15-2051.00,Data Scientists,518000,"Computing Infrastructure Providers, Data Processing, Web Hosting, and Related Services",Analytics; Automation; Banking,2026-06-09,https://apply.workable.com/j/34C7A2D4A3/apply
388212,Data Scientist Lead - Payments,Jpmc.fa.oraclecloud.com,Unknown employer (ATS-hosted posting),New York,NY,New York,unknown,,,,missing,,not_found,Not specified,missing,15-2051,Data Scientists,ok,15-2051.00,Data Scientists,518000,"Computing Infrastructure Providers, Data Processing, Web Hosting, and Related Services",Analytics,2026-06-09,https://jpmc.fa.oraclecloud.com/?keyword=&mode=jobs&lang=en&site_number=CX_1001#210756307
388585,"Architect, Applied Scientist (Reasoning Platform, AI Lead)",Eeho.fa.us2.oraclecloud.com,Unknown employer (ATS-hosted posting),Unknown,US-UNK,,unknown,,,,missing,,not_found,Not specified,missing,15-2051,Data Scientists,ok,15-2051.00,Data Scientists,518000,"Computing Infrastructure Providers, Data Processing, Web Hosting, and Related Services",Algorithms; Applied Research,2026-06-09,https://eeho.fa.us2.oraclecloud.com/?keyword=&mode=jobs&lang=en&site_number=CX_1#301382
390731,Fraud Sr. Data Scientist,Careers.wexinc.com,Wexinc,Maine,ME,Remote,remote,,,,missing,,not_found,Not specified,missing,15-2051,Data Scientists,ok,15-2051.00,Data Scientists,518000,"Computing Infrastructure Providers, Data Processing, Web Hosting, and Related Services",,2026-06-09,https://careers.wexinc.com/job/R21323
391839,Senior Data Engineer,Videoamp,Videoamp,Unknown,US-UNK,,unknown,,,,missing,5,parsed_from_text,Not specified,missing,15-1243,Database Architects,ok,15-1243.00,Database Architects,518000,"Computing Infrastructure Providers, Data Processing, Web Hosting, and Related Services",Airflow; Bazel; Big Data,2026-06-08,http://videoamp.com/job?gh_jid=8582953002
392884,"Machine Learning Engineer III, Search Relevance",Boxinc,Boxinc,California,CA,Redwood City,hybrid,,,,missing,3,parsed_from_text,Not specified,missing,15-2051,Data Scientists,ok,15-2051.00,Data Scientists,518000,"Computing Infrastructure Providers, Data Processing, Web Hosting, and Related Services",,2026-06-08,https://job-boards.greenhouse.io/boxinc/jobs/7926448
392917,Senior AI/ML Engineer,Chime,Chime,New York,NY,New York,hybrid,Full Time,,,missing,,not_found,Not specified,missing,41-9012,Models,likely_misclassified,41-9012.00,Models,518000,"Computing Infrastructure Providers, Data Processing, Web Hosting, and Related Services",Airflow; Banking; Banking Services,2026-06-08,https://boards.greenhouse.io/chime/jobs/8569366002?gh_jid=8569366002
396240,Cloud Data Engineer,Careers.hpe.com,HPE,California,CA,San Jose,unknown,,,,missing,,not_found,Not specified,missing,15-1243,Database Architects,ok,15-1243.00,Database Architects,518000,"Computing Infrastructure Providers, Data Processing, Web Hosting, and Related Services",Automation,2026-06-08,https://careers.hpe.com/job/1204339
396382,Data Scientist Sr Lead,Careers.fisglobal.com,Fisglobal,Georgia,GA,Atlanta,unknown,,,,missing,,not_found,Not specified,missing,15-2051,Data Scientists,ok,15-2051.00,Data Scientists,518000,"Computing Infrastructure Providers, Data Processing, Web Hosting, and Related Services",Analytics; Big Data,2026-06-08,https://careers.fisglobal.com/job/JR0307126
396771,Senior Staff Data Engineer (Ad Tech Team - AWS experience required),Careers.wbd.com,WBD,New York,NY,New York,unknown,,,,missing,,not_found,Not specified,missing,15-1243,Database Architects,ok,15-1243.00,Database Architects,518000,"Computing Infrastructure Providers, Data Processing, Web Hosting, and Related Services",,2026-06-08,https://careers.wbd.com/job/R000105252
397588,Fraud Data Scientist (Card Transactions),Careers.pnc.com,PNC,Alabama,AL,Birmingham,unknown,,,,missing,,not_found,Not specified,missing,15-2051,Data Scientists,ok,15-2051.00,Data Scientists,518000,"Computing Infrastructure Providers, Data Processing, Web Hosting, and Related Services",Analytics,2026-06-08,https://careers.pnc.com/job/R203038
396770,Senior Staff Data Engineer (Ad Tech Team - AWS experience required),Careers.wbd.com,WBD,Georgia,GA,Atlanta,unknown,,,,missing,,not_found,Not specified,missing,15-1243,Database Architects,ok,15-1243.00,Database Architects,518000,"Computing Infrastructure Providers, Data Processing, Web Hosting, and Related Services",,2026-06-08,https://careers.wbd.com/job/R000105251
196207,Data Analyst / Business Analyst,Piper Companies,Piper Companies,Maryland,MD,Columbia,hybrid,"Full Time, Contract",,,missing,,not_found,Not specified,missing,13-1111,Management Analysts,ok,13-1111.00,Management Analysts,518000,"Computing Infrastructure Providers, Data Processing, Web Hosting, and Related Services",Analytics; Automation; Azure Data Factory; Business Analysis; Business Intelligence,2026-06-06,
85183,"Data Analyst, Payer Intelligence",Aspirion,Aspirion,Unknown,US-UNK,Georgia,unknown,Full Time,85000.0,95000.0,annual_reported,3,parsed_from_text,Not specified,missing,49-9096,Riggers,likely_misclassified,49-9096.00,Riggers,518000,"Computing Infrastructure Providers, Data Processing, Web Hosting, and Related Services",Appeals; Auditing; Automation; Business Transformation; Case Management,2026-06-05,https://recruiting.paylocity.com/Recruiting/Jobs/Details/4224216
98493,Data Analyst,SkyePoint Decisions,SkyePoint Decisions,Unknown,US-UNK,Virginia,hybrid,Contract,100000.0,124000.0,annual_reported,9,parsed_from_text,PhD,parsed_from_text,15-1212,Information Security Analysts,ok,15-1212.00,Information Security Analysts,518000,"Computing Infrastructure Providers, Data Processing, Web Hosting, and Related Services",Accountability; Ad Hoc Reporting; Analytics; Anomaly Detection,2026-06-05,https://job-boards.greenhouse.io/skyepointdecisionsinc/jobs/4274588009
102895,Principal Machine Learning Engineer,Armis Security,Armis Security,Unknown,US-UNK,New York,remote,Full Time,184000.0,250000.0,annual_reported,,not_found,Master's,parsed_from_text,15-2051,Data Scientists,ok,15-2051.00,Data Scientists,518000,"Computing Infrastructure Providers, Data Processing, Web Hosting, and Related Services",,2026-06-05,https://job-boards.greenhouse.io/armissecurity/jobs/5995287004
153849,"Senior Data Engineer, Proprietary Research",Point72,Point72,Unknown,US-UNK,New York,unknown,Full Time,250000.0,300000.0,annual_reported,5,parsed_from_text,Not specified,missing,15-1243,Database Architects,ok,15-1243.00,Database Architects,518000,"Computing Infrastructure Providers, Data Processing, Web Hosting, and Related Services",Adaptability; Asset Classes; Big Data,2026-06-05,https://boards.greenhouse.io/point72/jobs/7769261002?gh_jid=7769261002
153836,"Data Engineer, Technology",Point72,Point72,Unknown,US-UNK,,unknown,Full Time,180000.0,225000.0,annual_reported,3,parsed_from_text,Not specified,missing,15-1243,Database Architects,ok,15-1243.00,Database Architects,518000,"Computing Infrastructure Providers, Data Processing, Web Hosting, and Related Services",Access Controls; Agile Methodology; Airflow; Asset Classes; Auditing; Automation,2026-06-05,https://boards.greenhouse.io/point72/jobs/7992718002?gh_jid=7992718002
153880,"Data Engineer, Proprietary Research",Point72,Point72,Unknown,US-UNK,New York,unknown,Full Time,160000.0,220000.0,annual_reported,3,parsed_from_text,Not specified,missing,15-1243,Database Architects,ok,15-1243.00,Database Architects,518000,"Computing Infrastructure Providers, Data Processing, Web Hosting, and Related Services",Adaptability; Asset Classes; Big Data,2026-06-05,https://boards.greenhouse.io/point72/jobs/7667745002?gh_jid=7667745002
207464,"Senior Applied Scientist, Amazon Shopping Personalization",Amazon,Amazon,New York,NY,New York,unknown,Full Time,,,missing,3,parsed_from_text,PhD,parsed_from_text,11-2021,Marketing Managers,likely_misclassified,11-2021.00,Marketing Managers,518000,"Computing Infrastructure Providers, Data Processing, Web Hosting, and Related Services",Analytical Techniques; Applied Research; Big Data,2026-06-05,
216181,Staff Software Engineer (Data Engineering),Airbnb,Airbnb,Unknown,US-UNK,,unknown,Full Time,204000.0,255000.0,annual_reported,,not_found,Not specified,missing,15-2051,Data Scientists,ok,15-2051.00,Data Scientists,518000,"Computing Infrastructure Providers, Data Processing, Web Hosting, and Related Services",Analytics; BigQuery; Business Decisions; Business Requirements,2026-06-05,https://careers.airbnb.com/positions/7095225?gh_jid=7095225
216798,Power BI Data Architect,Jobs via Dice,Unknown employer (job board aggregator listing),Pennsylvania,PA,Wayne,unknown,Full Time,,,missing,8,parsed_from_text,Not specified,missing,15-1243,Database Architects,ok,15-1243.00,Database Architects,518000,"Computing Infrastructure Providers, Data Processing, Web Hosting, and Related Services",Amazon Redshift; Analytics; Azure DevOps,2026-06-05,
403147,Lead Data Scientist,Egud.fa.us2.oraclecloud.com,Unknown employer (ATS-hosted posting),Tennessee,TN,Memphis,unknown,,,,missing,,not_found,Not specified,missing,15-2051,Data Scientists,ok,15-2051.00,Data Scientists,518000,"Computing Infrastructure Providers, Data Processing, Web Hosting, and Related Services",,2026-06-05,https://egud.fa.us2.oraclecloud.com/?keyword=&mode=jobs&lang=en&site_number=CX_1#110754
405559,Data Architect Sr,Careers.pnc.com,PNC,Pennsylvania,PA,Pittsburgh,unknown,,,,missing,,not_found,Not specified,missing,,,ok,,Not specified,518000,"Computing Infrastructure Providers, Data Processing, Web Hosting, and Related Services",,2026-06-05,https://careers.pnc.com/job/R223496
183616,"Senior Machine Learning Engineer (Research Scientist, DFAI)",Plaid,Plaid,Unknown,US-UNK,,remote,Full Time,229000.0,315400.0,annual_reported,3,parsed_from_text,PhD,parsed_from_text,15-2051,Data Scientists,ok,15-2051.00,Data Scientists,518000,"Computing Infrastructure Providers, Data Processing, Web Hosting, and Related Services",Applied Research,2026-06-05,https://jobs.ashbyhq.com/plaid/562fcec7-69f5-47a1-a581-294542b05fb4
183673,Agentic AI Machine Learning Engineer,Jobs via Dice,Unknown employer (job board aggregator listing),District of Columbia,DC,Washington,hybrid,"Full Time, Part Time, Contract",,,missing,3,parsed_from_text,Master's,parsed_from_text,15-2051,Data Scientists,ok,15-2051.00,Data Scientists,518000,"Computing Infrastructure Providers, Data Processing, Web Hosting, and Related Services",Agentic AI; Artificial Intelligence; Automation; Biometrics,2026-06-05,
167555,AI / ML Engineer,Jobgether,Jobgether,Unknown,US-UNK,,remote,Full Time,115000.0,145000.0,annual_reported,7,parsed_from_text,PhD,parsed_from_text,15-2051,Data Scientists,ok,15-2051.00,Data Scientists,518000,"Computing Infrastructure Providers, Data Processing, Web Hosting, and Related Services",Agentic AI; AutoGen,2026-06-05,https://jobs.lever.co/jobgether/b9ab4b03-2894-4b36-80f3-1c735c25eea1
173959,Sr. Staff Machine Learning Engineer,Jobgether,Jobgether,Unknown,US-UNK,,remote,Full Time,,,missing,6,parsed_from_text,PhD,parsed_from_text,15-2051,Data Scientists,ok,15-2051.00,Data Scientists,518000,"Computing Infrastructure Providers, Data Processing, Web Hosting, and Related Services",Amazon Web Services; Analytical Thinking; Apache Spark; Business Requirements,2026-06-05,https://jobs.lever.co/jobgether/a006e917-752e-41e2-9e0c-2b648e9dc9fd
205257,Senior Data Engineer (.NET / Azure),Symhas,Symhas,Texas,TX,Dallas,onsite,Contract,,,missing,5,parsed_from_text,Not specified,missing,15-1243,Database Architects,ok,15-1243.00,Database Architects,518000,"Computing Infrastructure Providers, Data Processing, Web Hosting, and Related Services",Analytics; Apache Atlas; Azure Data Factory; Azure Databricks; Azure DevOps; Azure Event Hubs; Azure Synapse Analytics,2026-06-05,https://100hires.com/j/TiTdDZk
197038,Business Analyst 3 - BA 26-06698,NavitasPartners,NavitasPartners,Texas,TX,Georgetown,hybrid,Contract,,,missing,8,parsed_from_text,Not specified,missing,13-1111,Management Analysts,ok,13-1111.00,Management Analysts,518000,"Computing Infrastructure Providers, Data Processing, Web Hosting, and Related Services",Application Development; Batch Processing; Behavioral Health; Business Analysis; Business Process; Business Process Reengineering; Business Systems,2026-06-05,https://navitasp.talentnest.com/en/posting/236955/location/283960?source=indeed
193805,Principal Machine Learning Engineer,General Motors,General Motors,California,CA,Sunnyvale,unknown,Full Time,296300.0,453200.0,parsed_from_description_text,8,parsed_from_text,Not specified,missing,15-2051,Data Scientists,ok,15-2051.00,Data Scientists,518000,"Computing Infrastructure Providers, Data Processing, Web Hosting, and Related Services",,2026-06-05,
205370,Senior Google Cloud Platform Data Engineer(final round in person),Jobs via Dice,Unknown employer (job board aggregator listing),North Carolina,NC,Charlotte,hybrid,Contract,,,missing,8,parsed_from_text,Not specified,missing,15-1243,Database Architects,ok,15-1243.00,Database Architects,518000,"Computing Infrastructure Providers, Data Processing, Web Hosting, and Related Services",Advanced Analytics; Analytics; Banking; BigQuery,2026-06-05,
207296,"AI/ML + Data Architect ( Snowflake, ETL, AWS and AI/ML)",Oremda Infotech Inc,Oremda Infotech Inc,California,CA,Torrance,onsite,Contract,,,missing,,not_found,Not specified,missing,15-1243,Database Architects,ok,15-1243.00,Database Architects,518000,"Computing Infrastructure Providers, Data Processing, Web Hosting, and Related Services",AWS Certified Solutions Architect; AWS CloudFormation; Analytics; Apache Spark; Artificial Intelligence; Automation; Business Intelligence,2026-06-05,
216122,Lead Data Engineer,AIR Communities,AIR Communities,Unknown,US-UNK,CO,onsite,Full Time,135000.0,135000.0,annual_reported,14,parsed_from_text,Not specified,missing,15-2051,Data Scientists,ok,15-2051.00,Data Scientists,518000,"Computing Infrastructure Providers, Data Processing, Web Hosting, and Related Services",Adaptability; Analytics; Automation; Business Objectives,2026-06-05,https://jobs.smartrecruiters.com/AIRCommunities/744000130592834-lead-data-engineer
216082,Senior Data Engineer – Remote,Vytwo,Vytwo,Unknown,US-UNK,,remote,Temporary,114400.0,124800.0,hourly_converted,7,parsed_from_text,Not specified,missing,15-1243,Database Architects,ok,15-1243.00,Database Architects,518000,"Computing Infrastructure Providers, Data Processing, Web Hosting, and Related Services",Airflow; Analytics; Apache Airflow; Automation,2026-06-05,https://vytwo-technologies.careerplug.com/j/030ab3j
215803,Senior Data Analyst,"MIG Real Estate Services, LLC","MIG Real Estate Services, LLC",Unknown,US-UNK,,unknown,,,,missing,4,parsed_from_text,Bachelor's,parsed_from_text,15-1243,Database Architects,ok,15-1243.00,Database Architects,518000,"Computing Infrastructure Providers, Data Processing, Web Hosting, and Related Services",Accounting; Analytics; Asset Management; Automation; Business Acumen; Business Requirements,2026-06-05,https://recruiting.paylocity.com/Recruiting/Jobs/Details/4229211/MIG-Real-Estate-Services-LLC/Senior-Data-Analyst?source=Indeed_Feed
215725,Data Scientist Associate - Corporate & Investment Banking,JPMC Candidate Experience page,JPMC Candidate Experience page,Unknown,US-UNK,NY,unknown,Full Time,,,missing,2,parsed_from_text,Not specified,missing,15-2051,Data Scientists,ok,15-2051.00,Data Scientists,518000,"Computing Infrastructure Providers, Data Processing, Web Hosting, and Related Services",Amazon Web Services; Analytics; Application Development; Artificial Intelligence; Automation; Banking,2026-06-05,https://jpmc.fa.oraclecloud.com/hcmUI/CandidateExperience/en/sites/CX_1001/job/210748962
193773,Machine Learning Engineer,Scale.jobs,Scale.jobs,Texas,TX,Dallas,unknown,Full Time,,,missing,4,parsed_from_text,PhD,parsed_from_text,15-2051,Data Scientists,ok,15-2051.00,Data Scientists,518000,"Computing Infrastructure Providers, Data Processing, Web Hosting, and Related Services",Airflow,2026-06-05,
196934,BUSINESS ANALYST,Peraton,Peraton,Virginia,VA,Herndon,remote,Contract,51000.0,82000.0,annual_reported,2,parsed_from_text,Not specified,missing,13-1111,Management Analysts,ok,13-1111.00,Management Analysts,518000,"Computing Infrastructure Providers, Data Processing, Web Hosting, and Related Services",Analytics,2026-06-05,https://www.careers.peraton.com/jobs/business-analyst-herndon-virginia-167434-jobs--consulting--
216753,Lead Data Engineer,Qcells North America,Qcells North America,California,CA,San Francisco,unknown,Full Time,160000.0,220000.0,annual_reported,10,parsed_from_text,Not specified,missing,15-1243,Database Architects,ok,15-1243.00,Database Architects,518000,"Computing Infrastructure Providers, Data Processing, Web Hosting, and Related Services",Agility; Analytics; Automation,2026-06-05,
216921,MEDICARE DATA ANALYST,Executive Staffing Solutions,Executive Staffing Solutions,Florida,FL,Doral,unknown,Full Time,,,missing,,not_found,Not specified,missing,15-2051,Data Scientists,ok,15-2051.00,Data Scientists,518000,"Computing Infrastructure Providers, Data Processing, Web Hosting, and Related Services",Analytics,2026-06-05,
216895,Big Data Engineer-Hybrid-Full time,Jobs via Dice,Unknown employer (job board aggregator listing),Texas,TX,Dallas,hybrid,Full Time,,,missing,6,parsed_from_text,Not specified,missing,15-1243,Database Architects,ok,15-1243.00,Database Architects,518000,"Computing Infrastructure Providers, Data Processing, Web Hosting, and Related Services",Automation; Big Data; Business Requirements,2026-06-05,
216867,Data Engineer,D&G Solutions,D&G Solutions,Virginia,VA,Fort Belvoir,hybrid,Full Time,125000.0,150000.0,annual_reported,5,parsed_from_text,Not specified,missing,15-1243,Database Architects,ok,15-1243.00,Database Architects,518000,"Computing Infrastructure Providers, Data Processing, Web Hosting, and Related Services",Accountability; Advanced Analytics; Analytics; Applied Research,2026-06-05,
216897,Nuclear Data Scientist,Idaho National Laboratory,Idaho National Laboratory,Idaho,ID,Idaho Falls,unknown,Full Time,,,missing,2,parsed_from_text,PhD,parsed_from_text,15-2051,Data Scientists,ok,15-2051.00,Data Scientists,518000,"Computing Infrastructure Providers, Data Processing, Web Hosting, and Related Services",3D Visualization; Analytical Techniques; Analytics; Artificial Intelligence; Batch Scripting,2026-06-05,
80314,Business Analyst,VigorCare Pediatric Services,VigorCare Pediatric Services,Unknown,US-UNK,Indiana,unknown,Full Time,,,missing,3,parsed_from_text,Bachelor's,parsed_from_text,13-1111,Management Analysts,ok,13-1111.00,Management Analysts,518000,"Computing Infrastructure Providers, Data Processing, Web Hosting, and Related Services",Business Administration; Business Analysis,2026-06-04,https://careers-page.com/vigorcare-pediatric-services/job/X9YX49VR
197266,Business Analyst,Global Lending Services,Global Lending Services,South Carolina,SC,Greenville,unknown,Full Time,,,missing,,not_found,Not specified,missing,13-1111,Management Analysts,ok,13-1111.00,Management Analysts,518000,"Computing Infrastructure Providers, Data Processing, Web Hosting, and Related Services",Analytics; Business Acumen; Business Decisions,2026-06-04,https://jobs.lever.co/glsllc/8420fe15-1b6e-4387-9571-1c5eb01190ea?lever-source=Indeed
204793,"AI/ML + Data Architect ( Snowflake, ETL, AWS and AI/ML)",Centraprise,Centraprise,California,CA,Torrance,onsite,Full Time,130000.0,140000.0,annual_reported,,not_found,Not specified,missing,15-1243,Database Architects,ok,15-1243.00,Database Architects,518000,"Computing Infrastructure Providers, Data Processing, Web Hosting, and Related Services",AWS Certified Solutions Architect; AWS CloudFormation; Analytics; Apache Spark; Artificial Intelligence; Automation; Business Intelligence,2026-06-04,
200149,Senior Quantitative Data Analyst,Cboe Global Markets,Cboe Global Markets,Illinois,IL,Chicago,onsite,Full Time,,,missing,8,parsed_from_text,Not specified,missing,15-2051,Data Scientists,ok,15-2051.00,Data Scientists,518000,"Computing Infrastructure Providers, Data Processing, Web Hosting, and Related Services",Analytical Skills; Analytics; Anomaly Detection; Career Development,2026-06-04,
210660,Senior Data Engineer,Zenox Global,Zenox Global,Unknown,US-UNK,,remote,Contract,135200.0,145600.0,hourly_converted,5,parsed_from_text,Not specified,missing,15-1243,Database Architects,ok,15-1243.00,Database Architects,518000,"Computing Infrastructure Providers, Data Processing, Web Hosting, and Related Services",AWS Certified Solutions Architect; AWS Glue; AWS Lambda; Amazon Athena; Amazon DynamoDB; Amazon Redshift; Amazon S3; Analytical Skills; Analytics; Apache Iceberg,2026-06-04,
72337,Gen AI/ ML Engineer,Jobs via Dice,Unknown employer (job board aggregator listing),Georgia,GA,Atlanta,hybrid,Full Time,,,missing,,not_found,Not specified,missing,15-1243,Database Architects,ok,15-1243.00,Database Architects,518000,"Computing Infrastructure Providers, Data Processing, Web Hosting, and Related Services",AWS SageMaker; Azure Data Lake,2026-06-04,
215251,Staff Data Engineer,JobNimbus,JobNimbus,Unknown,US-UNK,UT,unknown,Full Time,,,missing,8,parsed_from_text,Not specified,missing,15-1243,Database Architects,ok,15-1243.00,Database Architects,518000,"Computing Infrastructure Providers, Data Processing, Web Hosting, and Related Services",AWS Big Data; Agentic AI; Analytics; Apache Spark; Automation; Big Data,2026-06-04,https://jobnimbus.applytojob.com/apply/lAMII79lJV/Staff-Data-Engineer
62967,Google Cloud Platform Data Architect -Chaska (MN) - Primary/ Aurora (IL) or Bradford (MA),Jobs via Dice,Unknown employer (job board aggregator listing),Illinois,IL,Aurora,hybrid,Contract,,,missing,15,parsed_from_text,Not specified,missing,15-1243,Database Architects,ok,15-1243.00,Database Architects,518000,"Computing Infrastructure Providers, Data Processing, Web Hosting, and Related Services",Airflow; Apache Airflow; BigQuery; Business Requirements,2026-06-04,
204699,AWS Data Architect with Salesforce and Tableau,EROS Technologies Inc,EROS Technologies Inc,California,CA,Alameda,unknown,Contract,,,missing,15,parsed_from_text,Not specified,missing,15-1243,Database Architects,ok,15-1243.00,Database Architects,518000,"Computing Infrastructure Providers, Data Processing, Web Hosting, and Related Services",AWS Glue; Amazon S3; Analytical Thinking; Analytics; Business Requirements,2026-06-04,
205968,AWS Data Architect,Newnovation Solutions,Newnovation Solutions,California,CA,Alameda,onsite,Full Time,200000.0,220000.0,annual_reported,10,parsed_from_text,Not specified,missing,15-1243,Database Architects,ok,15-1243.00,Database Architects,518000,"Computing Infrastructure Providers, Data Processing, Web Hosting, and Related Services",Analytics,2026-06-04,
410938,Business Data Analyst I,Careers.dhl.com,DHL,Pennsylvania,PA,Mechanicsburg,unknown,,70000.0,115000.0,parsed_from_description_text,,not_found,Not specified,missing,15-2051*,Data Scientists*,ok,15-2051.01,Business Intelligence Analysts,518000,"Computing Infrastructure Providers, Data Processing, Web Hosting, and Related Services",,2026-06-04,https://careers.dhl.com/job/11036219
215547,Data Engineer,J5 Consulting,J5 Consulting,Unknown,US-UNK,VA,onsite,Full Time,,,missing,,not_found,Not specified,missing,15-1243,Database Architects,ok,15-1243.00,Database Architects,518000,"Computing Infrastructure Providers, Data Processing, Web Hosting, and Related Services",Airflow; Analytics; Apache Iceberg; Apache Ranger; Apache Spark; Apache Superset; Automation,2026-06-04,https://j5holdingscorporation.applytojob.com/apply/yqpBWblBiy/Data-Engineer
206002,Senior AWS Data Engineer,Cognizant,Cognizant,North Carolina,NC,Charlotte,unknown,Full Time,108000.0,123000.0,annual_reported,,not_found,Not specified,missing,15-1243,Database Architects,ok,15-1243.00,Database Architects,518000,"Computing Infrastructure Providers, Data Processing, Web Hosting, and Related Services",AWS Kinesis; Advanced Analytics; Airflow; Amazon S3; Analytics; Artificial Intelligence; Business Decisions; Business Requirements,2026-06-04,https://careers.cognizant.com/global-en/jobs/00068389832/senior-aws-data-engineer/
205999,"Lead Data Engineer - Cloud, GCS, Data Lake (Banking – Irving, TX, Hybrid)",Motion Recruitment,Motion Recruitment,Texas,TX,Irving,hybrid,Contract,,,missing,7,parsed_from_text,Not specified,missing,15-1243,Database Architects,ok,15-1243.00,Database Architects,518000,"Computing Infrastructure Providers, Data Processing, Web Hosting, and Related Services",Access Controls; Analytics; Automation; Azure Data Lake; Banking; BigQuery,2026-06-04,
216577,"Senior Data Engineer, GTM",Google,Google,California,CA,Irvine,unknown,Full Time,156000.0,227000.0,annual_reported,5,parsed_from_text,Bachelor's,parsed_from_text,15-1243,Database Architects,ok,15-1243.00,Database Architects,518000,"Computing Infrastructure Providers, Data Processing, Web Hosting, and Related Services",AI Agents; Agility; Business Intelligence,2026-06-04,https://careers.google.com/jobs/results/138787616207053510-senior-data-engineer/
216588,Senior Data Engineer-Onsite,State Street,State Street,Massachusetts,MA,Quincy,remote,Full Time,90000.0,157500.0,annual_reported,7,parsed_from_text,Not specified,missing,15-1243,Database Architects,ok,15-1243.00,Database Architects,518000,"Computing Infrastructure Providers, Data Processing, Web Hosting, and Related Services",Accounting; Airflow; Apache Airflow; Automation; Azure DevOps,2026-06-04,https://statestreet.wd1.myworkdayjobs.com/en-US/Global/job/Quincy-Massachusetts/Software-Engineering---Development---Asst-Vice-President-Onsite_R-768235-1
219942,Data Architect/DBA,Ninth Wave,Ninth Wave,New York,NY,New York,unknown,Full Time,,,missing,5,parsed_from_text,Not specified,missing,41-9012,Models,likely_misclassified,41-9012.00,Models,518000,"Computing Infrastructure Providers, Data Processing, Web Hosting, and Related Services",Business Logic; Cardinality,2026-06-04,
219832,"Sr. Data Engineer, WW Standardization & Automation",Amazon,Amazon,Washington,WA,Bellevue,unknown,Full Time,,,missing,7,parsed_from_text,Not specified,missing,15-1243,Database Architects,ok,15-1243.00,Database Architects,518000,"Computing Infrastructure Providers, Data Processing, Web Hosting, and Related Services",AWS Big Data; AWS Cloud Development Kit (CDK); AWS CodeDeploy; AWS CodePipeline; AWS Glue; Airflow; Amazon Redshift; Analytics; Automation; Big Data; Business Decisions; Business Intelligence,2026-06-04,
216553,Senior Data Engineer,"Maverik, Inc.","Maverik, Inc.",Utah,UT,Salt Lake City,hybrid,Full Time,108670.0,132100.0,parsed_from_description_text,7,parsed_from_text,Not specified,missing,15-1243,Database Architects,ok,15-1243.00,Database Architects,518000,"Computing Infrastructure Providers, Data Processing, Web Hosting, and Related Services",Analytics,2026-06-04,
57405,Business Analyst Digital Asset Operations,Jobs via Dice,Unknown employer (job board aggregator listing),Ohio,OH,Westlake,unknown,Full Time,,,missing,7,parsed_from_text,Not specified,missing,13-1111,Management Analysts,ok,13-1111.00,Management Analysts,518000,"Computing Infrastructure Providers, Data Processing, Web Hosting, and Related Services",Analytics; Bitcoin; Blockchain; Business Requirements,2026-06-04,
414927,Data Engineer,Talkiatry,Talkiatry,Unknown,US-UNK,,unknown,Full Time,130000.0,145000.0,annual_reported,2,parsed_from_text,Bachelor's,parsed_from_text,15-1243,Database Architects,ok,15-1243.00,Database Architects,518000,"Computing Infrastructure Providers, Data Processing, Web Hosting, and Related Services",Airflow; Analytics; BigQuery,2026-06-03,https://www.welcometothejungle.com/en/companies/MxOtGM/jobs/data-engineer_us_525jpx27
414942,Staff Machine Learning Engineer (Search Ranking),Snap Inc.,Snap Inc.,Unknown,US-UNK,Palo,unknown,Full Time,229000.0,343000.0,annual_reported,8,parsed_from_text,PhD,parsed_from_text,15-2051,Data Scientists,ok,15-2051.00,Data Scientists,518000,"Computing Infrastructure Providers, Data Processing, Web Hosting, and Related Services",A/B Testing,2026-06-03,https://www.welcometothejungle.com/en/companies/ripg6A/jobs/staff-machine-learning-engineer-search-ranking_madrid_zgkiho7f
414999,Data Scientist,Parafin,Parafin,California,CA,San,unknown,Full Time,200000.0,330000.0,annual_reported,,not_found,Bachelor's,parsed_from_text,15-2051,Data Scientists,ok,15-2051.00,Data Scientists,518000,"Computing Infrastructure Providers, Data Processing, Web Hosting, and Related Services",Accountability; Business Problems; Causal Inference,2026-06-03,https://www.welcometothejungle.com/en/companies/4xlevW/jobs/data-scientist_san-francisco_7uuyi7gj
42992,Data Scientist Manager,Planet Pharma,Planet Pharma,New Jersey,NJ,Bridgewater,unknown,Contract,,,missing,,not_found,PhD,parsed_from_text,15-2051,Data Scientists,ok,15-2051.00,Data Scientists,518000,"Computing Infrastructure Providers, Data Processing, Web Hosting, and Related Services",Analytics; Business Requirements,2026-06-03,
49262,"Machine Learning Engineer, TikTok Risk & Integrity - USDS",TikTok,TikTok,Washington,WA,Seattle,hybrid,,129960.0,246240.0,annual_reported,,not_found,Bachelor's,parsed_from_text,15-2051,Data Scientists,ok,15-2051.00,Data Scientists,518000,"Computing Infrastructure Providers, Data Processing, Web Hosting, and Related Services",Accruals; Adjudication; Agentic AI; Agility; Behavioral Modeling,2026-06-03,https://careers.tiktokusds.com/usds/position/7232408198401542437/detail
36554,W2- 10+ Google Cloud Platform Data Engineer,Jobs via Dice,Unknown employer (job board aggregator listing),Texas,TX,Texas City,hybrid,Full Time,,,missing,,not_found,Not specified,missing,15-1243,Database Architects,ok,15-1243.00,Database Architects,518000,"Computing Infrastructure Providers, Data Processing, Web Hosting, and Related Services",Airflow; BigQuery,2026-06-03,
43074,Sr. Data Engineer,BioSpace,BioSpace,California,CA,Thousand Oaks,hybrid,Full Time,,,missing,2,parsed_from_text,Master's,parsed_from_text,15-1243,Database Architects,ok,15-1243.00,Database Architects,518000,"Computing Infrastructure Providers, Data Processing, Web Hosting, and Related Services",Career Development,2026-06-03,
26084,Principal AI/Machine Learning Engineer (AdTech),Zeta Global,Zeta Global,Unknown,US-UNK,California,unknown,Full Time,300000.0,400000.0,annual_reported,10,parsed_from_text,Not specified,missing,15-2051,Data Scientists,ok,15-2051.00,Data Scientists,518000,"Computing Infrastructure Providers, Data Processing, Web Hosting, and Related Services",AI Agents; Ad Serving; Advertising Campaigns; Algorithms; Apache Iceberg; Apache Spark; Audience Segmentation; Bidding; Big Data; Campaign Management,2026-06-03,https://job-boards.greenhouse.io/zetaglobal/jobs/5689165004
42434,Data Analyst,ThesisGrid,ThesisGrid,Unknown,US-UNK,,onsite,Full Time,70000.0,120000.0,annual_reported,2,parsed_from_text,Bachelor's,parsed_from_text,15-2051,Data Scientists,ok,15-2051.00,Data Scientists,518000,"Computing Infrastructure Providers, Data Processing, Web Hosting, and Related Services",Advanced Analytics; Analytics,2026-06-03,
49139,"Senior Machine Learning Engineer, TikTok Risk & Integrity - USDS",TikTok,TikTok,Washington,WA,Seattle,hybrid,,177688.0,341734.0,annual_reported,,not_found,Bachelor's,parsed_from_text,15-2051,Data Scientists,ok,15-2051.00,Data Scientists,518000,"Computing Infrastructure Providers, Data Processing, Web Hosting, and Related Services",Accruals; Adjudication; Agentic AI; Agility; Behavioral Modeling,2026-06-03,https://careers.tiktokusds.com/usds/position/7247891987910641978/detail
42616,Data Engineer (35187),Myticas Consulting,Myticas Consulting,Ohio,OH,Toronto,hybrid,Contract,,,missing,,not_found,Not specified,missing,15-1243,Database Architects,ok,15-1243.00,Database Architects,518000,"Computing Infrastructure Providers, Data Processing, Web Hosting, and Related Services",AWS Glue; Airflow; Amazon Athena; Amazon Redshift; Amazon S3; Apache Airflow; Apache Kafka; Apache Spark; Banking,2026-06-03,
43136,AI Infrastructure Data Engineer || Remore role,Jobs via Dice,Unknown employer (job board aggregator listing),Minnesota,MN,Minneapolis,hybrid,Contract,,,missing,4,parsed_from_text,Not specified,missing,15-1243,Database Architects,ok,15-1243.00,Database Architects,518000,"Computing Infrastructure Providers, Data Processing, Web Hosting, and Related Services",AI Agents; Airflow; Amazon Neptune; Anomaly Detection; Batch Processing,2026-06-03,
32932,"Business Analyst - Jersey City, NJ / Naveen",Jobs via Dice,Unknown employer (job board aggregator listing),New Jersey,NJ,Jersey City,onsite,Full Time,,,missing,,not_found,Not specified,missing,13-1111,Management Analysts,ok,13-1111.00,Management Analysts,518000,"Computing Infrastructure Providers, Data Processing, Web Hosting, and Related Services",Analytical Thinking; Banking; Business Analysis,2026-06-03,
43193,Senior Data Engineer 🇺🇸,Rearc,Rearc,New York,NY,New York,hybrid,Full Time,160000.0,200000.0,parsed_from_description_text,6,parsed_from_text,Not specified,missing,15-1243,Database Architects,ok,15-1243.00,Database Architects,518000,"Computing Infrastructure Providers, Data Processing, Web Hosting, and Related Services",Apache Spark; BigQuery; Blogs,2026-06-03,
415280,"Data Engineer, Amazon Ads",Amazon,Amazon,New York,NY,New York,unknown,Full Time,,,missing,5,parsed_from_text,Not specified,missing,15-1243,Database Architects,ok,15-1243.00,Database Architects,518000,"Computing Infrastructure Providers, Data Processing, Web Hosting, and Related Services",Agentic AI; Automation,2026-06-03,https://account.amazon.jobs/jobs/10439144/apply
42558,Data Architect (Client Location),Bizmetric,Bizmetric,Texas,TX,Sugar Land,unknown,Full Time,,,missing,10,parsed_from_text,Not specified,missing,15-2051,Data Scientists,ok,15-2051.00,Data Scientists,518000,"Computing Infrastructure Providers, Data Processing, Web Hosting, and Related Services",Analytics; Artificial Intelligence; Automation; Azure Data Factory,2026-06-03,
44651,Principal AI/ML Engineer (AdTech),Zeta Global,Zeta Global,Unknown,US-UNK,New York,unknown,Full Time,300000.0,400000.0,annual_reported,10,parsed_from_text,Not specified,missing,15-2051,Data Scientists,ok,15-2051.00,Data Scientists,518000,"Computing Infrastructure Providers, Data Processing, Web Hosting, and Related Services",AI Agents; Ad Serving; Advertising Campaigns; Algorithms; Apache Iceberg; Apache Spark; Audience Segmentation; Bidding; Big Data; Campaign Management,2026-06-03,https://job-boards.greenhouse.io/zetaglobal/jobs/5692538004
219270,Junior Data Analyst w/ Workday Exp....Rate-$30/hronC2C....Locals Only,Jobs via Dice,Unknown employer (job board aggregator listing),New York,NY,New York,hybrid,Temporary,,,missing,3,parsed_from_text_word_form,Not specified,missing,15-2051,Data Scientists,ok,15-2051.00,Data Scientists,518000,"Computing Infrastructure Providers, Data Processing, Web Hosting, and Related Services",Ability To Meet Deadlines,2026-06-03,
219692,Data Engineer,Safelease,Safelease,Texas,TX,Austin,unknown,Full Time,130000.0,225000.0,annual_reported,3,parsed_from_text,Not specified,missing,15-1243,Database Architects,ok,15-1243.00,Database Architects,518000,"Computing Infrastructure Providers, Data Processing, Web Hosting, and Related Services",AWS Lambda; Agility; Airflow; Analytics; Aperture,2026-06-03,https://jobs.ashbyhq.com/safelease/45eb92ff-e260-4ba3-9bec-069a81c0ee85?utm_source=o8eq7jzLBV
219368,Fall Data Engineering Intern - Congressional Data,Sunwater Capital,Sunwater Capital,Maryland,MD,North Bethesda,hybrid,"Full Time, Part Time, Internship",33176.0,33176.0,hourly_converted,,not_found,Not specified,missing,15-1243,Database Architects,ok,15-1243.00,Database Architects,518000,"Computing Infrastructure Providers, Data Processing, Web Hosting, and Related Services",Amazon Web Services; Artificial Intelligence,2026-06-03,https://jobs.lever.co/sunwatercapital/7681fd31-8d0b-405c-b0e0-7f8c1c87f3c8?lever-source=Indeed
43277,Senior Data Engineer,Bizmetric,Bizmetric,Texas,TX,Sugar Land,unknown,Full Time,,,missing,6,parsed_from_text,Not specified,missing,15-1243,Database Architects,ok,15-1243.00,Database Architects,518000,"Computing Infrastructure Providers, Data Processing, Web Hosting, and Related Services",Analytics; Artificial Intelligence; Automation,2026-06-03,
49064,Sr Machine Learning Engineer,Optimum,Optimum,New York,NY,Long Island City,unknown,,130645.0,198273.0,annual_reported,3,parsed_from_text,Master's,parsed_from_text,15-2051,Data Scientists,ok,15-2051.00,Data Scientists,518000,"Computing Infrastructure Providers, Data Processing, Web Hosting, and Related Services",Advanced Analytics; Analytics; Applied Mathematics; Bayesian Inference; Biology; Business Decisions; Business Problems; Business Requirements,2026-06-03,https://career8.successfactors.com/career?career_job_req_id=11810&career_ns=job_listing&company=cscholding&lang=en_US&source=Indeed
63272,Senior Cloud Data Engineer : 201751,HKA Enterprises,HKA Enterprises,Ohio,OH,Columbus,hybrid,Contract,87360.0,162240.0,hourly_converted,1,parsed_from_text,Not specified,missing,15-1243,Database Architects,ok,15-1243.00,Database Architects,518000,"Computing Infrastructure Providers, Data Processing, Web Hosting, and Related Services",Analytics; Automotive Finance,2026-06-03,
63112,Sr. Data Engineer - Cloud & AI Platform [On-Site],Regions Bank,Regions Bank,Georgia,GA,Atlanta,onsite,Full Time,,,missing,3,parsed_from_text_word_form,PhD,parsed_from_text,15-1243,Database Architects,ok,15-1243.00,Database Architects,518000,"Computing Infrastructure Providers, Data Processing, Web Hosting, and Related Services",AWS Glue; Agile Software Development; Analytics; Artificial Intelligence; Automation; Banking; Big Data; BigQuery; Business Case; Business Intelligence,2026-06-03,
419402,Full Stack Data Engineer,Sosi1,Sosi1,Florida,FL,Doral,unknown,Contract,,,missing,,not_found,Not specified,missing,15-1243,Database Architects,ok,15-1243.00,Database Architects,518000,"Computing Infrastructure Providers, Data Processing, Web Hosting, and Related Services",Analytics,2026-06-02,https://jobs.smartrecruiters.com/SOSi1/3743990013430656-full-stack-data-engineer-?oga=true
35717,Cloud Data Engineer,Jobs via Dice,Unknown employer (job board aggregator listing),Ohio,OH,Columbus,onsite,Contract,,,missing,5,parsed_from_text,Not specified,missing,15-1243,Database Architects,ok,15-1243.00,Database Architects,518000,"Computing Infrastructure Providers, Data Processing, Web Hosting, and Related Services",Agility; Analytics; Application Monitoring; Big Data,2026-06-02,
35623,Cloud Data Engineer,Rang Technologies Inc,Rang Technologies Inc,Ohio,OH,Columbus,unknown,Contract,,,missing,5,parsed_from_text,Bachelor's,parsed_from_text,15-1243,Database Architects,ok,15-1243.00,Database Architects,518000,"Computing Infrastructure Providers, Data Processing, Web Hosting, and Related Services",Agility; Analytics; Application Monitoring; Big Data,2026-06-02,
26036,"Data Scientist /Machine Learning /Python_Hybrid@Sunnyvale,CA",BURGEON IT SERVICES,BURGEON IT SERVICES,California,CA,Sunnyvale,hybrid,Contract,,,missing,7,parsed_from_text,Not specified,missing,15-2051,Data Scientists,ok,15-2051.00,Data Scientists,518000,"Computing Infrastructure Providers, Data Processing, Web Hosting, and Related Services",Algorithms; Azure OpenAI,2026-06-02,
33122,Senior SAP S4 Hana Business Analyst,Global Business Ser. 4u,Global Business Ser. 4u,Texas,TX,San Antonio,onsite,Contract,,,missing,,not_found,Not specified,missing,13-1111,Management Analysts,ok,13-1111.00,Management Analysts,518000,"Computing Infrastructure Providers, Data Processing, Web Hosting, and Related Services",,2026-06-02,
35688,React UI Engineer - Azure / Data Engineering,Kforce Inc,Kforce Inc,Illinois,IL,Chicago,unknown,Contract,,,missing,,not_found,Not specified,missing,15-1243,Database Architects,ok,15-1243.00,Database Architects,518000,"Computing Infrastructure Providers, Data Processing, Web Hosting, and Related Services",Apache Spark; Application Deployment; Application Design,2026-06-02,
43782,Client Data Analyst,Pillsbury Winthrop Shaw Pittman,Pillsbury Winthrop Shaw Pittman,Tennessee,TN,Nashville,unknown,Full Time,110000.0,125000.0,annual_reported,3,parsed_from_text,Not specified,missing,27-2011,Actors,likely_misclassified,27-2011.00,Actors,518000,"Computing Infrastructure Providers, Data Processing, Web Hosting, and Related Services",Analytics; Business Development; Business Intelligence; Business Presentations,2026-06-02,https://pillsburylaw.wd5.myworkdayjobs.com/en-US/External/job/Nashville/Client-Data-Analyst_R003248
421644,"Data Engineer II, Prime Video Advertising",Amazon,Amazon,District of Columbia,DC,Washington,unknown,Full Time,,,missing,,not_found,Not specified,missing,15-1243,Database Architects,ok,15-1243.00,Database Architects,518000,"Computing Infrastructure Providers, Data Processing, Web Hosting, and Related Services",Access Controls; Airflow; Analytics; Apple TV; Automation; Big Data; Business Intelligence,2026-06-02,https://account.amazon.jobs/jobs/10436763/apply
422723,Risk Management - Data Scientist Lead - Vice President,Jpmc.fa.oraclecloud.com,Unknown employer (ATS-hosted posting),Texas,TX,Plano,unknown,,,,missing,,not_found,Not specified,missing,15-2051,Data Scientists,ok,15-2051.00,Data Scientists,518000,"Computing Infrastructure Providers, Data Processing, Web Hosting, and Related Services",,2026-06-02,https://jpmc.fa.oraclecloud.com/?keyword=&mode=jobs&lang=en&site_number=CX_1001#210746277
425214,Senior Data Engineer,Qodeworld,Qodeworld,Ohio,OH,Ohio,remote,Full Time,,,missing,8,parsed_from_text,Not specified,missing,15-1243,Database Architects,ok,15-1243.00,Database Architects,518000,"Computing Infrastructure Providers, Data Processing, Web Hosting, and Related Services",Agile Methodology; Analytics,2026-06-02,https://apply.workable.com/j/CB98496C8E/apply
35311,"Data Engineer (AWS, Snowflake, Pyspark, SQL)",Jobs via Dice,Unknown employer (job board aggregator listing),Michigan,MI,Auburn Hills,unknown,Full Time,,,missing,,not_found,Not specified,missing,15-1243,Database Architects,ok,15-1243.00,Database Architects,518000,"Computing Infrastructure Providers, Data Processing, Web Hosting, and Related Services",Airflow; Apache Airflow; Azure Data Factory; Business Requirements,2026-06-02,
33903,Financial Business Analyst,Vidusolutions LLC,Vidusolutions LLC,Texas,TX,Irving,remote,Contract,,,missing,,not_found,Bachelor's,parsed_from_text,13-1111,Management Analysts,ok,13-1111.00,Management Analysts,518000,"Computing Infrastructure Providers, Data Processing, Web Hosting, and Related Services",Analytical Skills; Business Administration; Business Analysis,2026-06-02,
36467,Senior Cloud Data Engineer,HKA Enterprises,HKA Enterprises,Ohio,OH,Columbus,hybrid,Contract,,,missing,1,parsed_from_text,Not specified,missing,15-1243,Database Architects,ok,15-1243.00,Database Architects,518000,"Computing Infrastructure Providers, Data Processing, Web Hosting, and Related Services",Analytics; Automotive Finance,2026-06-02,
34015,"Director, Business Analyst – Digital Asset Operations",Charles Schwab,Charles Schwab,Florida,FL,Orlando,hybrid,Full Time,190000.0,250000.0,annual_reported,7,parsed_from_text,Master's,parsed_from_text,13-1111,Management Analysts,ok,13-1111.00,Management Analysts,518000,"Computing Infrastructure Providers, Data Processing, Web Hosting, and Related Services",Analytics; Bitcoin; Blockchain; Business Requirements,2026-06-02,
34463,"Director, Business Analyst – Digital Asset Operations",Charles Schwab,Charles Schwab,Colorado,CO,Lone Tree,hybrid,Full Time,190000.0,250000.0,annual_reported,7,parsed_from_text,Master's,parsed_from_text,13-1111,Management Analysts,ok,13-1111.00,Management Analysts,518000,"Computing Infrastructure Providers, Data Processing, Web Hosting, and Related Services",Analytics; Bitcoin; Blockchain; Business Requirements,2026-06-02,
43340,Data Scientist,Booz Allen Hamilton,Booz Allen Hamilton,Virginia,VA,McLean,hybrid,"Full Time, Part Time, Contract",,,missing,5,parsed_from_text,Not specified,missing,15-2051,Data Scientists,ok,15-2051.00,Data Scientists,518000,"Computing Infrastructure Providers, Data Processing, Web Hosting, and Related Services",Algorithms; Apache Spark; Artificial Intelligence; Biometrics; Cancer,2026-06-02,
43308,AI/ML Engineering,MIT Lincoln Laboratory,MIT Lincoln Laboratory,Massachusetts,MA,Lexington,unknown,Full Time,116400.0,140000.0,parsed_from_description_text,2,parsed_from_text,Not specified,missing,15-2051,Data Scientists,ok,15-2051.00,Data Scientists,518000,"Computing Infrastructure Providers, Data Processing, Web Hosting, and Related Services",Analytics; Artificial Intelligence,2026-06-02,
47874,Data Engineer,Nuvitek,Nuvitek,Unknown,US-UNK,,unknown,Full Time,115000.0,125000.0,annual_reported,4,parsed_from_text,Not specified,missing,15-1243,Database Architects,ok,15-1243.00,Database Architects,518000,"Computing Infrastructure Providers, Data Processing, Web Hosting, and Related Services",Archives; Automation; Business Objectives,2026-06-02,https://nuvitek.pinpointhq.com/postings/13f16cc1-27d5-411b-aa38-de375d7c451a?utm_medium=job_board&utm_source=indeed
35305,Big Data Engineer with AWS,JPS Tech Solutions,JPS Tech Solutions,New Jersey,NJ,Warren,onsite,Contract,,,missing,2,parsed_from_text,Not specified,missing,15-1243,Database Architects,ok,15-1243.00,Database Architects,518000,"Computing Infrastructure Providers, Data Processing, Web Hosting, and Related Services",AWS Big Data; Apache Kafka; Big Data,2026-06-02,
42998,Full Stack Data Engineer,SOSi,SOSi,Unknown,US-UNK,FL,unknown,Contract,,,missing,,not_found,Not specified,missing,15-1243,Database Architects,ok,15-1243.00,Database Architects,518000,"Computing Infrastructure Providers, Data Processing, Web Hosting, and Related Services",Analytics,2026-06-02,https://jobs.smartrecruiters.com/SOSi1/3743990013430656-full-stack-data-engineer-
426668,Satellite Communication Analytics Engineer - Senior,Lmi,Lmi,Colorado,CO,Colorado Springs,unknown,,,,missing,,not_found,Not specified,missing,15-2051,Data Scientists,ok,15-2051.00,Data Scientists,518000,"Computing Infrastructure Providers, Data Processing, Web Hosting, and Related Services",Analytics,2026-06-01,https://careers-lmi.icims.com/jobs/13869/satellite-communication-analytics-engineer-%e2%80%93-senior/job?in_iframe=1
441984,"Sr Delivery Consultant - Data Architect, AWS Professional Services",Amazon,Amazon,California,CA,Irvine,unknown,Contract,,,missing,,not_found,Not specified,missing,13-1082,Project Management Specialists,ok,13-1082.00,Project Management Specialists,518000,"Computing Infrastructure Providers, Data Processing, Web Hosting, and Related Services",Acting; Amazon Web Services; Analytics; Business Objectives; Business Strategies,2026-06-01,https://account.amazon.jobs/jobs/10435685/apply
26525,Senior Staff Machine Learning Engineer,GEICO,GEICO,Maryland,MD,Bethesda,unknown,Full Time,,,missing,8,parsed_from_text,Bachelor's,parsed_from_text,15-2051,Data Scientists,ok,15-2051.00,Data Scientists,518000,"Computing Infrastructure Providers, Data Processing, Web Hosting, and Related Services",AI Agents; AI Safety; Access Controls; Agentic AI; Analytics; Auditing; AutoGen,2026-06-01,
26282,Senior Staff Machine Learning Engineer,GEICO,GEICO,Unknown,US-UNK,,unknown,Full Time,,,missing,8,parsed_from_text,Bachelor's,parsed_from_text,15-2051,Data Scientists,ok,15-2051.00,Data Scientists,518000,"Computing Infrastructure Providers, Data Processing, Web Hosting, and Related Services",AI Agents; AI Safety; Access Controls; Agentic AI; Analytics; Auditing; AutoGen,2026-06-01,
427819,"Sr Delivery Consultant - Data Architect, AWS Professional Services",Amazon,Amazon,Massachusetts,MA,Boston,unknown,Contract,,,missing,,not_found,Not specified,missing,13-1082,Project Management Specialists,ok,13-1082.00,Project Management Specialists,518000,"Computing Infrastructure Providers, Data Processing, Web Hosting, and Related Services",Acting; Amazon Web Services; Analytics; Business Objectives; Business Strategies,2026-06-01,https://account.amazon.jobs/jobs/10435685/apply
430058,Senior Data Scientist,Careers.mastercard.com,Mastercard,Utah,UT,Salt Lake City,unknown,,,,missing,,not_found,Not specified,missing,15-2051,Data Scientists,ok,15-2051.00,Data Scientists,518000,"Computing Infrastructure Providers, Data Processing, Web Hosting, and Related Services",Banking,2026-06-01,https://careers.mastercard.com/job/R-273343
430717,Senior Data Scientist - Marketing & Customer Analytics,Careers.pnc.com,PNC,Pennsylvania,PA,Pittsburgh,unknown,,,,missing,,not_found,Not specified,missing,15-2051,Data Scientists,ok,15-2051.00,Data Scientists,518000,"Computing Infrastructure Providers, Data Processing, Web Hosting, and Related Services",Analytics; Business Decisions,2026-06-01,https://careers.pnc.com/job/R215777
430720,Data Scientist - Corporate & Institutional Banking,Careers.pnc.com,PNC,Pennsylvania,PA,Pittsburgh,unknown,,,,missing,,not_found,Not specified,missing,15-2051,Data Scientists,ok,15-2051.00,Data Scientists,518000,"Computing Infrastructure Providers, Data Processing, Web Hosting, and Related Services",Advanced Analytics; Analytics; Banking,2026-06-01,https://careers.pnc.com/job/R216795
26332,Machine Learning Engineer - Platform/Infrastructure,CT19,CT19,New York,NY,New York,unknown,Full Time,,,missing,,not_found,Not specified,missing,15-2051,Data Scientists,ok,15-2051.00,Data Scientists,518000,"Computing Infrastructure Providers, Data Processing, Web Hosting, and Related Services",,2026-06-01,
26575,"Senior Machine Learning Engineer, Trust & Safety",Hinge,Hinge,New York,NY,New York,unknown,Full Time,186000.0,245000.0,annual_reported,4,parsed_from_text,Not specified,missing,15-2051,Data Scientists,ok,15-2051.00,Data Scientists,518000,"Computing Infrastructure Providers, Data Processing, Web Hosting, and Related Services",Airflow; Business Objectives,2026-05-31,
26248,"Senior Staff Machine Learning Engineer, (Machine Learning)",Affirm,Affirm,Texas,TX,Dallas,remote,Full Time,260000.0,310000.0,parsed_from_description_text,10,parsed_from_text,PhD,parsed_from_text,15-2051,Data Scientists,ok,15-2051.00,Data Scientists,518000,"Computing Infrastructure Providers, Data Processing, Web Hosting, and Related Services",,2026-05-31,
44422,"Senior Data Engineer ‎- Atlanta, GA","Cargill, Inc.","Cargill, Inc.",Unknown,US-UNK,,unknown,,,,missing,4,parsed_from_text,Not specified,missing,15-1243,Database Architects,ok,15-1243.00,Database Architects,518000,"Computing Infrastructure Providers, Data Processing, Web Hosting, and Related Services",AWS Glue; Advanced Analytics; Airflow; Analytics,2026-05-31,"https://jobs.cargill.com/job/Atlanta-Senior-Data-Engineer-%E2%80%8E-Atlanta,-GA-Geor-30340/1348374057/"
25560,Staff Machine Learning Engineer – Generative AI (Remote),The Home Depot,The Home Depot,Georgia,GA,Atlanta,remote,Full Time,120000.0,190000.0,annual_reported,5,parsed_from_text,Not specified,missing,15-2051,Data Scientists,ok,15-2051.00,Data Scientists,518000,"Computing Infrastructure Providers, Data Processing, Web Hosting, and Related Services",A/B Testing; Adaptability; Autoencoders; Automation; Big Data; BigQuery; Business Requirements,2026-05-29,
25842,Machine Learning Engineer,Sigma Squared,Sigma Squared,Massachusetts,MA,Cambridge,onsite,Full Time,130443.16,157092.83,annual_reported,,not_found,Not specified,missing,15-2051,Data Scientists,ok,15-2051.00,Data Scientists,518000,"Computing Infrastructure Providers, Data Processing, Web Hosting, and Related Services",AI Research; Analytics; Artificial Intelligence; Big Data,2026-05-29,
25510,Senior Machine Learning Engineer,Alexander Technology Group,Alexander Technology Group,Massachusetts,MA,Boston,unknown,Full Time,,,missing,,not_found,Not specified,missing,15-2051,Data Scientists,ok,15-2051.00,Data Scientists,518000,"Computing Infrastructure Providers, Data Processing, Web Hosting, and Related Services",,2026-05-29,
25850,Lead Machine Learning Engineer,Henderson Scott,Henderson Scott,Ohio,OH,Blue Ash,onsite,Full Time,110000.0,140000.0,annual_reported,8,parsed_from_text,Not specified,missing,15-2051,Data Scientists,ok,15-2051.00,Data Scientists,518000,"Computing Infrastructure Providers, Data Processing, Web Hosting, and Related Services",Analytics; Business Problems,2026-05-29,
25763,Senior Machine Learning Engineer (AI Generation Engine),SandboxAQ,SandboxAQ,Unknown,US-UNK,,remote,Full Time,131200.0,246000.0,annual_reported,5,parsed_from_text,PhD,parsed_from_text,15-2051,Data Scientists,ok,15-2051.00,Data Scientists,518000,"Computing Infrastructure Providers, Data Processing, Web Hosting, and Related Services",Algorithms; Business Objectives,2026-05-29,https://jobs.ashbyhq.com/sandboxaq/5d096708-36f4-4f94-96b9-59b5e9b88f3f
441151,"Data Engineer, AWS Support S&O - ESSO - Strategy, Planning & Inspection (SPI)",Amazon,Amazon,Washington,WA,Seattle,unknown,Full Time,,,missing,,not_found,Not specified,missing,15-2051,Data Scientists,ok,15-2051.00,Data Scientists,518000,"Computing Infrastructure Providers, Data Processing, Web Hosting, and Related Services",AWS Big Data; Amazon Web Services; Analytical Skills; Analytical Techniques; Analytics; Big Data; Business Intelligence; Business Objectives; Business Problems,2026-05-29,https://account.amazon.jobs/jobs/10434373/apply
435719,"Data Scientist, AWS Security",Amazon,Amazon,Maryland,MD,Annapolis Junction,unknown,Full Time,,,missing,,not_found,Not specified,missing,15-2051,Data Scientists,ok,15-2051.00,Data Scientists,518000,"Computing Infrastructure Providers, Data Processing, Web Hosting, and Related Services",Advanced Analytics; Algorithms; Analytics; Anomaly Detection; Big Data,2026-05-29,https://account.amazon.jobs/jobs/10435024/apply
435613,"Data Engineer, AWS Support S&O - ESSO - Strategy, Planning & Inspection (SPI)",Amazon,Amazon,Pennsylvania,PA,Pittsburgh,unknown,Full Time,,,missing,,not_found,Not specified,missing,15-2051,Data Scientists,ok,15-2051.00,Data Scientists,518000,"Computing Infrastructure Providers, Data Processing, Web Hosting, and Related Services",AWS Big Data; Amazon Web Services; Analytical Skills; Analytical Techniques; Analytics; Big Data; Business Intelligence; Business Objectives; Business Problems,2026-05-29,https://account.amazon.jobs/jobs/10434373/apply
25125,Machine Learning Engineer II,Geico,Geico,Maryland,MD,Bethesda,hybrid,Full Time,105000.0,215000.0,annual_reported,,not_found,Not specified,missing,15-2051,Data Scientists,ok,15-2051.00,Data Scientists,518000,"Computing Infrastructure Providers, Data Processing, Web Hosting, and Related Services",Algorithms; Big Data; Business Problems,2026-05-28,https://geico.wd1.myworkdayjobs.com/External/job/Bethesda-MD/Machine-Learning-Engineer-II_R0064169
25137,Machine Learning Engineer,The Associated Press,The Associated Press,Unknown,US-UNK,,hybrid,Temporary,145000.0,180000.0,annual_reported,8,parsed_from_text,Not specified,missing,15-2051,Data Scientists,ok,15-2051.00,Data Scientists,518000,"Computing Infrastructure Providers, Data Processing, Web Hosting, and Related Services",Airflow; Application Services,2026-05-28,https://careers.ap.org/job/New-York-Machine-Learning-Engineer-NY-10281/1394837000/?feedId=243600&utm_campaign=AP_Indeed&utm_source=Indeed
25402,Machine Learning Engineer,DocuSign,DocuSign,California,CA,San Francisco,hybrid,Contract,158300.0,266000.0,annual_reported,5,parsed_from_text,Not specified,missing,15-2051,Data Scientists,ok,15-2051.00,Data Scientists,518000,"Computing Infrastructure Providers, Data Processing, Web Hosting, and Related Services",AI Research; Business Systems,2026-05-28,https://careers.docusign.com/careers-home/jobs/29497?lang=en-us&previousLocale=en-US
25128,Machine Learning Engineer,Scale.jobs,Scale.jobs,California,CA,San Francisco,hybrid,Full Time,,,missing,1,parsed_from_text,Not specified,missing,15-2051,Data Scientists,ok,15-2051.00,Data Scientists,518000,"Computing Infrastructure Providers, Data Processing, Web Hosting, and Related Services",A/B Testing; AWS SageMaker,2026-05-27,
27141,Senior/Staff Machine Learning Engineer - Offline Driving Intelligence,Zoox,Zoox,California,CA,Foster City,unknown,Full Time,242000.0,333000.0,parsed_from_description_text,5,parsed_from_text,PhD,parsed_from_text,15-2051,Data Scientists,ok,15-2051.00,Data Scientists,518000,"Computing Infrastructure Providers, Data Processing, Web Hosting, and Related Services",Artificial Intelligence; Autonomous Vehicles; Blog Posts,2026-05-27,
73798,SOFTWARE DEVELOPER/DATA SCIENTIST (INTERDISCIPLINARY) - DIRECT HIRE AUTHORITY,"Air Force Elements, U.s. Strategic Command","Air Force Elements, U.s. Strategic Command",Virginia,VA,Dahlgren,unknown,,,,missing,3,parsed_from_text,Not specified,missing,15-1252,Software Developers,ok,15-1252.00,Software Developers,518000,"Computing Infrastructure Providers, Data Processing, Web Hosting, and Related Services",Algorithms; Appraisals; Automation,2026-05-26,https://www.usajobs.gov:443/job/870514400
19639,Google Cloud Data Architect & IAM Data Modernization,Vytwo,Vytwo,Texas,TX,Dallas,hybrid,Full Time,,,missing,5,parsed_from_text,Not specified,missing,15-1212,Information Security Analysts,ok,15-1212.00,Information Security Analysts,518000,"Computing Infrastructure Providers, Data Processing, Web Hosting, and Related Services",Access Controls; Advanced Analytics; Airflow; Analytics; Apache Beam; Automation; Big Data; BigQuery; Build Automation,2026-05-24,https://vytwo-technologies.careerplug.com/j/02zt3fw
14202,Business Analyst (Financial),Jobs via Dice,Unknown employer (job board aggregator listing),Florida,FL,Deerfield Beach,unknown,Contract,,,missing,7,parsed_from_text,Not specified,missing,13-1111,Management Analysts,ok,13-1111.00,Management Analysts,518000,"Computing Infrastructure Providers, Data Processing, Web Hosting, and Related Services",Adaptability; Business Requirements,2026-05-23,
8209,Business Analyst - Non IT I,Jobs via Dice,Unknown employer (job board aggregator listing),New York,NY,New York,unknown,Contract,,,missing,,not_found,Not specified,missing,13-1111,Management Analysts,ok,13-1111.00,Management Analysts,518000,"Computing Infrastructure Providers, Data Processing, Web Hosting, and Related Services",Acceptance Testing,2026-05-23,
10932,Azure Data Engineer,SalesPoint Incorporation,SalesPoint Incorporation,Washington,WA,Bellevue,hybrid,Contract,,,missing,,not_found,Not specified,missing,15-1243,Database Architects,ok,15-1243.00,Database Architects,518000,"Computing Infrastructure Providers, Data Processing, Web Hosting, and Related Services",Active Directory; Analytics; Automation; Azure Active Directory; Azure Blob Storage; Azure Data Factory; Azure DevOps; Azure Event Hubs; Azure Monitor; Big Data,2026-05-22,
11338,"Senior Data Engineer – Google Cloud Platform, Scala,Spark & Python",Jobs via Dice,Unknown employer (job board aggregator listing),Arizona,AZ,Phoenix,unknown,Full Time,,,missing,5,parsed_from_text,Not specified,missing,15-1243,Database Architects,ok,15-1243.00,Database Architects,518000,"Computing Infrastructure Providers, Data Processing, Web Hosting, and Related Services",Analytics; Ansi Sql; Automation; BigQuery,2026-05-22,
10848,AWS Data Engineer,Jobs via Dice,Unknown employer (job board aggregator listing),Virginia,VA,Reston,hybrid,"Full Time, Contract",,,missing,5,parsed_from_text,Not specified,missing,15-1243,Database Architects,ok,15-1243.00,Database Architects,518000,"Computing Infrastructure Providers, Data Processing, Web Hosting, and Related Services",API Gateway; AWS Lambda; Amazon API Gateway; Architectural Design; Big Data,2026-05-22,
13222,"Staff Software Engineer, Data Engineering",DoorDash,DoorDash,California,CA,Sunnyvale,remote,Full Time,,,missing,8,parsed_from_text,Not specified,missing,15-1243,Database Architects,ok,15-1243.00,Database Architects,518000,"Computing Infrastructure Providers, Data Processing, Web Hosting, and Related Services",Airflow; Analytics; Automation,2026-05-22,
10400,Azure Data Engineer - Only W2,Jobs via Dice,Unknown employer (job board aggregator listing),Pennsylvania,PA,Philadelphia,onsite,Full Time,,,missing,10,parsed_from_text,Not specified,missing,15-1243,Database Architects,ok,15-1243.00,Database Architects,518000,"Computing Infrastructure Providers, Data Processing, Web Hosting, and Related Services",Analytics; Automation; Autoscaling; Azure Data Factory; Azure Databricks; Azure DevOps; Azure Monitor,2026-05-21,
10634,Lead/Principle Data Engineer Azure,Arlensa,Arlensa,Texas,TX,Richardson,unknown,Full Time,,,missing,7,parsed_from_text,Not specified,missing,15-1243,Database Architects,ok,15-1243.00,Database Architects,518000,"Computing Infrastructure Providers, Data Processing, Web Hosting, and Related Services",Accountability; Analytics; Azure Data Factory; Azure Data Lake; Azure Databricks; Banking; Business Objectives,2026-05-21,
10550,Google Cloud Platform Data Architect,Jobs via Dice,Unknown employer (job board aggregator listing),Texas,TX,Dallas,hybrid,Full Time,,,missing,14,parsed_from_text,Bachelor's,parsed_from_text,15-1212,Information Security Analysts,ok,15-1212.00,Information Security Analysts,518000,"Computing Infrastructure Providers, Data Processing, Web Hosting, and Related Services",Access Controls; Analytics; Automation; BigQuery; Build Automation,2026-05-21,
10352,"Data Engineer (AWS, Snowflake, Pyspark, SQL)",Centraprise,Centraprise,Michigan,MI,Auburn Hills,unknown,Full Time,,,missing,,not_found,Not specified,missing,15-1243,Database Architects,ok,15-1243.00,Database Architects,518000,"Computing Infrastructure Providers, Data Processing, Web Hosting, and Related Services",Airflow; Apache Airflow; Azure Data Factory; Business Requirements,2026-05-21,
780989,Machine Learning Engineer,Apple,Apple,California,CA,,unknown,Full Time,,,missing,,not_found,PhD,parsed_from_text,15-2051,Data Scientists,ok,15-2051.00,Data Scientists,518000,"Computing Infrastructure Providers, Data Processing, Web Hosting, and Related Services",3D Reconstruction; Agentic Systems; Algorithms,2026-07-28,https://jobs.apple.com/en-us/details/200674453/machine-learning-engineer-computer-vision-data-systems
549675,Data Scientist (Marketing),Mai,Mai,California,CA,Mountain View,unknown,Full Time,160000.0,225000.0,annual_reported,,not_found,Not specified,missing,15-2051,Data Scientists,ok,15-2051.00,Data Scientists,518000,"Computing Infrastructure Providers, Data Processing, Web Hosting, and Related Services",A/B Testing; AI Agents; Airflow; Analytics; BigQuery; Business Decisions; Campaign Management; Causal Inference,2026-07-02,https://jobs.ashbyhq.com/mai/b9a6e809-7946-4bca-bf5c-df829eed56df/application
337348,Data Scientist Multiple Positions Available,JPMorgan Chase & Co.,JPMorgan Chase & Co.,New Jersey,NJ,Jersey City,onsite,Full Time,142000.0,170000.0,annual_reported,1,parsed_from_text,Master's,parsed_from_text,15-2051,Data Scientists,ok,15-2051.00,Data Scientists,518000,"Computing Infrastructure Providers, Data Processing, Web Hosting, and Related Services",A/B Testing; Advising; Algorithms; Analytics; Apache Spark; Asset Management; Automation; Banking; Bayesian Inference; Big Data; Business Analytics; Business Strategies; Causal Inference,2026-06-29,https://jpmc.fa.oraclecloud.com/hcmUI/CandidateExperience/en/sites/CX_1001/job/210760841
227436,Forward Deployed Engineer (Data Engineer),Snowflake,Snowflake,California,CA,Menlo Park,onsite,Full Time,156000.0,204700.0,annual_reported,4,parsed_from_text,Not specified,missing,15-1243,Database Architects,ok,15-1243.00,Database Architects,518000,"Computing Infrastructure Providers, Data Processing, Web Hosting, and Related Services",Airflow; Analytics; Architectural Design; Automation,2026-06-28,https://www.welcometothejungle.com/en/companies/FRfZvk/jobs/forward-deployed-engineer-data-engineer_menlo-park-ca_4wfuiii4
229209,Machine Learning Engineer (Embedded Insights),Plaid,Plaid,Unknown,US-UNK,,unknown,Full Time,211680.0,272160.0,annual_reported,5,parsed_from_text,Not specified,missing,15-2051,Data Scientists,ok,15-2051.00,Data Scientists,518000,"Computing Infrastructure Providers, Data Processing, Web Hosting, and Related Services",,2026-06-27,https://www.welcometothejungle.com/en/companies/FPBtUE/jobs/machine-learning-engineer-embedded-insights_us_lxscg335
230377,Data Scientist Director - Business Banking Client Analytics,Jpmc.fa.oraclecloud.com,Unknown employer (ATS-hosted posting),New York,NY,New York,unknown,,,,missing,,not_found,Not specified,missing,15-2051,Data Scientists,ok,15-2051.00,Data Scientists,518000,"Computing Infrastructure Providers, Data Processing, Web Hosting, and Related Services",Advanced Analytics; Analytics; Banking,2026-06-27,https://jpmc.fa.oraclecloud.com/?keyword=&mode=jobs&lang=en&site_number=CX_1001#210762108
234509,Associate Business Analyst,Ice,Ice,New York,NY,New York,unknown,Full Time,,,missing,,not_found,Not specified,missing,13-1111,Management Analysts,ok,13-1111.00,Management Analysts,518000,"Computing Infrastructure Providers, Data Processing, Web Hosting, and Related Services",,2026-06-26,https://careers-ice.icims.com/jobs/13201/associate-business-analyst/job?in_iframe=1
237138,Data Engineer,PlusAI,PlusAI,California,CA,Santa Clara,unknown,Full Time,135000.0,180000.0,annual_reported,1,parsed_from_text,Not specified,missing,15-1243,Database Architects,ok,15-1243.00,Database Architects,518000,"Computing Infrastructure Providers, Data Processing, Web Hosting, and Related Services",Analytics; Autonomous Vehicles,2026-06-26,https://www.welcometothejungle.com/en/companies/Sl7Enq/jobs/data-engineer_santa-clara-ca_cvdnia3x
237355,Data Scientist (Supply),Anthropic,Anthropic,New York,NY,New York,hybrid,Full Time,275000.0,370000.0,annual_reported,6,parsed_from_text,Not specified,missing,15-2051,Data Scientists,ok,15-2051.00,Data Scientists,518000,"Computing Infrastructure Providers, Data Processing, Web Hosting, and Related Services",AI Safety; Analytics; Causal Inference,2026-06-26,https://www.welcometothejungle.com/en/companies/C5Jui5/jobs/data-scientist-supply_new-york_6th2hs26
237389,"Data Scientist, North America Onboarding Team",Wise,Wise,Texas,TX,Austin,unknown,Full Time,,,missing,,not_found,Not specified,missing,15-2051,Data Scientists,ok,15-2051.00,Data Scientists,518000,"Computing Infrastructure Providers, Data Processing, Web Hosting, and Related Services",Anomaly Detection,2026-06-26,https://www.welcometothejungle.com/en/companies/VWab97/jobs/data-scientist-north-america-onboarding-team_austin
242443,Sr. Data Architect,Careers.wbd.com,WBD,Georgia,GA,Atlanta,unknown,,,,missing,,not_found,Not specified,missing,,,ok,,Not specified,518000,"Computing Infrastructure Providers, Data Processing, Web Hosting, and Related Services",,2026-06-26,https://careers.wbd.com/job/R000106307
241140,Senior Data Engineer,Careers.usbank.com,Usbank,Minnesota,MN,Hopkins,unknown,,,,missing,,not_found,Not specified,missing,15-1243,Database Architects,ok,15-1243.00,Database Architects,518000,"Computing Infrastructure Providers, Data Processing, Web Hosting, and Related Services",,2026-06-26,https://careers.usbank.com/job/2026-0015364
241055,Data Engineer,Careers.cisco.com,Cisco,California,CA,San Jose,unknown,,,,missing,,not_found,Not specified,missing,15-1243,Database Architects,ok,15-1243.00,Database Architects,518000,"Computing Infrastructure Providers, Data Processing, Web Hosting, and Related Services",Big Data,2026-06-26,https://careers.cisco.com/job/2014628
241090,Lead Cloud Data Engineer - Multi-Cloud Data Platforms,Careers.usbank.com,Usbank,Texas,TX,Irving,unknown,,,,missing,,not_found,Not specified,missing,15-1243,Database Architects,ok,15-1243.00,Database Architects,518000,"Computing Infrastructure Providers, Data Processing, Web Hosting, and Related Services",,2026-06-26,https://careers.usbank.com/job/2026-0007494
240985,Data Scientist,Careers.toyota.com,Toyota,Texas,TX,Plano,unknown,,,,missing,,not_found,Not specified,missing,15-2051,Data Scientists,ok,15-2051.00,Data Scientists,518000,"Computing Infrastructure Providers, Data Processing, Web Hosting, and Related Services",Advanced Analytics; Analytics; Business Decisions,2026-06-26,https://careers.toyota.com/job/10330121
241759,Data Analyst III,Jobs.thermofisher.com,Thermofisher,California,CA,Carlsbad,unknown,,,,missing,,not_found,Not specified,missing,15-2051,Data Scientists,ok,15-2051.00,Data Scientists,518000,"Computing Infrastructure Providers, Data Processing, Web Hosting, and Related Services",Advanced Analytics; Analytics; Business Decisions,2026-06-26,https://jobs.thermofisher.com/job/R-01354070
242617,Data Scientist II - Card Fraud,Careers.truist.com,Truist,Georgia,GA,Atlanta,unknown,,,,missing,,not_found,Not specified,missing,15-2051,Data Scientists,ok,15-2051.00,Data Scientists,518000,"Computing Infrastructure Providers, Data Processing, Web Hosting, and Related Services",,2026-06-26,https://careers.truist.com/job/R0115278
244846,"Sr Manager, Machine Learning Engineering",Careers.adobe.com,Adobe,California,CA,San Jose,unknown,,,,missing,,not_found,Not specified,missing,15-2051,Data Scientists,ok,15-2051.00,Data Scientists,518000,"Computing Infrastructure Providers, Data Processing, Web Hosting, and Related Services",,2026-06-26,https://careers.adobe.com/job/R159538
244975,Data Scientist - Anti-Money Laundering Analytics & Modeling,Careers.pnc.com,PNC,Pennsylvania,PA,Pittsburgh,unknown,,,,missing,,not_found,Not specified,missing,15-2051,Data Scientists,ok,15-2051.00,Data Scientists,518000,"Computing Infrastructure Providers, Data Processing, Web Hosting, and Related Services",Analytics,2026-06-26,https://careers.pnc.com/job/R226286
245196,Senior Data Scientist - Neuroscience Spatial Multi-omics,Jobs.merck.com,Merck,Massachusetts,MA,Cambridge,unknown,,,,missing,,not_found,Not specified,missing,15-2051,Data Scientists,ok,15-2051.00,Data Scientists,518000,"Computing Infrastructure Providers, Data Processing, Web Hosting, and Related Services",,2026-06-26,https://jobs.merck.com/job/R404970
242445,Sr. Data Engineer,Careers.wbd.com,WBD,Georgia,GA,Atlanta,unknown,,,,missing,,not_found,Not specified,missing,15-1243,Database Architects,ok,15-1243.00,Database Architects,518000,"Computing Infrastructure Providers, Data Processing, Web Hosting, and Related Services",,2026-06-26,https://careers.wbd.com/job/R000106502
244847,Senior Data Scientist,Careers.adobe.com,Adobe,California,CA,San Francisco,unknown,,,,missing,,not_found,Not specified,missing,15-2051,Data Scientists,ok,15-2051.00,Data Scientists,518000,"Computing Infrastructure Providers, Data Processing, Web Hosting, and Related Services",Analytics,2026-06-26,https://careers.adobe.com/job/R166274
249653,Software Data Engineer,Peraton,Peraton,Maryland,MD,Laurel,unknown,Full Time,,,missing,,not_found,Not specified,missing,15-1243,Database Architects,ok,15-1243.00,Database Architects,518000,"Computing Infrastructure Providers, Data Processing, Web Hosting, and Related Services",,2026-06-25,https://careers-peraton.icims.com/jobs/167988/software-data-engineer/job?in_iframe=1
