job_id,title,company_name_raw,company_name_clean,state_clean,state_abbr,city_raw,remote_status,employment_type,salary_min_annual,salary_max_annual,experience_min_years,education_level,soc_code,soc_name,onet_code,onet_name,naics_code,naics_name,skills,posted_at,apply_url
01d4af420850ac37394fd78bbcf0cebbfc21991a,fixed income data analyst,LSEG (London Stock Exchange Group),London Stock Exchange,New York,36,"Buffalo, NY",[None],Part-time (â‰¤ 32 hours),60200.0,112000.0,,"[
  ""No Education Listed""
]",15-2051,Data Scientists,15-2051.01,Business Intelligence Analysts,518210,"Computing Infrastructure Providers, Data Processing, Web Hosting, and Related Services","[
  ""Mathematics"",
  ""Research"",
  ""Data Validation"",
  ""Analytical Skills"",
  ""Communication"",
  ""Finance"",
  ""Fixed Income"",
  ""Quantitative Research"",
  ""Positivity"",
  ""Data Analysis"",
  ""Detail Oriented"",
  ""Historical Simulation"",
  ""International Finance"",
  ""Resourcefulness"",
  ""Economics"",
  ""Computer Science""
]",8/28/2024,"[
  ""https://lseg.wd3.myworkdayjobs.com/en-US/Careers/job/Buffalo-United-States/Fixed-Income-Data-Analyst_R0092911-1"",
  ""https://www.indeed.com/viewjob?jk=090028b2ac0c6a18"",
  ""https://www.simplyhired.com/job/bbgVsYT-teu5eqb74Zqpt5eS_ntRURJ9-dCb_am3kiGTI5vV0e6bxg""
]"
030d3611e94c418113d43f2ae364b845a330a5f6,data analyst sf,Concentrix,Concentrix,Kansas,20,"Topeka, KS",[None],Full-time (> 32 hours),,,,"[
  ""No Education Listed""
]",15-2051,Data Scientists,15-2051.01,Business Intelligence Analysts,518210,"Computing Infrastructure Providers, Data Processing, Web Hosting, and Related Services","[
  ""Salesforce"",
  ""Effective Communication"",
  ""Relationship Building"",
  ""Office Equipment"",
  ""Data Validation"",
  ""Critical Thinking"",
  ""Cross-Functional Collaboration"",
  ""Problem Solving"",
  ""Microsoft Outlook"",
  ""Communication"",
  ""Leadership"",
  ""Data Analysis"",
  ""Strategic Thinking"",
  ""Business To Business"",
  ""Detail Oriented"",
  ""Microsoft 365"",
  ""Microsoft Excel""
]",8/6/2024,"[
  ""https://dejobs.org/topeka-ks/data-analyst-sf/3A0280AB77A3412D8003E704E74E31E9/job/""
]"
037b510b8ce7c996b4bf7499bd4aa941459d04fd,data analyst,S&P Global,S&P Global,New York,36,"New York, NY",[None],Full-time (> 32 hours),56392.0,98949.0,2,"[
  ""No Education Listed""
]",15-2051,Data Scientists,15-2051.01,Business Intelligence Analysts,518210,"Computing Infrastructure Providers, Data Processing, Web Hosting, and Related Services","[
  ""Automotive Industry"",
  ""Salesforce"",
  ""Quality Control"",
  ""Analytical Thinking"",
  ""Data Extraction"",
  ""Data Science"",
  ""Dataflow"",
  ""Development Environment"",
  ""Communication"",
  ""Vlookups"",
  ""Python (Programming Language)"",
  ""Dealership Management Systems"",
  ""Customer Support"",
  ""Data Quality"",
  ""Dealing With Ambiguity"",
  ""Marketing"",
  ""Data Analysis"",
  ""SQL (Programming Language)"",
  ""C# (Programming Language)"",
  ""Data-Driven Decision Making"",
  ""DataOps"",
  ""Troubleshooting (Problem Solving)"",
  ""Verbal Communication Skills"",
  ""Microsoft Excel"",
  ""Customer Relationship Management"",
  ""Customer Service"",
  ""Pivot Tables And Charts"",
  ""Problem Solving"",
  ""Consumer Behaviour""
]",7/8/2024,"[
  ""https://dejobs.org/new-york-ny/data-analyst/C0458B2CE2994A9993308661A27DEE42/job/"",
  ""https://www.simplyhired.com/job/lHQU8et1GgkICkKm6Me5nJ12s6QKSIbzroKJA9m4-av6X-3jazfllA"",
  ""https://www.efinancialcareers.com/jobs-USA-NY-New_York-Data_Analyst.id21297779"",
  ""https://www.indeed.com/viewjob?jk=e31a52c0a4c85ad9""
]"
057f52e74c2e894ac593a10020eaf734114c6844,data analyst iii,OrangePeople,OrangePeople,California,6,"Menlo Park, CA",[None],Full-time (> 32 hours),,,4,"[
  ""Associate degree""
]",15-2051,Data Scientists,15-2051.01,Business Intelligence Analysts,518210,"Computing Infrastructure Providers, Data Processing, Web Hosting, and Related Services","[
  ""Forecasting"",
  ""Team Building"",
  ""Analytical Skills"",
  ""Innovation"",
  ""Python (Programming Language)"",
  ""Dashboard"",
  ""Leadership"",
  ""Strategic Decision Making"",
  ""Writing"",
  ""Data Analysis"",
  ""SQL (Programming Language)"",
  ""Account Management"",
  ""Consulting"",
  ""Peer Review"",
  ""Computer Programming"",
  ""Problem Solving"",
  ""Data Visualization""
]",7/9/2024,"[
  ""https://www.disabledperson.com/jobs/60281836-data-analyst-iii"",
  ""https://www.dice.com/job-detail/616c5569-f7b5-4805-a7ca-b9d6cefff04d""
]"
05b14f055e94b5f0b57159d5ebe36a42a7e745af,data analyst,SoundCloud,Soundcloud,New York,36,"New York, NY",Remote,Full-time (> 32 hours),75000.0,85000.0,1,"[
  ""Master's degree""
]",15-2051,Data Scientists,15-2051.01,Business Intelligence Analysts,518210,"Computing Infrastructure Providers, Data Processing, Web Hosting, and Related Services","[
  ""Power BI"",
  ""Curiosity"",
  ""BigQuery"",
  ""Business Analytics"",
  ""Product Analytics"",
  ""Data Pipelines"",
  ""Data Science"",
  ""Communication"",
  ""Dataflow"",
  ""Influencing Skills"",
  ""Creative Problem Solving"",
  ""Dashboard"",
  ""Data Quality"",
  ""Decision Making"",
  ""Looker Analytics"",
  ""Strategic Partnership"",
  ""Statistics"",
  ""Extract Transform Load (ETL)"",
  ""Business Intelligence"",
  ""Data Analysis"",
  ""User Research"",
  ""Behavioral Analytics"",
  ""SQL (Programming Language)"",
  ""Scalability"",
  ""Troubleshooting (Problem Solving)"",
  ""Amazon Web Services"",
  ""Apache Airflow"",
  ""Institutional Knowledge"",
  ""Data Visualization"",
  ""Tableau (Business Intelligence Software)"",
  ""Computer Science""
]",7/3/2024,"[
  ""https://www.indeed.com/viewjob?jk=35b65d28c61dcb38"",
  ""https://www.simplyhired.com/job/zYj-sdZq_V9_PrzOA_xm32gqM5YQPHJvoqhEb3mNZG9R7pEs7DpaEA""
]"
05c109046958a1d03c1a2a3787fc1138706d4e52,data analyst ii,Orangepeople,OrangePeople,Washington,53,"Bellevue, WA",[None],Full-time (> 32 hours),,,2,"[
  ""Bachelor's degree""
]",15-2051,Data Scientists,15-2051.01,Business Intelligence Analysts,518210,"Computing Infrastructure Providers, Data Processing, Web Hosting, and Related Services","[
  ""Research"",
  ""Workflow Management"",
  ""Team Building"",
  ""Investigation"",
  ""Data Science"",
  ""Data Engineering"",
  ""Finance"",
  ""Influencing Skills"",
  ""Critical Thinking"",
  ""Innovation"",
  ""PHP (Scripting Language)"",
  ""Python (Programming Language)"",
  ""Investment Decisions"",
  ""Data Analysis"",
  ""Marketing"",
  ""Operations"",
  ""Product Engineering"",
  ""SQL (Programming Language)"",
  ""Organizational Skills"",
  ""Investments"",
  ""Rapid Prototyping"",
  ""Attack Patterns"",
  ""Data Pipelines"",
  ""Account Management"",
  ""Scripting"",
  ""Product Strategy"",
  ""Consulting"",
  ""Sales"",
  ""Peer Review"",
  ""Computer Programming"",
  ""Vulnerability"",
  ""Presentations"",
  ""R (Programming Language)""
]",5/14/2024,"[
  ""https://www.dice.com/job-detail/dad7fc30-1bb0-4073-9f21-a2f22a457bd1"",
  ""https://www.military.com/jobView/data-analyst-ii-job-bellevueredmond-washington-id-core-273409966?page_index=26""
]"
06975c54ed6b5e020b52d6f09a0b880977c9ca26,data analyst,Flexential Corp,Flexential,Colorado,8,"Aurora, CO",[None],Full-time (> 32 hours),,,5,"[
  ""Bachelor's degree"",
  ""Master's degree""
]",15-2051,Data Scientists,15-2051.01,Business Intelligence Analysts,518210,"Computing Infrastructure Providers, Data Processing, Web Hosting, and Related Services","[
  ""Programming Languages"",
  ""Management"",
  ""Data Modeling"",
  ""Agile Methodology"",
  ""Data Extraction"",
  ""Performance Tuning"",
  ""Communication"",
  ""Data Warehousing"",
  ""Data Management"",
  ""Business Process"",
  ""Business Metrics"",
  ""Performance Metric"",
  ""Innovation"",
  ""Python (Programming Language)"",
  ""Emerging Technologies"",
  ""Dashboard"",
  ""Key Performance Indicators (KPIs)"",
  ""Pentaho Data Integration"",
  ""Decision Making"",
  ""Mathematics"",
  ""Data Analysis"",
  ""Statistics"",
  ""Billing"",
  ""Reporting Tools"",
  ""Billing Systems"",
  ""Detail Oriented"",
  ""SQL (Programming Language)"",
  ""Data Collection"",
  ""Data-Driven Decision Making"",
  ""Ergonomics"",
  ""Data Transformation"",
  ""Troubleshooting (Problem Solving)"",
  ""Process Improvement"",
  ""Data Integrity"",
  ""Revenue Management"",
  ""Economics"",
  ""Business Intelligence"",
  ""Problem Solving"",
  ""Database Management"",
  ""Tableau (Business Intelligence Software)"",
  ""Revenue Forecasting"",
  ""Computer Science"",
  ""R (Programming Language)""
]",5/3/2024,"[
  ""https://www.indeed.com/viewjob?jk=4e87e44da92ac24e"",
  ""https://www.simplyhired.com/job/5McK1wLnoci5Yqe-xdWu9GkBBZXGQASvmRkJiI-iJa2PYkgsW58khg""
]"
07abe0fdba4a18d44553c3495e78cbfc97bea556,product data analyst paze,Early Warning Services,Early Warning Services,New York,36,"New York, NY",[None],Full-time (> 32 hours),100000.0,125000.0,4,"[
  ""Bachelor's degree"",
  ""Master's degree""
]",15-2051,Data Scientists,15-2051.01,Business Intelligence Analysts,518210,"Computing Infrastructure Providers, Data Processing, Web Hosting, and Related Services","[
  ""Detail Oriented"",
  ""Office Equipment"",
  ""Management"",
  ""Data Element"",
  ""Business Analytics"",
  ""Data Reporting"",
  ""Process Improvement"",
  ""Business Acumen"",
  ""Analytical Skills"",
  ""Data Manipulation"",
  ""Data Science"",
  ""Data Engineering"",
  ""Data Profiling"",
  ""Amazon Redshift"",
  ""Quantitative Research"",
  ""Finance"",
  ""Critical Thinking"",
  ""Lifting Ability"",
  ""Data Analysis"",
  ""Communication"",
  ""Python (Programming Language)"",
  ""Ad Hoc Analysis"",
  ""Dashboard"",
  ""Leadership"",
  ""Data Quality"",
  ""Decision Making"",
  ""Mathematics"",
  ""Data Mapping"",
  ""Organizational Skills"",
  ""SQL (Programming Language)"",
  ""Multitasking"",
  ""Quick Learning"",
  ""Amazon Web Services"",
  ""Data Lineage"",
  ""Visual Acuity"",
  ""Economics"",
  ""Problem Solving"",
  ""Financial Services"",
  ""Data Visualization"",
  ""Risk Management"",
  ""Tableau (Business Intelligence Software)""
]",9/6/2024,"[
  ""https://earlywarning.wd5.myworkdayjobs.com/en-us/earlywarningcareers/job/product-data-analyst---paze_req2024638"",
  ""http://www.jobsinpaterson.com/job/detail/80887398/Product-Data-Analyst-Paze"",
  ""https://diversityjobs.com/career/9226215/Product-Data-Analyst-Paze-New-York-New-York"",
  ""https://www.simplyhired.com/job/gBG3O_RuLmwJySlfjZAxbem-jxlIK8tdjqsxgkV9Re1rBf5ulkJhvw""
]"
0b098a3f977855ff8bae0c87fa8f46cc310da3bb,lead data analyst,"OCLC, Inc.",Oclc Gmbh Deutschland,Ohio,39,"Dublin, OH",[None],Full-time (> 32 hours),,,10,"[
  ""Master's degree""
]",15-2051,Data Scientists,15-2051.01,Business Intelligence Analysts,518210,"Computing Infrastructure Providers, Data Processing, Web Hosting, and Related Services","[
  ""Mathematics"",
  ""Research"",
  ""Perl (Programming Language)"",
  ""Amazon S3"",
  ""Data Import/Export"",
  ""Process Improvement"",
  ""Performance Tuning"",
  ""Data Science"",
  ""Communication"",
  ""Python (Programming Language)"",
  ""File Transfer Protocol (FTP)"",
  ""Dashboard"",
  ""Leadership"",
  ""Data Quality"",
  ""Data Security"",
  ""Data Analysis"",
  ""Statistics"",
  ""Machine Learning"",
  ""Key Performance Indicators (KPIs)"",
  ""Data Store"",
  ""Extensible Stylesheet Language Transformations (XSLT)"",
  ""Scalability"",
  ""Power BI"",
  ""Query Languages"",
  ""Data Visualization"",
  ""Tableau (Business Intelligence Software)"",
  ""Computer Science"",
  ""R (Programming Language)"",
  ""SQL (Programming Language)"",
  ""Log Files""
]",6/8/2024,"[
  ""https://www.jobit.com/search/jobs/6849891/Lead-Data-Analyst.html"",
  ""https://dejobs.org/dublin-oh/lead-data-analyst/743A5A8D74A84BFDBD040906400FED59/job/""
]"
0b729fcb9d1ad6345776ab73466450681d0d6595,sr business intelligence analyst,Concentrix,Concentrix,Pennsylvania,42,"Harrisburg, PA",[None],Full-time (> 32 hours),,,,"[
  ""No Education Listed""
]",15-2051,Data Scientists,15-2051.01,Business Intelligence Analysts,518210,"Computing Infrastructure Providers, Data Processing, Web Hosting, and Related Services","[
  ""Workflow Management"",
  ""Data Infrastructure"",
  ""Office Equipment"",
  ""Key Performance Indicators (KPIs)"",
  ""Planning"",
  ""Business Metrics"",
  ""Operational Excellence"",
  ""Leadership"",
  ""Thought Leadership"",
  ""Decision Support Systems"",
  ""Marketing"",
  ""Business Intelligence"",
  ""Operations"",
  ""Stakeholder Training"",
  ""SQL (Programming Language)""
]",5/8/2024,"[
  ""https://concentrix.dejobs.org/harrisburg-pa/sr-business-intelligence-analyst/A89FFD4791BD49088D32F90C1B0514D2/job/?vs=167&utm_source=Pennsylvania State Job Bank-DE&utm_medium=NLX&utm_campaign=Pennsylvania State Job Bank""
]"
0b816c99f526d6f4ae582076d9a8e4f1d5ab1771,business analyst sap sd with power bi,Clovity,Clovity,Texas,48,"Austin, TX",[None],Full-time (> 32 hours),145600.0,145600.0,5,"[
  ""No Education Listed""
]",15-2051,Data Scientists,15-2051.01,Business Intelligence Analysts,518210,"Computing Infrastructure Providers, Data Processing, Web Hosting, and Related Services","[
  ""Power BI"",
  ""SAP Sales And Distribution"",
  ""Microsoft Dynamics"",
  ""Customer Relationship Management"",
  ""SAP Supply Chain Management (SCM)""
]",9/18/2024,"[
  ""https://www.simplyhired.com/job/bdaslKn6XgXNfjqyOB7ToIiKnIC7hH9foeVRADBVDc0ySJUShq_Aqw"",
  ""https://www.indeed.com/viewjob?jk=d5aab8d68f41ceda""
]"
0ba884724c4ed26040312f8a58d5128359691633,data analyst product analytics,WEX Inc.,WEX,Texas,48,"Dallas, TX",Remote,Full-time (> 32 hours),82000.0,109000.0,3,"[
  ""No Education Listed""
]",15-2051,Data Scientists,15-2051.01,Business Intelligence Analysts,518210,"Computing Infrastructure Providers, Data Processing, Web Hosting, and Related Services","[
  ""Product Analytics"",
  ""Agile Methodology"",
  ""Thought Leadership"",
  ""Scrum (Software Development)"",
  ""Product Backlog Grooming"",
  ""Cohort Studies"",
  ""Python (Programming Language)"",
  ""Dashboard"",
  ""Product Management"",
  ""Business Intelligence"",
  ""Operations"",
  ""Data Analysis"",
  ""User Research"",
  ""Behavioral Analytics"",
  ""SQL (Programming Language)"",
  ""Scripting"",
  ""Language Experience Approach"",
  ""Statistical Hypothesis Testing"",
  ""Product Flow Diagram"",
  ""Customer Journey Mapping"",
  ""Tableau (Business Intelligence Software)"",
  ""New Product Development"",
  ""R (Programming Language)""
]",5/11/2024,"[
  ""https://www.simplyhired.com/job/uxfv0OzVBGF93MMX9P-Qt3LiL31puHMU41XR-GCe2-nYlZU1BQrJEQ"",
  ""https://www.indeed.com/viewjob?jk=493425156af53bdd""
]"
0e619c4de55e5a2e2e123e01fa281c4778d76587,senior data analyst,Lightcast,Lightcast,Idaho,16,"Moscow, ID",Remote,Full-time (> 32 hours),,,1,"[
  ""Bachelor's degree""
]",15-2051,Data Scientists,15-2051.01,Business Intelligence Analysts,518210,"Computing Infrastructure Providers, Data Processing, Web Hosting, and Related Services","[
  ""Kibana"",
  ""Relational Databases"",
  ""Customer Service"",
  ""Data Cleansing"",
  ""Taxonomy"",
  ""Research"",
  ""Planning"",
  ""Warehousing"",
  ""Data Science"",
  ""Big Data"",
  ""Timelines"",
  ""Communication"",
  ""Vlookups"",
  ""PHP (Scripting Language)"",
  ""Python (Programming Language)"",
  ""Miro"",
  ""Data Analysis"",
  ""Machine Learning"",
  ""Language Arts"",
  ""JIRA"",
  ""Business Requirements"",
  ""Employee Relations"",
  ""Project Management"",
  ""SQL (Programming Language)"",
  ""Engineering Plans And Specifications"",
  ""Amazon Athena"",
  ""Operations Management"",
  ""Conditional Formatting"",
  ""Elasticsearch"",
  ""Scripting"",
  ""Quality Assurance"",
  ""Command-Line Interface"",
  ""Linguistics"",
  ""Metadata"",
  ""Pivot Tables And Charts"",
  ""Sales"",
  ""Database Management""
]",7/9/2024,"[
  ""https://jobs.lever.co/economicmodeling/96c69d0d-d25c-46c8-94de-5f92b72cff66"",
  ""https://idahoworks.gov/jobs/2233655""
]"
0e9ddc1a86dc56002a028b929f16d1c7b62609df,business intelligence analyst,"ApproveShield, LLC",Approveshield,Texas,48,"Richardson, TX",[None],Full-time (> 32 hours),69341.0,83508.0,2,"[
  ""Bachelor's degree""
]",15-2051,Data Scientists,15-2051.01,Business Intelligence Analysts,518210,"Computing Infrastructure Providers, Data Processing, Web Hosting, and Related Services","[
  ""Power BI"",
  ""MySQL"",
  ""Business Analytics"",
  ""Data Reporting"",
  ""Auditing"",
  ""Business Metrics"",
  ""Communication"",
  ""Stored Procedure"",
  ""Dashboard"",
  ""Key Performance Indicators (KPIs)"",
  ""Information Systems"",
  ""Data Quality"",
  ""Data Analysis"",
  ""Business Intelligence"",
  ""Detail Oriented"",
  ""SQL (Programming Language)"",
  ""Data Integrity"",
  ""Problem Solving"",
  ""Tableau (Business Intelligence Software)"",
  ""Computer Science""
]",6/17/2024,"[
  ""https://www.glassdoor.com/job-listing/business-intelligence-analyst-approveshield-llc-JV_IC1140053_KO0,29_KE30,47.htm?jl=1009326902906"",
  ""https://www.indeed.com/viewjob?jk=ca678bbfd91b9dec""
]"
0ec9031aa77e72083ad0f4f68c7a22dc7e2cad0d,data analyst sf,Concentrix,Concentrix,Wisconsin,55,"Madison, WI",[None],Full-time (> 32 hours),,,,"[
  ""No Education Listed""
]",15-2051,Data Scientists,15-2051.01,Business Intelligence Analysts,518210,"Computing Infrastructure Providers, Data Processing, Web Hosting, and Related Services","[
  ""Salesforce"",
  ""Effective Communication"",
  ""Relationship Building"",
  ""Office Equipment"",
  ""Data Validation"",
  ""Critical Thinking"",
  ""Cross-Functional Collaboration"",
  ""Problem Solving"",
  ""Microsoft Outlook"",
  ""Communication"",
  ""Leadership"",
  ""Data Analysis"",
  ""Strategic Thinking"",
  ""Business To Business"",
  ""Detail Oriented"",
  ""Microsoft 365"",
  ""Microsoft Excel""
]",8/6/2024,"[
  ""https://dejobs.org/madison-wi/data-analyst-sf/FF0C89A01FEA40D9A38618CA1F7C10D3/job/""
]"
0ff787231ccbffc1fcfdc2adb7c3195e514c91d4,data analyst hybrid in portland or or des moines ia,Concentrix,Concentrix,Pennsylvania,42,"Harrisburg, PA",Hybrid Remote,Full-time (> 32 hours),,,,"[
  ""No Education Listed""
]",15-2051,Data Scientists,15-2051.01,Business Intelligence Analysts,518210,"Computing Infrastructure Providers, Data Processing, Web Hosting, and Related Services","[
  ""Generally Accepted Accounting Principles"",
  ""Office Equipment"",
  ""Finance"",
  ""Leadership"",
  ""Data Analysis"",
  ""Financial Data"",
  ""Business Requirements"",
  ""Data Discovery"",
  ""Consulting"",
  ""Data Visualization""
]",8/20/2024,"[
  ""https://enableamerica.dejobs.org/harrisburg-pa/data-analyst-hybrid-in-portland-or-or-des-moines-ia/d88d1e6805cf4e58a21dc94e00ee28d2/job"",
  ""https://disabilities.dejobs.org/harrisburg-pa/data-analyst-hybrid-in-portland-or-or-des-moines-ia/d88d1e6805cf4e58a21dc94e00ee28d2/job""
]"
107ffbf32654a532ab79069f03d21111d99e2631,business intelligence analyst product finance,Snowflake,Snowflake Computing,California,6,"San Mateo, CA",[None],Full-time (> 32 hours),,,3,"[
  ""No Education Listed""
]",15-2051,Data Scientists,15-2051.01,Business Intelligence Analysts,518210,"Computing Infrastructure Providers, Data Processing, Web Hosting, and Related Services","[
  ""Enterprise Resource Planning"",
  ""Power BI"",
  ""Cloud Computing"",
  ""Research"",
  ""Agile Methodology"",
  ""BigQuery"",
  ""Business Systems"",
  ""Data Modeling"",
  ""Data Architecture"",
  ""Microsoft Azure"",
  ""Financial Planning"",
  ""Parsing"",
  ""Prioritization"",
  ""Safety Assurance"",
  ""Automation"",
  ""Data Science"",
  ""C++ Server Pages"",
  ""Snowflake (Data Warehouse)"",
  ""Amazon Redshift"",
  ""Creative Thinking"",
  ""Finance"",
  ""Scrum (Software Development)"",
  ""Communication"",
  ""Python (Programming Language)"",
  ""Cost Structures"",
  ""Leadership"",
  ""Looker Analytics"",
  ""Attribution Modeling"",
  ""Data Analysis"",
  ""Business Intelligence"",
  ""SQL (Programming Language)"",
  ""Cloud Financial Management (FinOps)"",
  ""Data Transformation"",
  ""Data Pipelines"",
  ""Amazon Web Services"",
  ""Usability Testing"",
  ""Software As A Service (SaaS)"",
  ""Google Cloud Platform (GCP)"",
  ""Data Quality Assessment"",
  ""Tableau (Business Intelligence Software)"",
  ""Data Security""
]",5/7/2024,"[
  ""https://www.indeed.com/viewjob?jk=2bfdfe170dc716b7"",
  ""https://careers.snowflake.com/us/en/job/7439289002/business-intelligence-analyst-product-finance"",
  ""https://fairygodboss.com/jobs/snowflake/business-intelligence-analyst-product-finance-e5ce16a986db345401d2db099f91d6c5"",
  ""https://careers.snowflake.com/us/en/job/7439289002/Business-Intelligence-Analyst-Product-Finance"",
  ""https://www.simplyhired.com/job/JQ5EEgFddmmcwCUh67MHQ3eAcHQumdBEqzAekiMdx-ejCNWjQvyF-w""
]"
10acd9d1b2c69ce3d8817530dc2962ccb6e692af,data analyst hybrid in portland or or des moines ia,Concentrix,Concentrix,Louisiana,22,"Baton Rouge, LA",Hybrid Remote,Full-time (> 32 hours),,,,"[
  ""No Education Listed""
]",15-2051,Data Scientists,15-2051.01,Business Intelligence Analysts,518210,"Computing Infrastructure Providers, Data Processing, Web Hosting, and Related Services","[
  ""Generally Accepted Accounting Principles"",
  ""Office Equipment"",
  ""Finance"",
  ""Leadership"",
  ""Data Analysis"",
  ""Financial Data"",
  ""Business Requirements"",
  ""Data Discovery"",
  ""Consulting"",
  ""Data Visualization""
]",8/20/2024,"[
  ""https://enableamerica.dejobs.org/baton-rouge-la/data-analyst-hybrid-in-portland-or-or-des-moines-ia/e9dcb75960c04df8b6f4fc767948215b/job"",
  ""https://disabilities.dejobs.org/baton-rouge-la/data-analyst-hybrid-in-portland-or-or-des-moines-ia/e9dcb75960c04df8b6f4fc767948215b/job""
]"
110a6da3f132eda5df708c9e5125244ac4e9fcef,data analyst,Surescripts,Surescripts,Minnesota,27,"Minneapolis, MN",[None],Full-time (> 32 hours),91350.0,111650.0,2,"[
  ""Bachelor's degree""
]",15-2051,Data Scientists,15-2051.01,Business Intelligence Analysts,518210,"Computing Infrastructure Providers, Data Processing, Web Hosting, and Related Services","[
  ""Reliability"",
  ""Relational Databases"",
  ""Code Review"",
  ""Curiosity"",
  ""Research"",
  ""Office Equipment"",
  ""Business Analytics"",
  ""Continuous Improvement Process"",
  ""Data Wrangling"",
  ""Agile Methodology"",
  ""Business Acumen"",
  ""Analytical Skills"",
  ""Statistical Analysis"",
  ""Data Mining"",
  ""Data Science"",
  ""Communication"",
  ""Data Warehousing"",
  ""Consolidation"",
  ""Streamlining"",
  ""Self Service Technologies"",
  ""Front End (Software Engineering)"",
  ""Systems Development Life Cycle"",
  ""Google Analytics"",
  ""Dashboard"",
  ""Leadership"",
  ""Analytics"",
  ""Decision Making"",
  ""Looker Analytics"",
  ""Decision Support Systems"",
  ""Problem Management"",
  ""Data Analysis"",
  ""Statistics"",
  ""Applied Mathematics"",
  ""Root Cause Analysis"",
  ""Web Analytics"",
  ""Data Lakes"",
  ""Detail Oriented"",
  ""SQL (Programming Language)"",
  ""Data Modeling"",
  ""SAS (Software)"",
  ""Troubleshooting (Problem Solving)"",
  ""Quality Assurance"",
  ""Data Structures"",
  ""Power BI"",
  ""Statistical Methods"",
  ""Extract Transform Load (ETL)"",
  ""Oracle SQL Developer"",
  ""Data Governance"",
  ""Problem Solving"",
  ""Writing"",
  ""Database Design"",
  ""Data Visualization"",
  ""Tableau (Business Intelligence Software)"",
  ""Computer Science"",
  ""R (Programming Language)""
]",5/23/2024,"[
  ""https://www.simplyhired.com/job/TYajZUeFZ25zObSPmrnU0ciXnYtEMH9aokGjrm3xKiuQS0n_HSywrw"",
  ""https://www.indeed.com/viewjob?jk=28e9ee0543a69a72""
]"
11aa63370018c8848a3c9fbfeffce63a84c1b724,data analyst ts sci clearance,Peraton,Peraton,Colorado,8,"Colorado Springs, CO",[None],Full-time (> 32 hours),104000.0,166000.0,5,"[
  ""Bachelor's degree"",
  ""Master's degree"",
  ""Ph.D. or professional degree""
]",15-2051,Data Scientists,15-2051.01,Business Intelligence Analysts,518210,"Computing Infrastructure Providers, Data Processing, Web Hosting, and Related Services","[
  ""Empirical Research"",
  ""Stata"",
  ""Mathematics"",
  ""Research"",
  ""Microsoft PowerPoint"",
  ""Data Intelligence"",
  ""Analytic Applications"",
  ""ArcGIS (GIS Software)"",
  ""Microsoft Excel"",
  ""International Relations"",
  ""Planning"",
  ""Python (Programming Language)"",
  ""Analytical Dashboard"",
  ""SPSS (Statistical Software)"",
  ""Big Data"",
  ""Political Sciences"",
  ""Open Source Intelligence"",
  ""Quantum GIS (QGIS)"",
  ""Leadership"",
  ""Data Analysis"",
  ""Statistics"",
  ""Semi-Structured Data"",
  ""Machine Learning"",
  ""Operational Reporting"",
  ""Research Design"",
  ""Operations"",
  ""Physics"",
  ""Natural Language Processing (NLP)"",
  ""Top Secret-Sensitive Compartmented Information (TS/SCI Clearance)"",
  ""Data Synthesis"",
  ""Statistical Packages"",
  ""Cultural Anthropology"",
  ""Quantitative Analysis"",
  ""Operational Planning"",
  ""Communication Studies"",
  ""Geospatial Analysis"",
  ""Qualitative Research"",
  ""Data Visualization"",
  ""Computer Science"",
  ""R (Programming Language)""
]",8/19/2024,"[
  ""https://www.dice.com/job-detail/aa8619ba-b704-41e1-bb83-a7a7038e54e9"",
  ""https://www.simplyhired.com/job/v7hPCd1rPA3--khMHGHSpoqLaQFKUVMl7RlTmch_CPr9yQgWXqvH_g"",
  ""https://www.glassdoor.com/job-listing/data-analyst-colorado-springs-co-ts-sci-clearance-peraton-JV_IC1148136_KO0,49_KE50,57.htm?jl=1009413108790"",
  ""https://www.indeed.com/viewjob?jk=47054c6920fd6470"",
  ""https://disabilities.dejobs.org/colorado-springs-co/data-analyst-colorado-springs-co-tssci-clearance/c15605e3990a4c3f80fdfa2338961123/job"",
  ""https://www.clearancejobs.com/jobs/7882595/data-analyst-colorado-springs-co-tssci-clearance"",
  ""https://dejobs.org/colorado-springs-co/data-analyst-colorado-springs-co-tssci-clearance/11B83F8AB1C84A418BE91D1BA165F13A/job/"",
  ""https://disabilities.dejobs.org/colorado-springs-co/data-analyst-colorado-springs-co-tssci-clearance/11b83f8ab1c84a418be91d1ba165f13a/job"",
  ""https://dejobs.org/colorado-springs-co/data-analyst-colorado-springs-co-tssci-clearance/E5518D4A263345BBA4D8DDA878E6EAA7/job/"",
  ""https://dejobs.org/colorado-springs-co/data-analyst-colorado-springs-co-tssci-clearance/5FBDC3EF4B2B4FCD8C5A928C5C2F982C/job/"",
  ""https://diversityjobs.com/career/8832497/data-analyst-colorado-springs-co-ts-sci-clearance-colorado-colorado-springs"",
  ""https://diversityjobs.com/career/8834151/Data-Analyst-Colorado-Springs-Co-Ts-Sci-Clearance-Colorado-Colorado-Springs"",
  ""https://diversityjobs.com/career/8832497/Data-Analyst-Colorado-Springs-Co-Ts-Sci-Clearance-Colorado-Colorado-Springs"",
  ""https://www.clearancejobs.com/jobs/7882592/data-analyst-colorado-springs-co-tssci-clearance"",
  ""https://www.dice.com/job-detail/dddba127-2e44-487c-8a02-8598cd1b69c9""
]"
12003987dd7694f2b1780af488d48522ffbdc364,cyber ops risk analyst data engineer,Peraton,Peraton,Maryland,24,"Fort Meade, MD",[None],Full-time (> 32 hours),112000.0,179000.0,12,"[
  ""Bachelor's degree"",
  ""Ph.D. or professional degree""
]",15-2051,Data Scientists,15-2051.01,Business Intelligence Analysts,518210,"Computing Infrastructure Providers, Data Processing, Web Hosting, and Related Services","[
  ""Mitigation"",
  ""NoSQL"",
  ""Research"",
  ""Data Storage"",
  ""Management"",
  ""Control Systems"",
  ""Apache NiFi"",
  ""Risk Analysis"",
  ""Planning"",
  ""IAT Level II Certification"",
  ""Cloud-Native Computing"",
  ""Statistical Analysis"",
  ""Parsing"",
  ""Apache Kafka"",
  ""Data Warehousing"",
  ""Data Management"",
  ""Big Data"",
  ""Cost Benefit Analysis"",
  ""Mathematics"",
  ""Communication"",
  ""Data Engineering"",
  ""Economics"",
  ""Decision Making"",
  ""Content Analysis"",
  ""Data Analysis"",
  ""Operations Research"",
  ""Operational Analysis"",
  ""Operational Risk"",
  ""Operations"",
  ""Risk Management"",
  ""Data Store"",
  ""SQL (Programming Language)"",
  ""Data Collection"",
  ""Top Secret-Sensitive Compartmented Information (TS/SCI Clearance)"",
  ""Economic Analysis"",
  ""Writing""
]",7/9/2024,"[
  ""http://www.jobsinrockville.com/job/detail/80140578/Cyber-Ops-Risk-Analyst-Data-Engineer"",
  ""https://www.clearancejobs.com/jobs/7813329/cyber-ops-risk-analyst-data-engineer"",
  ""https://www.dice.com/job-detail/b613db79-4238-419f-91da-de8b81674a58""
]"
13f49a88577c52c07cc3d4c8c6ea139f5798e771,data analyst hybrid in portland or or des moines ia,Concentrix,Concentrix,Wisconsin,55,"Madison, WI",Hybrid Remote,Full-time (> 32 hours),,,,"[
  ""No Education Listed""
]",15-2051,Data Scientists,15-2051.01,Business Intelligence Analysts,518210,"Computing Infrastructure Providers, Data Processing, Web Hosting, and Related Services","[
  ""Generally Accepted Accounting Principles"",
  ""Office Equipment"",
  ""Finance"",
  ""Leadership"",
  ""Data Analysis"",
  ""Financial Data"",
  ""Business Requirements"",
  ""Data Discovery"",
  ""Consulting"",
  ""Data Visualization""
]",8/20/2024,"[
  ""https://dejobs.org/madison-wi/data-analyst-hybrid-in-portland-or-or-des-moines-ia/9EF0696DA00340BAA3C4411E3C567220/job/"",
  ""https://disabilities.dejobs.org/madison-wi/data-analyst-hybrid-in-portland-or-or-des-moines-ia/9ef0696da00340baa3c4411e3c567220/job"",
  ""https://enableamerica.dejobs.org/madison-wi/data-analyst-hybrid-in-portland-or-or-des-moines-ia/9ef0696da00340baa3c4411e3c567220/job""
]"
13fdcbecf4fe7e45b4751ab85b35db6ce32aa450,data analyst hybrid in portland or or des moines ia,Concentrix,Concentrix,Missouri,29,"Jefferson City, MO",Hybrid Remote,Full-time (> 32 hours),,,,"[
  ""No Education Listed""
]",15-2051,Data Scientists,15-2051.01,Business Intelligence Analysts,518210,"Computing Infrastructure Providers, Data Processing, Web Hosting, and Related Services","[
  ""Generally Accepted Accounting Principles"",
  ""Office Equipment"",
  ""Finance"",
  ""Leadership"",
  ""Data Analysis"",
  ""Financial Data"",
  ""Business Requirements"",
  ""Data Discovery"",
  ""Consulting"",
  ""Data Visualization""
]",8/20/2024,"[
  ""https://dejobs.org/jefferson-city-mo/data-analyst-hybrid-in-portland-or-or-des-moines-ia/F449E9D6E27B4441B7D774B1B2669A29/job/"",
  ""https://disabilities.dejobs.org/jefferson-city-mo/data-analyst-hybrid-in-portland-or-or-des-moines-ia/f449e9d6e27b4441b7d774b1b2669a29/job"",
  ""https://enableamerica.dejobs.org/jefferson-city-mo/data-analyst-hybrid-in-portland-or-or-des-moines-ia/f449e9d6e27b4441b7d774b1b2669a29/job""
]"
1471f8e785856f22bda17fbb30d593013d72ea19,data analyst hybrid in portland or or des moines ia,Concentrix,Concentrix,Texas,48,"Austin, TX",Hybrid Remote,Full-time (> 32 hours),,,,"[
  ""No Education Listed""
]",15-2051,Data Scientists,15-2051.01,Business Intelligence Analysts,518210,"Computing Infrastructure Providers, Data Processing, Web Hosting, and Related Services","[
  ""Generally Accepted Accounting Principles"",
  ""Office Equipment"",
  ""Finance"",
  ""Leadership"",
  ""Data Analysis"",
  ""Financial Data"",
  ""Business Requirements"",
  ""Data Discovery"",
  ""Consulting"",
  ""Data Visualization""
]",8/20/2024,"[
  ""https://enableamerica.dejobs.org/austin-tx/data-analyst-hybrid-in-portland-or-or-des-moines-ia/1abb4455868d4434bae7483265b24721/job"",
  ""https://dejobs.org/austin-tx/data-analyst-hybrid-in-portland-or-or-des-moines-ia/1ABB4455868D4434BAE7483265B24721/job/"",
  ""https://disabilities.dejobs.org/austin-tx/data-analyst-hybrid-in-portland-or-or-des-moines-ia/1abb4455868d4434bae7483265b24721/job""
]"
14d880ae40307e8d183e4b570f718ac1d687c53c,principal data architect analytics,Highspot,Highspot,Washington,53,"Seattle, WA",[None],Full-time (> 32 hours),167826.0,252174.0,10,"[
  ""Bachelor's degree"",
  ""Master's degree""
]",15-2051,Data Scientists,15-2051.01,Business Intelligence Analysts,518210,"Computing Infrastructure Providers, Data Processing, Web Hosting, and Related Services","[
  ""Data Infrastructure"",
  ""Apache Hadoop"",
  ""Data Modeling"",
  ""Data Architecture"",
  ""Microsoft Azure"",
  ""Communication"",
  ""Data Warehousing"",
  ""Big Data"",
  ""Governance"",
  ""Python (Programming Language)"",
  ""Emerging Technologies"",
  ""Apache Spark"",
  ""Mentorship"",
  ""Information Systems"",
  ""Technical Leadership"",
  ""Data Quality"",
  ""Machine Learning"",
  ""Data Lakes"",
  ""Data Analysis"",
  ""SQL (Programming Language)"",
  ""Scalability"",
  ""Amazon Web Services"",
  ""Extract Transform Load (ETL)"",
  ""Data Governance"",
  ""Artificial Intelligence"",
  ""Problem Solving"",
  ""Computer Science"",
  ""Data Security"",
  ""Google Cloud Platform (GCP)""
]",7/10/2024,"[
  ""https://jobs.lever.co/highspot/84d46791-072f-4ad9-8fe0-5ba7aae23aca""
]"
1518e0fb589e447650a44393cd9e00db784e91ae,business intelligence analyst,AXS,Axs,California,6,"Los Angeles, CA",[None],Full-time (> 32 hours),81209.0,121814.0,4,"[
  ""Bachelor's degree""
]",15-2051,Data Scientists,15-2051.01,Business Intelligence Analysts,518210,"Computing Infrastructure Providers, Data Processing, Web Hosting, and Related Services","[
  ""Presentations"",
  ""Management"",
  ""Business Analytics"",
  ""Advanced Analytics"",
  ""Business Acumen"",
  ""Analytical Skills"",
  ""Statistical Analysis"",
  ""Microsoft Office"",
  ""Qualitative Analysis"",
  ""Python (Programming Language)"",
  ""Adobe Analytics"",
  ""Analytics"",
  ""Data Quality"",
  ""Looker Analytics"",
  ""Data Analysis"",
  ""Customer Data Management"",
  ""Strategic Planning"",
  ""Performance Reporting"",
  ""Marketing"",
  ""Management Information Systems"",
  ""Web Analytics"",
  ""Business Intelligence"",
  ""Operations"",
  ""Detail Oriented"",
  ""SQL (Programming Language)"",
  ""SAS (Software)"",
  ""Verbal Communication Skills"",
  ""Economics"",
  ""Business Development"",
  ""Data Visualization"",
  ""Social Media Marketing"",
  ""R (Programming Language)""
]",8/12/2024,"[
  ""https://www.teamworkonline.com/multiple-properties/aeg-sports/axs-jobs/business-intelligence-analyst-2089752"",
  ""https://www.indeed.com/viewjob?jk=7089837b811d8191""
]"
16b2d909a94adf0ba94e8e1b92268edae99e19ad,data analyst hybrid in portland or or des moines ia,Concentrix,Concentrix,Kansas,20,"Topeka, KS",Hybrid Remote,Full-time (> 32 hours),,,,"[
  ""No Education Listed""
]",15-2051,Data Scientists,15-2051.01,Business Intelligence Analysts,518210,"Computing Infrastructure Providers, Data Processing, Web Hosting, and Related Services","[
  ""Generally Accepted Accounting Principles"",
  ""Office Equipment"",
  ""Finance"",
  ""Leadership"",
  ""Data Analysis"",
  ""Financial Data"",
  ""Business Requirements"",
  ""Data Discovery"",
  ""Consulting"",
  ""Data Visualization""
]",8/20/2024,"[
  ""https://enableamerica.dejobs.org/topeka-ks/data-analyst-hybrid-in-portland-or-or-des-moines-ia/3f0185922f67468eae9bc3e573e2f9a5/job"",
  ""https://www.kansasworks.com/jobs/13025615"",
  ""https://disabilities.dejobs.org/topeka-ks/data-analyst-hybrid-in-portland-or-or-des-moines-ia/3f0185922f67468eae9bc3e573e2f9a5/job""
]"
16bf7dbde6734249e204771dde99928d84c4856b,data engineer analytics engineering,PitchBook Data,Morningstar,Washington,53,"Seattle, WA",[None],Full-time (> 32 hours),125000.0,150000.0,3,"[
  ""Bachelor's degree""
]",15-2051,Data Scientists,15-2051.01,Business Intelligence Analysts,518210,"Computing Infrastructure Providers, Data Processing, Web Hosting, and Related Services","[
  ""Power BI"",
  ""Prioritization"",
  ""Data Modeling"",
  ""Business Analytics"",
  ""Data Manipulation"",
  ""Data Engineering"",
  ""Data Warehousing"",
  ""Docker (Software)"",
  ""Data Architecture"",
  ""Finance"",
  ""Python (Programming Language)"",
  ""Dashboard"",
  ""Data Security"",
  ""Corporate Travel Management"",
  ""Data Analysis"",
  ""Marketing Research"",
  ""Data Lakes"",
  ""Key Performance Indicators (KPIs)"",
  ""Product Engineering"",
  ""SQL (Programming Language)"",
  ""Business Logic"",
  ""Regression Analysis"",
  ""DataOps"",
  ""Customer Success Management"",
  ""Data Pipelines"",
  ""Data Duplication Management"",
  ""Scripting"",
  ""Quality Assurance"",
  ""Sales"",
  ""Tableau (Business Intelligence Software)"",
  ""Computer Science""
]",9/12/2024,"[
  ""https://careers.pitchbook.com/global/en/job/4329297006/Data-Engineer-Analytics-Engineering"",
  ""https://dejobs.org/seattle-wa/data-engineer-analytics-engineering/4E7BD7224B744584A96A089886D6D503/job/"",
  ""https://diversityjobs.com/career/9317467/Data-Engineer-Analytics-Engineering-Washington-Seattle"",
  ""https://www.themuse.com/jobs/pitchbookdata/data-engineer-analytics-engineering""
]"
17096df7234f22037dde531937dd1cda8b8267c9,business intelligence analyst,Peraton,Peraton,Virginia,51,"Arlington, VA",[None],Full-time (> 32 hours),51000.0,82000.0,3,"[
  ""Bachelor's degree""
]",15-2051,Data Scientists,15-2051.01,Business Intelligence Analysts,518210,"Computing Infrastructure Providers, Data Processing, Web Hosting, and Related Services","[
  ""Presentations"",
  ""Timelines"",
  ""Verbal Communication Skills"",
  ""Statistics"",
  ""Strategic Planning"",
  ""Business Intelligence"",
  ""Operations"",
  ""Project Integration"",
  ""Program Management""
]",8/21/2024,"[
  ""https://careers-peraton.icims.com/jobs/149435/business-intelligence-analyst/job"",
  ""https://www.clearancejobs.com/jobs/7887144/business-intelligence-analyst"",
  ""https://www.indeed.com/viewjob?jk=f45855571ef8494f"",
  ""https://careers-peraton.icims.com/jobs/150741/business-intelligence-analyst/job"",
  ""https://diversityjobs.com/career/9615326/business-intelligence-analyst-virginia-arlington"",
  ""https://diversityjobs.com/career/9615326/Business-Intelligence-Analyst-Virginia-Arlington"",
  ""https://www.simplyhired.com/job/E-QuIvX5peokWYX1MuIHh9z8v2aln7wBJJQQTybWRiv3_a0bhG7Z3w"",
  ""https://www.indeed.com/viewjob?jk=823c21a47f69a3cb"",
  ""https://www.dice.com/job-detail/e1326c40-6fb3-4327-a3a0-e3e2f2bed92c""
]"
17d6979514d855edf44b32ef1d4d339cac9b8322,data analyst revenue operations,PitchBook Data,Morningstar,Washington,53,"Seattle, WA",[None],Full-time (> 32 hours),60675.0,95000.0,3,"[
  ""Bachelor's degree"",
  ""Master's degree""
]",15-2051,Data Scientists,15-2051.01,Business Intelligence Analysts,518210,"Computing Infrastructure Providers, Data Processing, Web Hosting, and Related Services","[
  ""Performance Analysis"",
  ""Business Objectives"",
  ""Power BI"",
  ""Customer Service"",
  ""Stakeholder Engagement"",
  ""Business Analytics"",
  ""Customer Engagement"",
  ""Operational Efficiency"",
  ""Analytical Skills"",
  ""Data Science"",
  ""Auditing"",
  ""Finance"",
  ""Customer Retention"",
  ""Business Metrics"",
  ""Performance Metric"",
  ""Dashboard"",
  ""Revenue Recognition"",
  ""Leadership"",
  ""Decision Making"",
  ""Looker Analytics"",
  ""Corporate Travel Management"",
  ""Data Analysis"",
  ""Statistics"",
  ""Sales Optimization"",
  ""Marketing"",
  ""Reporting Tools"",
  ""Business Intelligence"",
  ""Operations"",
  ""Key Performance Indicators (KPIs)"",
  ""SQL (Programming Language)"",
  ""Revenue Operations"",
  ""Lead Generation"",
  ""Go-to-Market Strategy"",
  ""Data-Driven Decision Making"",
  ""Customer Success Management"",
  ""Quality Assurance"",
  ""Sales"",
  ""Data Governance"",
  ""Sales Pipelines"",
  ""Revenue Growth"",
  ""Tableau (Business Intelligence Software)""
]",9/4/2024,"[
  ""https://www.themuse.com/jobs/pitchbookdata/data-analyst-revenue-operations""
]"
17fc8658f311d86f33a988f1df0bbfa32792c040,business intelligence analyst accounting,Snowflake Inc.,Snowflake Computing,California,6,"Dublin, CA",[None],Full-time (> 32 hours),102000.0,136500.0,2,"[
  ""No Education Listed""
]",15-2051,Data Scientists,15-2051.01,Business Intelligence Analysts,518210,"Computing Infrastructure Providers, Data Processing, Web Hosting, and Related Services","[
  ""Power BI"",
  ""Research"",
  ""Agile Methodology"",
  ""BigQuery"",
  ""Business Systems"",
  ""Data Modeling"",
  ""Data Architecture"",
  ""Financial Planning"",
  ""Data Reporting"",
  ""Parsing"",
  ""Prioritization"",
  ""Safety Assurance"",
  ""Automation"",
  ""Amazon Redshift"",
  ""Creative Thinking"",
  ""Finance"",
  ""Scrum (Software Development)"",
  ""Communication"",
  ""Python (Programming Language)"",
  ""Dashboard"",
  ""Decision Making"",
  ""Looker Analytics"",
  ""Business Intelligence"",
  ""SQL (Programming Language)"",
  ""Data Pipelines"",
  ""Usability Testing"",
  ""Enterprise Resource Planning"",
  ""Data Quality Assessment"",
  ""Accounting"",
  ""Tableau (Business Intelligence Software)"",
  ""Data Security""
]",5/2/2024,"[
  ""https://www.themuse.com/jobs/snowflake/business-intelligence-analyst-accounting"",
  ""https://fairygodboss.com/jobs/snowflake/business-intelligence-analyst-accounting-3c408e3344db3cd8931a6a6a6d41fbea"",
  ""https://careers.snowflake.com/us/en/job/7311839002/Business-Intelligence-Analyst-Accounting""
]"
188be90ecebb6e8575533beedb1b599af945dd8c,data analyst hybrid in portland or or des moines ia,Concentrix,Concentrix,Ohio,39,"Columbus, OH",Hybrid Remote,Full-time (> 32 hours),,,,"[
  ""No Education Listed""
]",15-2051,Data Scientists,15-2051.01,Business Intelligence Analysts,518210,"Computing Infrastructure Providers, Data Processing, Web Hosting, and Related Services","[
  ""Generally Accepted Accounting Principles"",
  ""Office Equipment"",
  ""Finance"",
  ""Leadership"",
  ""Data Analysis"",
  ""Financial Data"",
  ""Business Requirements"",
  ""Data Discovery"",
  ""Consulting"",
  ""Data Visualization""
]",8/20/2024,"[
  ""https://disabilities.dejobs.org/columbus-oh/data-analyst-hybrid-in-portland-or-or-des-moines-ia/a71f23db2e1344a9bff34f98c798fdb7/job"",
  ""https://enableamerica.dejobs.org/columbus-oh/data-analyst-hybrid-in-portland-or-or-des-moines-ia/a71f23db2e1344a9bff34f98c798fdb7/job""
]"
196f9a18f19608bf4c6129258c02db0453c44dce,data analyst,Peraton,Peraton,Virginia,51,"Arlington, VA",[None],Full-time (> 32 hours),86000.0,138000.0,5,"[
  ""Bachelor's degree""
]",15-2051,Data Scientists,15-2051.01,Business Intelligence Analysts,518210,"Computing Infrastructure Providers, Data Processing, Web Hosting, and Related Services","[
  ""Power BI"",
  ""Data Analysis"",
  ""Workflow Management"",
  ""Management"",
  ""Cisco Certified Network Associate Security (CCNA Security)"",
  ""Azure Data Lake"",
  ""Agile Methodology"",
  ""Microsoft Azure"",
  ""Distributed Revision Control"",
  ""Systems Security Certified Practitioner"",
  ""GIAC Global Industrial Cyber Security Professional"",
  ""GIAC Certifications"",
  ""Domain Knowledge"",
  ""Security Clearance"",
  ""Secret Clearance"",
  ""Data Warehousing"",
  ""Big Data"",
  ""GIAC Security Essentials Certification (GSEC)"",
  ""CompTIA Cybersecurity Analyst (CySA+)"",
  ""Graphic Design"",
  ""Azure Synapse Analytics"",
  ""Technical Engineering"",
  ""Python (Programming Language)"",
  ""Dashboard"",
  ""Information Systems"",
  ""Data Quality"",
  ""Azure Data Factory"",
  ""Certified Chief Information Security Officer"",
  ""CompTIA Security+ CE"",
  ""Administrative Support"",
  ""Performance Testing"",
  ""Certified Secure Software Lifecycle Professional"",
  ""CompTIA CASP+ CE"",
  ""SQL (Programming Language)"",
  ""Top Secret-Sensitive Compartmented Information (TS/SCI Clearance)"",
  ""Certified Information Systems Security Professional"",
  ""Certified Information Security Manager"",
  ""Data Ingestion"",
  ""Cyber Security Management"",
  ""GIAC Security Leadership Certification"",
  ""Activities Of Daily Living (ADLs)"",
  ""Data Visualization"",
  ""Tableau (Business Intelligence Software)""
]",9/24/2024,"[
  ""https://diversityjobs.com/career/9492547/Data-Analyst-Virginia-Rosslyn"",
  ""https://www.simplyhired.com/job/FCK637rIsK7NtangPyJ2Z7YT6BK23DJDO0oDCnsF80HIAngx2TKnvg"",
  ""https://www.indeed.com/viewjob?jk=cb02e0c0d9e28c82"",
  ""https://www.dice.com/job-detail/a294c49d-eab2-4a53-a96b-ed7552db65e5"",
  ""https://www.clearancejobs.com/jobs/7953833/data-analyst"",
  ""https://careers-peraton.icims.com/jobs/150500/data-analyst/job""
]"
197538c828addc978694f4743691b7d3e1b87a0a,data analyst with qlk sense,E-Solutions Inc.,E-Solutions Group,Arizona,4,"Phoenix, AZ",[None],Full-time (> 32 hours),,,4,"[
  ""No Education Listed""
]",15-2051,Data Scientists,15-2051.01,Business Intelligence Analysts,518210,"Computing Infrastructure Providers, Data Processing, Web Hosting, and Related Services","[
  ""Qlik Sense (Data Analytics Software)"",
  ""Self-Motivation"",
  ""Communication"",
  ""Stored Procedure"",
  ""Composure"",
  ""Data Quality"",
  ""Business Requirements"",
  ""Writing"",
  ""Data Analysis"",
  ""SQL (Programming Language)"",
  ""Scalability"",
  ""Data Consistency"",
  ""Power BI"",
  ""SQL Server Reporting Services"",
  ""Business Intelligence"",
  ""Problem Solving"",
  ""PostgreSQL""
]",8/26/2024,"[
  ""https://jobsapi.ceipal.com/APISource/v3/index.html?job_id=z5G7h3l6a1kMvyS65NP3cxX3g7cnGEU9GJ9f3uzi4lg=#""
]"
1a0d5a9e3b8db1765ea62e13907e943650ad0dff,data analyst iv,Orangepeople,OrangePeople,California,6,"Menlo Park, CA",[None],Full-time (> 32 hours),,,8,"[
  ""No Education Listed""
]",15-2051,Data Scientists,15-2051.01,Business Intelligence Analysts,518210,"Computing Infrastructure Providers, Data Processing, Web Hosting, and Related Services","[
  ""Forecasting"",
  ""Team Building"",
  ""Analytical Skills"",
  ""Innovation"",
  ""Dashboard"",
  ""Leadership"",
  ""Data Analysis"",
  ""Strategic Decision Making"",
  ""Database Management Systems"",
  ""Account Management"",
  ""Consulting"",
  ""Peer Review"",
  ""Generative Artificial Intelligence"",
  ""Database Management""
]",5/14/2024,"[
  ""https://www.dice.com/job-detail/0e9cd468-b283-4db2-982d-ab6d27f8f409"",
  ""https://www.military.com/jobView/data-analyst-iv-job-silicon-valleypeninsula-california-id-core-273432540?page_index=18""
]"
1a589d23095896c1ee999b4422a1c516e3709fae,data engineer analytics technical leadership,INSTAGRAM,Instagram,California,6,"Menlo Park, CA",[None],Full-time (> 32 hours),,,10,"[
  ""Bachelor's degree""
]",15-2051,Data Scientists,15-2051.01,Business Intelligence Analysts,518210,"Computing Infrastructure Providers, Data Processing, Web Hosting, and Related Services","[
  ""Object-Oriented Programming (OOP)"",
  ""Data Infrastructure"",
  ""Data Modeling"",
  ""Data Warehousing"",
  ""Software Engineering"",
  ""Unstructured Data"",
  ""Data Architecture"",
  ""Influencing Skills"",
  ""Governance"",
  ""Data Engineering"",
  ""Python (Programming Language)"",
  ""Full Stack Development"",
  ""Dashboard"",
  ""Leadership"",
  ""Technical Leadership"",
  ""Data Quality"",
  ""Collections"",
  ""Mathematics"",
  ""Communication"",
  ""Project Management"",
  ""Triage"",
  ""SQL (Programming Language)"",
  ""Data Analysis"",
  ""Extract Transform Load (ETL)"",
  ""MapReduce"",
  ""Computer Engineering"",
  ""Writing"",
  ""Data Recording"",
  ""Computer Science""
]",7/2/2024,"[
  ""https://about.instagram.com/careers/806718098217101/""
]"
1ba959f74a58f8805f3756b5ad0e01de9daa6619,data analyst private markets,PitchBook Data,Morningstar,Washington,53,"Seattle, WA",[None],Full-time (> 32 hours),55000.0,83000.0,1,"[
  ""Bachelor's degree""
]",15-2051,Data Scientists,15-2051.01,Business Intelligence Analysts,518210,"Computing Infrastructure Providers, Data Processing, Web Hosting, and Related Services","[
  ""Financial Services Authority"",
  ""Detail Oriented"",
  ""Capital Markets"",
  ""Programming Languages"",
  ""Research"",
  ""Workflow Management"",
  ""Team Building"",
  ""Critical Thinking"",
  ""Discounted Cash Flow"",
  ""Communication"",
  ""Microsoft Office"",
  ""Financial Market"",
  ""Finance"",
  ""Database Management Systems"",
  ""Health Maintenance"",
  ""Microsoft Outlook"",
  ""Python (Programming Language)"",
  ""Employee Assistance Programs"",
  ""Emerging Technologies"",
  ""Venture Capital"",
  ""Blog Posts"",
  ""Corporate Travel Management"",
  ""Data Analysis"",
  ""Emotional Health"",
  ""Product Engineering"",
  ""SQL (Programming Language)"",
  ""Rate Of Return"",
  ""Chartered Financial Analyst"",
  ""Microsoft Excel"",
  ""DataOps"",
  ""Investment Banking"",
  ""Newsletters"",
  ""Economics"",
  ""Business Administration"",
  ""Financial Services"",
  ""Private Equity""
]",6/13/2024,"[
  ""https://careers.pitchbook.com/global/en/job/4373393006/Data-Analyst-Private-Markets"",
  ""https://seeker.worksourcewa.com/jobview/GetJob.aspx?JobID=275501753&JobTitle=Data+Analyst%2c+Private+Markets&isjs=2&rad_units=miles&pp=25&nosal=true&vw=b&setype=2&pg=23&jsrdt=09%2f24%2f2024+05%3a09%3a23&jpt=1"",
  ""https://www.laceyrecruiter.com/professions-jobs/3676679799/data-analyst-private-markets"",
  ""https://www.indeed.com/viewjob?jk=668f4d0ca230f201""
]"
1c1f3e7a3c5fa407eb1de1b390cdb4fe933ff7ee,senior data analyst predictive analytics and insights,ISN SOFTWARE CORPORATION,Isn Software Corporation,Texas,48,"Dallas, TX",Remote,Full-time (> 32 hours),63000.0,131000.0,2,"[
  ""Master's degree""
]",15-2051,Data Scientists,15-2051.01,Business Intelligence Analysts,518210,"Computing Infrastructure Providers, Data Processing, Web Hosting, and Related Services","[
  ""Research"",
  ""Workflow Management"",
  ""Predictive Modeling"",
  ""Business Analytics"",
  ""Data Manipulation"",
  ""Automation"",
  ""Data Science"",
  ""Predictive Analytics"",
  ""Python (Programming Language)"",
  ""Dashboard"",
  ""Decision Making"",
  ""Templates"",
  ""Management Information Systems"",
  ""Business Intelligence"",
  ""Data Analysis"",
  ""Alteryx"",
  ""SQL (Programming Language)"",
  ""Process Improvement"",
  ""Software Development"",
  ""Tableau (Business Intelligence Software)""
]",8/26/2024,"[
  ""https://www.workintexas.com/vosnet/jobbanks/jobdetails.aspx?enc=9B8/uT7EfbEIDLIMZ8rhowzqyZjsNU1dBVrIZPNl61aLdeYEgg50x36hjNUp+PGjkNiDA9ZH9ZDpZ+R3TTeHww9imO8ORpOj/VghoRdDL7zh7fLXVu4sb0Vl8iFe5KpmhOEXtuMN3i9xibCXMeFC8J5Z7tAtu/lCV6nb2onzRD0/efwAEdt+uoNd+PoMlvxAA9FQ2CHqPupX9ytq+IncO9Ht7fKyCd+cbRsAcWGYo79Cy9kyK64t3bPzaazu8HUGKqvJUCuhyf/DkwkU+EkQfSwlwoM8VVIVLpxfJNIUx0PVQzg2lOdI6AUJOVchTY0Jr1wQle7Nzp8YOdQdO2V3iITaG6apTHLW/7GG8YiP6hY7+1CxLKDNuCOBI0vYjQ4kf7HVW/dmiG6qAs+3eeQdoR/kn6xgLtXiRLZGZpbOpIIck6OMi3PwCzPiuPBnxKc/UDarH9RDOw1Lf8y2D3TBYCUqc29A0mZT9Xx4lw+4lQE7ISkythAmAjhKqfG376u8g4+f0qxPd3VSM8FDXkRdcYMKBPBW6yA4sHbdOfbYMq1FB486m4VXRlsvO+bDAVLw"",
  ""https://www.workintexas.com/vosnet/jobbanks/jobdetails.aspx?enc=9B8/uT7EfbEIDLIMZ8rhowzqyZjsNU1dBVrIZPNl61aLdeYEgg50x36hjNUp+PGjkNiDA9ZH9ZDpZ+R3TTeHww9imO8ORpOj/VghoRdDL7zh7fLXVu4sb0Vl8iFe5KpmhOEXtuMN3i9xibCXMeFC8J5Z7tAtu/lCV6nb2onzRD0/efwAEdt+uoNd+PoMlvxAA9FQ2CHqPupX9ytq+IncOzDBWGjj8TBeNqNFahmLYXOF5/wa8cug/843an9m+mfiGs/T9GwY/BImmCh+3rvW7Ktq6Wo4BelfkizH0VNvkcbhkRWjs5gz0HlxCN2rjtikSGFZFkWKwGL8lt4Hn+QEgC7tomRhckwreCi7g1ufkZb1FSAM5ZRuU27tiop5fdSywtjhF9aFP+ZM/KPuolzjCcNtrz4fwl3e7LnR9aPA7uUJJhg05OE5aymzVfwFPAK3/pXbQNUM9C5xiwTEpKVd43prQkZiln5CyGjnQdUsI1Cuz6eKyCstmRVIvYY+m5ezHAjpG2AFu7fP5Mt92E7Qjs2fukIo+TggxNDCFnsAVAtSe34CiTllRYyi1I7df7kxmQTMFEbmaZB/XSFsa5q/bg=="",
  ""https://www.workintexas.com/vosnet/jobbanks/jobdetails.aspx?enc=9B8/uT7EfbEIDLIMZ8rhowzqyZjsNU1dBVrIZPNl61aLdeYEgg50x36hjNUp+PGjkNiDA9ZH9ZDpZ+R3TTeHww9imO8ORpOj/VghoRdDL7zh7fLXVu4sb0Vl8iFe5KpmhOEXtuMN3i9xibCXMeFC8J5Z7tAtu/lCV6nb2onzRD0/efwAEdt+uoNd+PoMlvxAA9FQ2CHqPupX9ytq+IncO5Ny+9SSfLjJ5/GtraJ2C2ZU+XYtmHqIMfo3v8B3fUJn+83Uf24Uh0AxBSmaHFoN32b31GuvMYejHMvTmJtl1Yzr1fS0Fir+m9VVGJLrUQgXoPJSKTv4pxZBHnrNZM0dBDLBAtKhgzRmQrNG7Kf62nOG+0ddQndTdFWykTIYROh/0tHJXBpMFBgsXWaclYWHszbrUMd9ueyPomyy+1yKZ4NTTLY66g9PEmnvwzZmJzzqklarE8ZMJC4Iya4KNl3Xc5+ewaip8Liy1K6Zzxq14xCPqprZZK2ajnK3GrNgzYsSOnYIIziTpSMIDWcWHZuVZeJ+fyNajnIzXFw2GCQluAWaa3cVaDMk0TXZjyFCtkQtxhFN4yw5YpK1qEVWssTXfw=="",
  ""https://www.workintexas.com/vosnet/jobbanks/jobdetails.aspx?enc=9B8/uT7EfbEIDLIMZ8rhowzqyZjsNU1dBVrIZPNl61aLdeYEgg50x36hjNUp+PGjkNiDA9ZH9ZDpZ+R3TTeHww9imO8ORpOj/VghoRdDL7zh7fLXVu4sb0Vl8iFe5KpmhOEXtuMN3i9xibCXMeFC8J5Z7tAtu/lCV6nb2onzRD0/efwAEdt+uoNd+PoMlvxAA9FQ2CHqPupX9ytq+IncOy1DEa8diAqkr9Ul1nxOpmh1fqazwnLhe4WL/BhmXtWhifTz/gM9NSn3u4lPm1FRz1yuZlSGFGXEtCZNmx+xi4HavXHNAeM9bawq/v0YIofgyGz0Ew2L6U5Q93/ASfr92DS9ZE5QPlDGRz40sgP9fJQyq5CEEbtVYdDa2EWFafCdyYRfi1cd6x8ptId9L9WUXb/V+e3RneUj+KnpkzY676G1vY+zdU6xwR6rj2n/lzN4F88ATU3F94WMGYIpScNtC9eBhy0CmfrEHbQmrczQjzu5W0MGUGe4pY5iyIjdkQiIKj9EBja9ezodhmsfACWTiNvWBJ+8KHwkW2H93ssMAXaNrs3oA7KsKZ6mVblJd5iIYcczYAXExB6tpAXUj8WBZA=="",
  ""https://www.workintexas.com/vosnet/jobbanks/jobdetails.aspx?enc=9B8/uT7EfbEIDLIMZ8rhowzqyZjsNU1dBVrIZPNl61aLdeYEgg50x36hjNUp+PGjkNiDA9ZH9ZDpZ+R3TTeHww9imO8ORpOj/VghoRdDL7zh7fLXVu4sb0Vl8iFe5KpmhOEXtuMN3i9xibCXMeFC8J5Z7tAtu/lCV6nb2onzRD0/efwAEdt+uoNd+PoMlvxAA9FQ2CHqPupX9ytq+IncO8tqaoKDyom4keGr9j53zMO7jeJGOxCc3/xEG15VTSdyNKJC1oV87yxw8+MNtQOQwM+YDIXyk3UKTAqztEBx9Np16bjYyB7nh3HlS8GxxU2UedSJpp2F6Gb859uxbdFmhTxXdjHSfr2WQKbK/BubPPJ5cFef5INaswMuvJVKWmKxoZLx8cuY4UZdNJqLiUS5+RLUq1rCyxapVeqO4EHO84nIHb8tqBukDd/dm9hEdlBfUsDQ/Wx1MJcAP3wIO4OQPQTfOxEYZjZlMO8ijiNDtwq1JssZO7541SMq8FBP6FAIocAFmwRowl//VM+QHFpigr/JL/ujYiS78qi7LWKOgLSpADvsqeOGPrqS1VR/Fq3k""
]"
1c90f0adbfe90899a200e466502d8ba6318537a1,data analyst,Aveshka Inc,Aveshka,Virginia,51,"Vienna, VA",Remote,Full-time (> 32 hours),,,3,"[
  ""Bachelor's degree""
]",15-2051,Data Scientists,15-2051.01,Business Intelligence Analysts,518210,"Computing Infrastructure Providers, Data Processing, Web Hosting, and Related Services","[
  ""Research"",
  ""Presentations"",
  ""ServiceNow"",
  ""Prioritization"",
  ""Quality Control"",
  ""Data Modeling"",
  ""Atlassian Confluence"",
  ""Timelines"",
  ""Data Analysis"",
  ""Algorithms"",
  ""Dashboard"",
  ""JIRA"",
  ""Workflow Management"",
  ""Metadata"",
  ""Engineering Management"",
  ""Computer Science""
]",8/8/2024,"[
  ""http://www.jobsinrockville.com/job/detail/80535265/Data-Analyst"",
  ""https://workforcenow.adp.com/mascsr/default/mdf/recruitment/recruitment.html?cid=925fa185-6c8a-4638-99a9-b179f20a81f2&ccId=19000101_000001&jobId=9200720041183_1"",
  ""https://www.simplyhired.com/job/TNBiWbYNtO7SwU-3IBLMqHid54uc1R5j5mqDns3nxZCQHMSYWCCWEA""
]"
1ccb55ed4afa9569099ec56cc19a812c59c363fd,data engineer analytics technical leadership,Instagram,Instagram,New York,36,"New York, NY",[None],Full-time (> 32 hours),206000.0,281000.0,10,"[
  ""Bachelor's degree""
]",15-2051,Data Scientists,15-2051.01,Business Intelligence Analysts,518210,"Computing Infrastructure Providers, Data Processing, Web Hosting, and Related Services","[
  ""Object-Oriented Programming (OOP)"",
  ""Data Infrastructure"",
  ""Data Modeling"",
  ""Data Warehousing"",
  ""Software Engineering"",
  ""Unstructured Data"",
  ""Data Architecture"",
  ""Influencing Skills"",
  ""Governance"",
  ""Data Engineering"",
  ""Python (Programming Language)"",
  ""Full Stack Development"",
  ""Dashboard"",
  ""Leadership"",
  ""Technical Leadership"",
  ""Data Quality"",
  ""Collections"",
  ""Mathematics"",
  ""Communication"",
  ""Project Management"",
  ""Triage"",
  ""SQL (Programming Language)"",
  ""Data Analysis"",
  ""Extract Transform Load (ETL)"",
  ""MapReduce"",
  ""Computer Engineering"",
  ""Writing"",
  ""Data Recording"",
  ""Computer Science""
]",9/3/2024,"[
  ""https://www.themuse.com/jobs/meta/data-engineer-analytics-technical-leadership-4785e5"",
  ""https://www.disabledperson.com/jobs/61131466-data-engineer-analytics-technical-leadership""
]"
1e7dac0f82bf528aea574d4ab316999d6fdac03e,data analyst hybrid in portland or or des moines ia,Concentrix,Concentrix,Minnesota,27,"Saint Paul, MN",Hybrid Remote,Full-time (> 32 hours),,,,"[
  ""No Education Listed""
]",15-2051,Data Scientists,15-2051.01,Business Intelligence Analysts,518210,"Computing Infrastructure Providers, Data Processing, Web Hosting, and Related Services","[
  ""Generally Accepted Accounting Principles"",
  ""Office Equipment"",
  ""Finance"",
  ""Leadership"",
  ""Data Analysis"",
  ""Financial Data"",
  ""Business Requirements"",
  ""Data Discovery"",
  ""Consulting"",
  ""Data Visualization""
]",8/20/2024,"[
  ""https://dejobs.org/saint-paul-mn/data-analyst-hybrid-in-portland-or-or-des-moines-ia/5EA117F663D14BC4ABE3B387D1EA8BB8/job/"",
  ""https://enableamerica.dejobs.org/saint-paul-mn/data-analyst-hybrid-in-portland-or-or-des-moines-ia/5ea117f663d14bc4abe3b387d1ea8bb8/job"",
  ""https://disabilities.dejobs.org/saint-paul-mn/data-analyst-hybrid-in-portland-or-or-des-moines-ia/5ea117f663d14bc4abe3b387d1ea8bb8/job""
]"
1fe63313880a94ccfca201c248bc78ac5fa048b1,data analyst,Surescripts,Surescripts,Minnesota,27,"Minneapolis, MN",[None],Full-time (> 32 hours),91350.0,111650.0,2,"[
  ""Bachelor's degree""
]",15-2051,Data Scientists,15-2051.01,Business Intelligence Analysts,518210,"Computing Infrastructure Providers, Data Processing, Web Hosting, and Related Services","[
  ""Relational Databases"",
  ""Code Review"",
  ""Curiosity"",
  ""Research"",
  ""Office Equipment"",
  ""Business Analytics"",
  ""Data Wrangling"",
  ""Patient Safety"",
  ""Agile Methodology"",
  ""Business Acumen"",
  ""Statistical Analysis"",
  ""Data Mining"",
  ""Data Science"",
  ""Communication"",
  ""Data Warehousing"",
  ""Consolidation"",
  ""Streamlining"",
  ""Self Service Technologies"",
  ""Front End (Software Engineering)"",
  ""Systems Development Life Cycle"",
  ""Google Analytics"",
  ""Dashboard"",
  ""Leadership"",
  ""Analytics"",
  ""Decision Making"",
  ""Looker Analytics"",
  ""Decision Support Systems"",
  ""Problem Management"",
  ""Data Analysis"",
  ""Statistics"",
  ""Applied Mathematics"",
  ""Root Cause Analysis"",
  ""Web Analytics"",
  ""Data Lakes"",
  ""Detail Oriented"",
  ""SQL (Programming Language)"",
  ""Data Modeling"",
  ""SAS (Software)"",
  ""Troubleshooting (Problem Solving)"",
  ""Quality Assurance"",
  ""Data Structures"",
  ""Power BI"",
  ""Statistical Methods"",
  ""Extract Transform Load (ETL)"",
  ""Oracle SQL Developer"",
  ""Data Governance"",
  ""Problem Solving"",
  ""Writing"",
  ""Database Design"",
  ""Data Visualization"",
  ""Tableau (Business Intelligence Software)"",
  ""Computer Science"",
  ""R (Programming Language)""
]",7/24/2024,"[
  ""https://www.simplyhired.com/job/dht-uSzgduHD98iNrv5MwmNPiUAstzN4ZPM6f8niWr-NIIfIC06Z3g"",
  ""https://www.themuse.com/jobs/surescripts/data-analyst-b582b9"",
  ""https://www.glassdoor.com/job-listing/data-analyst-surescripts-JV_IC1142551_KO0,12_KE13,24.htm?jl=1009442960039"",
  ""https://www.indeed.com/viewjob?jk=267085caa153bbe3"",
  ""https://www.minnesotajobnetwork.com/job/detail/79573898/data-analyst""
]"
201a150b73e6a176bbce616eced6dd6ecd6d3ac5,data analyst hybrid in portland or or des moines ia,Concentrix,Concentrix,South Carolina,45,"Columbia, SC",Hybrid Remote,Full-time (> 32 hours),,,,"[
  ""No Education Listed""
]",15-2051,Data Scientists,15-2051.01,Business Intelligence Analysts,518210,"Computing Infrastructure Providers, Data Processing, Web Hosting, and Related Services","[
  ""Generally Accepted Accounting Principles"",
  ""Office Equipment"",
  ""Finance"",
  ""Leadership"",
  ""Data Analysis"",
  ""Financial Data"",
  ""Business Requirements"",
  ""Data Discovery"",
  ""Consulting"",
  ""Data Visualization""
]",8/20/2024,"[
  ""https://enableamerica.dejobs.org/columbia-sc/data-analyst-hybrid-in-portland-or-or-des-moines-ia/7746a6b80c2b44fdb1f6edd831bacad7/job"",
  ""https://dejobs.org/columbia-sc/data-analyst-hybrid-in-portland-or-or-des-moines-ia/7746A6B80C2B44FDB1F6EDD831BACAD7/job/"",
  ""https://disabilities.dejobs.org/columbia-sc/data-analyst-hybrid-in-portland-or-or-des-moines-ia/7746a6b80c2b44fdb1f6edd831bacad7/job""
]"
2037b0b07347c8bea77b3e40889f071114c83a1c,data analyst video platform usds,TikTok,Tiktok,Washington,53,"Seattle, WA",[None],Full-time (> 32 hours),82227.0,128355.0,2,"[
  ""Bachelor's degree"",
  ""Master's degree""
]",15-2051,Data Scientists,15-2051.01,Business Intelligence Analysts,518210,"Computing Infrastructure Providers, Data Processing, Web Hosting, and Related Services","[
  ""Kibana"",
  ""Power BI"",
  ""Mathematics"",
  ""Data Mining"",
  ""Courage"",
  ""Python (Programming Language)"",
  ""Live Streaming"",
  ""Looker Analytics"",
  ""Data Analysis"",
  ""Statistics"",
  ""Operations"",
  ""SQL (Programming Language)"",
  ""Scripting"",
  ""Video Streaming"",
  ""Economics"",
  ""Problem Solving"",
  ""TikTok"",
  ""Data Visualization"",
  ""Tableau (Business Intelligence Software)"",
  ""Computer Science""
]",5/12/2024,"[
  ""https://careers.tiktok.com/position/7342934026754656522/detail"",
  ""https://fairygodboss.com/jobs/tiktok/data-analyst-video-platform-usds-e1385f2caae3c1fca828c94dd6ae5ae9""
]"
209be5d2fcc492008df4990bf7a1372611497ad8,data analyst,ALLO Communications,ALLO Fiber,Nebraska,31,"Lincoln, NE",[None],Full-time (> 32 hours),,,,"[
  ""Bachelor's degree""
]",15-2051,Data Scientists,15-2051.01,Business Intelligence Analysts,518210,"Computing Infrastructure Providers, Data Processing, Web Hosting, and Related Services","[
  ""Power BI"",
  ""SAP BusinessObjects"",
  ""Research"",
  ""Management"",
  ""Customer Service"",
  ""Problem Solving"",
  ""Ability To Meet Deadlines"",
  ""Business Process"",
  ""Communication"",
  ""Python (Programming Language)"",
  ""Dashboard"",
  ""Presentations"",
  ""Data Quality"",
  ""Data Analysis"",
  ""Strategic Decision Making"",
  ""Interpersonal Communications"",
  ""DbVisualizer"",
  ""Expectation Management"",
  ""SQL (Programming Language)"",
  ""Negotiation"",
  ""Amazon Web Services"",
  ""Microsoft Excel"",
  ""Pivot Tables And Charts"",
  ""Business Process Automation""
]",6/12/2024,"[
  ""https://www.indeed.com/viewjob?jk=956847a26c03ce37"",
  ""https://www.glassdoor.com/job-listing/data-analyst-allo-communications-JV_IC1136371_KO0,12_KE13,32.htm?jl=1009320332451"",
  ""https://www.simplyhired.com/job/BdwHjTdoZQHWK-ie9YHbKF4uB2Iy-RCflJLvchV0LbXeIOgkkKwy1Q""
]"
23e3719ff5daca0eca437f90d107cb0a9cb82bcd,data analyst hybrid in portland or or,Concentrix,Concentrix,Iowa,19,"Des Moines, IA",Hybrid Remote,Full-time (> 32 hours),,,,"[
  ""No Education Listed""
]",15-2051,Data Scientists,15-2051.01,Business Intelligence Analysts,518210,"Computing Infrastructure Providers, Data Processing, Web Hosting, and Related Services","[
  ""Generally Accepted Accounting Principles"",
  ""Office Equipment"",
  ""Finance"",
  ""Leadership"",
  ""Data Analysis"",
  ""Financial Data"",
  ""Business Requirements"",
  ""Data Discovery"",
  ""Consulting"",
  ""Data Visualization""
]",8/20/2024,"[
  ""https://disabilities.dejobs.org/des-moines-ia/data-analyst-hybrid-in-portland-or-or-des-moines-ia/dff77cdf23ee4e389d828007d4f0de61/job"",
  ""https://enableamerica.dejobs.org/des-moines-ia/data-analyst-hybrid-in-portland-or-or-des-moines-ia/dff77cdf23ee4e389d828007d4f0de61/job""
]"
257561f10293bcc257d46de21cb91d32059cb465,data analyst product analytics,WEX Inc.,WEX,Maine,23,"Portland, ME",Remote,Full-time (> 32 hours),82000.0,109000.0,3,"[
  ""No Education Listed""
]",15-2051,Data Scientists,15-2051.01,Business Intelligence Analysts,518210,"Computing Infrastructure Providers, Data Processing, Web Hosting, and Related Services","[
  ""Product Analytics"",
  ""Agile Methodology"",
  ""Thought Leadership"",
  ""Scrum (Software Development)"",
  ""Product Backlog Grooming"",
  ""Cohort Studies"",
  ""Python (Programming Language)"",
  ""Dashboard"",
  ""Product Management"",
  ""Business Intelligence"",
  ""Operations"",
  ""Data Analysis"",
  ""User Research"",
  ""Behavioral Analytics"",
  ""SQL (Programming Language)"",
  ""Scripting"",
  ""Language Experience Approach"",
  ""Statistical Hypothesis Testing"",
  ""Product Flow Diagram"",
  ""Customer Journey Mapping"",
  ""Tableau (Business Intelligence Software)"",
  ""New Product Development"",
  ""R (Programming Language)""
]",5/12/2024,"[
  ""https://joblink.maine.gov/jobs/1078135""
]"
275e72b8a81a476b6850316e353f32b6f7d0d01d,data analyst v,OrangePeople,OrangePeople,New York,36,"[Unknown City], NY",[None],Full-time (> 32 hours),,,,"[
  ""Bachelor's degree""
]",15-2051,Data Scientists,15-2051.01,Business Intelligence Analysts,518210,"Computing Infrastructure Providers, Data Processing, Web Hosting, and Related Services","[
  ""Team Building"",
  ""Causal Inference"",
  ""Analytical Skills"",
  ""Coordinating"",
  ""Leadership"",
  ""Dashboard"",
  ""Database Development"",
  ""Strategic Decision Making"",
  ""Machine Learning"",
  ""Database Management Systems"",
  ""Operational Databases"",
  ""Data Analysis"",
  ""SQL (Programming Language)"",
  ""Data Modeling"",
  ""Project Scoping"",
  ""Account Management"",
  ""Business Strategies"",
  ""Peer Review"",
  ""Computer Programming"",
  ""Problem Solving"",
  ""Database Management"",
  ""Data Visualization"",
  ""Tableau (Business Intelligence Software)""
]",8/14/2024,"[
  ""https://www.dice.com/job-detail/cc7ad59c-fa38-4c17-9dd1-4b4eed46f969""
]"
27cf3d6b84d7a8fd6ec42dd8de960044c16e831d,data analyst hybrid in portland or or des moines ia,Concentrix,Concentrix,Oklahoma,40,"Oklahoma City, OK",Hybrid Remote,Full-time (> 32 hours),,,,"[
  ""No Education Listed""
]",15-2051,Data Scientists,15-2051.01,Business Intelligence Analysts,518210,"Computing Infrastructure Providers, Data Processing, Web Hosting, and Related Services","[
  ""Generally Accepted Accounting Principles"",
  ""Office Equipment"",
  ""Finance"",
  ""Leadership"",
  ""Data Analysis"",
  ""Financial Data"",
  ""Business Requirements"",
  ""Data Discovery"",
  ""Consulting"",
  ""Data Visualization""
]",8/20/2024,"[
  ""https://disabilities.dejobs.org/oklahoma-city-ok/data-analyst-hybrid-in-portland-or-or-des-moines-ia/96c1c43e179540a981d9e2a35edfcdfd/job"",
  ""https://enableamerica.dejobs.org/oklahoma-city-ok/data-analyst-hybrid-in-portland-or-or-des-moines-ia/96c1c43e179540a981d9e2a35edfcdfd/job""
]"
29e8dc30539450d4cbf0560f2dd5a99097b7a68f,data analyst iv customer experience product analyst,OrangePeople,OrangePeople,California,6,"Sunnyvale, CA",[None],Full-time (> 32 hours),,,6,"[
  ""No Education Listed""
]",15-2051,Data Scientists,15-2051.01,Business Intelligence Analysts,518210,"Computing Infrastructure Providers, Data Processing, Web Hosting, and Related Services","[
  ""Social Media Monitoring"",
  ""Customer Service"",
  ""Medallia"",
  ""Team Building"",
  ""Product Analytics"",
  ""Sprinklr"",
  ""Customer Centricity"",
  ""Text Mining"",
  ""Product Design"",
  ""Data Science"",
  ""BrandWatch"",
  ""Predictive Analytics"",
  ""Strategic Decision Making"",
  ""Finance"",
  ""Influencing Skills"",
  ""Social Listening"",
  ""Machine Learning Model Training"",
  ""Customer Advocacy"",
  ""Innovation"",
  ""Dashboard"",
  ""Decision Making"",
  ""Looker Analytics"",
  ""Social Media Analytics"",
  ""Mathematics"",
  ""Data Analysis"",
  ""Business Statistics"",
  ""Communication"",
  ""Marketing"",
  ""Key Performance Indicators (KPIs)"",
  ""SQL (Programming Language)"",
  ""Machine Learning"",
  ""Ad Hoc Reporting"",
  ""Account Management"",
  ""Consulting"",
  ""Power BI"",
  ""Peer Review"",
  ""Product Quality (QA/QC)"",
  ""Tableau (Business Intelligence Software)"",
  ""Surveys""
]",8/22/2024,"[
  ""https://www.dice.com/job-detail/5ee0642d-5b0c-4e7b-8582-e92959b4cc0d""
]"
2a09ebabd6272950123697f7659b29df75dc255b,enterprise security staff systems business analyst,Intuit,Intuit,Texas,48,"New York, TX",[None],Full-time (> 32 hours),186500.0,252500.0,5,"[
  ""No Education Listed""
]",15-2051,Data Scientists,15-2051.01,Business Intelligence Analysts,518210,"Computing Infrastructure Providers, Data Processing, Web Hosting, and Related Services","[
  ""Business Objectives"",
  ""Mitigation"",
  ""Research"",
  ""Workflow Management"",
  ""Risk Prioritization"",
  ""Certified Information System Auditor (CISA)"",
  ""Prioritization"",
  ""Automation"",
  ""Continuous Improvement Process"",
  ""Key Performance Indicators (KPIs)"",
  ""Technology Solutions"",
  ""Certified Fraud Examiner"",
  ""Insider Threat"",
  ""Agile Methodology"",
  ""Data Science"",
  ""Drilldown"",
  ""Incident Response"",
  ""Cyber Security"",
  ""Usability"",
  ""Statistical Modeling"",
  ""Endpoint Security"",
  ""Business Process"",
  ""Innovation"",
  ""Python (Programming Language)"",
  ""Dashboard"",
  ""Time Management"",
  ""Enterprise Security"",
  ""Network Security"",
  ""Machine Learning"",
  ""JIRA"",
  ""Security Information And Event Management (SIEM)"",
  ""Security Technology"",
  ""Root Cause Analysis"",
  ""Investigation"",
  ""Cloud Access Security Broker Tools (CASBs)"",
  ""Data Loss Prevention"",
  ""User Research"",
  ""Behavioral Analytics"",
  ""Product Engineering"",
  ""Triage"",
  ""SQL (Programming Language)"",
  ""Certified Cloud Security Professional (CCSP)"",
  ""Scalability"",
  ""Data Collection"",
  ""Corporate Security"",
  ""Endpoint Detection And Response"",
  ""CyberArk"",
  ""Certified Information Systems Security Professional"",
  ""Prototyping"",
  ""Forecasting"",
  ""Physical Security Professional"",
  ""Software As A Service (SaaS)"",
  ""Statistical Methods"",
  ""Threat Detection"",
  ""Data Conversion"",
  ""Certified Public Accountant"",
  ""Certified Information Privacy Professional"",
  ""Functional Testing"",
  ""Program Management"",
  ""Artificial Intelligence"",
  ""Netskope"",
  ""Advanced Analytics"",
  ""Identity And Access Management"",
  ""Data Access"",
  ""Computer Science""
]",9/5/2024,"[
  ""https://jobs.intuit.com/job/new-york/enterprise-security-staff-systems-business-analyst/27595/69597597440""
]"
2a9aecb820f236be822f61abf42a061660cefd01,data analyst hybrid in portland or or des moines ia,Concentrix,Concentrix,Vermont,50,"Montpelier, VT",Hybrid Remote,Full-time (> 32 hours),,,,"[
  ""No Education Listed""
]",15-2051,Data Scientists,15-2051.01,Business Intelligence Analysts,518210,"Computing Infrastructure Providers, Data Processing, Web Hosting, and Related Services","[
  ""Generally Accepted Accounting Principles"",
  ""Office Equipment"",
  ""Finance"",
  ""Leadership"",
  ""Data Analysis"",
  ""Financial Data"",
  ""Business Requirements"",
  ""Data Discovery"",
  ""Consulting"",
  ""Data Visualization""
]",8/20/2024,"[
  ""https://disabilities.dejobs.org/montpelier-vt/data-analyst-hybrid-in-portland-or-or-des-moines-ia/3139c7477e6e47668b45601168ae9164/job"",
  ""https://www.vermontjoblink.com/jobs/1185396"",
  ""https://enableamerica.dejobs.org/montpelier-vt/data-analyst-hybrid-in-portland-or-or-des-moines-ia/3139c7477e6e47668b45601168ae9164/job""
]"
2bb98b340e642e71f48b3b81710c203eab5a6277,data analyst hybrid in portland or or des moines ia,Concentrix,Concentrix,Arizona,4,"Phoenix, AZ",Hybrid Remote,Full-time (> 32 hours),,,,"[
  ""No Education Listed""
]",15-2051,Data Scientists,15-2051.01,Business Intelligence Analysts,518210,"Computing Infrastructure Providers, Data Processing, Web Hosting, and Related Services","[
  ""Generally Accepted Accounting Principles"",
  ""Office Equipment"",
  ""Finance"",
  ""Leadership"",
  ""Data Analysis"",
  ""Financial Data"",
  ""Business Requirements"",
  ""Data Discovery"",
  ""Consulting"",
  ""Data Visualization""
]",8/20/2024,"[
  ""https://disabilities.dejobs.org/phoenix-az/data-analyst-hybrid-in-portland-or-or-des-moines-ia/25c459da9a41431a8a44ee85e9682b7e/job"",
  ""https://enableamerica.dejobs.org/phoenix-az/data-analyst-hybrid-in-portland-or-or-des-moines-ia/25c459da9a41431a8a44ee85e9682b7e/job""
]"
2bc1d1683774c8718ff6d305b7b27023ca1cf2ae,data analyst sf,Concentrix,Concentrix,Alabama,1,"Montgomery, AL",[None],Full-time (> 32 hours),,,,"[
  ""No Education Listed""
]",15-2051,Data Scientists,15-2051.01,Business Intelligence Analysts,518210,"Computing Infrastructure Providers, Data Processing, Web Hosting, and Related Services","[
  ""Salesforce"",
  ""Effective Communication"",
  ""Relationship Building"",
  ""Office Equipment"",
  ""Data Validation"",
  ""Critical Thinking"",
  ""Cross-Functional Collaboration"",
  ""Problem Solving"",
  ""Microsoft Outlook"",
  ""Communication"",
  ""Leadership"",
  ""Data Analysis"",
  ""Strategic Thinking"",
  ""Business To Business"",
  ""Detail Oriented"",
  ""Microsoft 365"",
  ""Microsoft Excel""
]",8/6/2024,"[
  ""https://dejobs.org/montgomery-al/data-analyst-sf/7B58A9329242410B9230851D8658B035/job/""
]"
2d848156b082691b9d79dfd3c27ee6eb20a07676,data analyst p c,"iPivot, LLC",Ipivot.Co,New Jersey,34,"Piscataway, NJ",[None],Full-time (> 32 hours),,,8,"[
  ""Bachelor's degree""
]",15-2051,Data Scientists,15-2051.01,Business Intelligence Analysts,518210,"Computing Infrastructure Providers, Data Processing, Web Hosting, and Related Services","[
  ""Detail Oriented"",
  ""Software Systems"",
  ""Management"",
  ""Operational Efficiency"",
  ""Analytical Skills"",
  ""Claims Processing"",
  ""Data Mining"",
  ""Data Science"",
  ""Communication"",
  ""Data Management"",
  ""Statistical Modeling"",
  ""Business Process"",
  ""Underwriting"",
  ""Python (Programming Language)"",
  ""Business Intelligence Tools"",
  ""Key Performance Indicators (KPIs)"",
  ""Mathematics"",
  ""Data Analysis"",
  ""Statistics"",
  ""Pricing Strategies"",
  ""SQL (Programming Language)"",
  ""Data Modeling"",
  ""Data-Driven Decision Making"",
  ""Risk Analysis"",
  ""Economics"",
  ""Problem Solving"",
  ""Casualty Insurance"",
  ""Data Visualization"",
  ""Persuasive Communication"",
  ""R (Programming Language)""
]",6/19/2024,"[
  ""https://www.dice.com/job-detail/17c2db8a-8b28-404a-9fb8-f887e651476c""
]"
2de7ba0f8c810a9f9247c808b4e148f6963deaaf,data analyst hybrid in portland or or des moines ia,Concentrix,Concentrix,Tennessee,47,"Nashville, TN",Hybrid Remote,Full-time (> 32 hours),,,,"[
  ""No Education Listed""
]",15-2051,Data Scientists,15-2051.01,Business Intelligence Analysts,518210,"Computing Infrastructure Providers, Data Processing, Web Hosting, and Related Services","[
  ""Generally Accepted Accounting Principles"",
  ""Office Equipment"",
  ""Finance"",
  ""Leadership"",
  ""Data Analysis"",
  ""Financial Data"",
  ""Business Requirements"",
  ""Data Discovery"",
  ""Consulting"",
  ""Data Visualization""
]",8/20/2024,"[
  ""https://enableamerica.dejobs.org/nashville-tn/data-analyst-hybrid-in-portland-or-or-des-moines-ia/b86d5cca6fe24b5d8bd12b17fab2ba21/job"",
  ""https://dejobs.org/nashville-tn/data-analyst-hybrid-in-portland-or-or-des-moines-ia/B86D5CCA6FE24B5D8BD12B17FAB2BA21/job/"",
  ""https://disabilities.dejobs.org/nashville-tn/data-analyst-hybrid-in-portland-or-or-des-moines-ia/b86d5cca6fe24b5d8bd12b17fab2ba21/job""
]"
2ecdac603fbc216873b09e4093bfc61fa34fd48d,principal data analyst,Accretive Technology Group,Accretive Technology Group,Washington,53,"Seattle, WA",Remote,Full-time (> 32 hours),156000.0,211000.0,10,"[
  ""No Education Listed""
]",15-2051,Data Scientists,15-2051.01,Business Intelligence Analysts,518210,"Computing Infrastructure Providers, Data Processing, Web Hosting, and Related Services","[
  ""Business Objectives"",
  ""Effective Communication"",
  ""Stakeholder Engagement"",
  ""Data Infrastructure"",
  ""BigQuery"",
  ""Data Storage"",
  ""Data Strategy"",
  ""Advanced Analytics"",
  ""Data Extraction"",
  ""Cross-Functional Collaboration"",
  ""Process Improvement"",
  ""Strategic Leadership"",
  ""Data Mining"",
  ""Auditing"",
  ""Data Warehousing"",
  ""Data Engineering"",
  ""Data Management"",
  ""Data Analysis"",
  ""Governance"",
  ""Agile Methodology"",
  ""Python (Programming Language)"",
  ""Leadership"",
  ""Mentorship"",
  ""Dashboard"",
  ""Decision Making"",
  ""Machine Learning"",
  ""Strategic Planning"",
  ""Project Management"",
  ""Data Lakes"",
  ""SQL (Programming Language)"",
  ""Data Modeling"",
  ""Data-Driven Decision Making"",
  ""Coordinating"",
  ""Data Integrity"",
  ""Extract Transform Load (ETL)"",
  ""Data Governance"",
  ""Data Visualization"",
  ""Tableau (Business Intelligence Software)"",
  ""Software Development Life Cycle"",
  ""Service Innovation""
]",9/29/2024,"[
  ""https://www.dice.com/job-detail/41717f03-fd7c-4c02-9dde-6919e1e141ae"",
  ""https://www.dice.com/job-detail/ff5482eb-724e-4748-9657-74171af3535f""
]"
2f18faea9059e691124a98a9f38cd43fd057e97d,business intelligence analyst,CompuCom,CompuCom,Washington,53,"Redmond, WA",[None],Full-time (> 32 hours),104000.0,114400.0,5,"[
  ""Bachelor's degree"",
  ""Master's degree""
]",15-2051,Data Scientists,15-2051.01,Business Intelligence Analysts,518210,"Computing Infrastructure Providers, Data Processing, Web Hosting, and Related Services","[
  ""Programming Languages"",
  ""Research"",
  ""Business Strategies"",
  ""Business Process"",
  ""Innovation"",
  ""Master Of Business Administration (MBA)"",
  ""Supply Chain"",
  ""Project Management"",
  ""Business Intelligence"",
  ""Technology Solutions"",
  ""Return On Investment"",
  ""Verbal Communication Skills"",
  ""Power BI"",
  ""Computer Engineering"",
  ""System Implementation"",
  ""Computer Science""
]",5/3/2024,"[
  ""https://dejobs.org/redmond-wa/business-intelligence-analyst-3/07CD5CBF329041D1801F7BDD098E4F81/job/"",
  ""https://dejobs.org/redmond-wa/business-intelligence-analyst-4/BAD3E986FD304D578474843BB5856CD0/job/"",
  ""https://dejobs.org/redmond-wa/business-intelligence-analyst-3/2B0AC1F4915A4D57A7E2CA0774094F63/job/""
]"
2f7955c74dc1349c85a07e4b9a9170cf728d9c56,business intelligence analyst,EquipmentShare,EquipmentShare,Missouri,29,"Kansas City, MO",[None],Full-time (> 32 hours),,,2,"[
  ""No Education Listed""
]",15-2051,Data Scientists,15-2051.01,Business Intelligence Analysts,518210,"Computing Infrastructure Providers, Data Processing, Web Hosting, and Related Services","[
  ""Data Analysis"",
  ""Curiosity"",
  ""Data Modeling"",
  ""Analytical Skills"",
  ""Finance"",
  ""Python (Programming Language)"",
  ""Dashboard"",
  ""Looker Analytics"",
  ""Collections"",
  ""Business Intelligence Reporting"",
  ""Asset Management"",
  ""Business Intelligence"",
  ""Detail Oriented"",
  ""Hardware Security"",
  ""SQL (Programming Language)"",
  ""Troubleshooting (Problem Solving)"",
  ""Quality Assurance"",
  ""Power BI"",
  ""Tableau (Business Intelligence Software)"",
  ""R (Programming Language)""
]",5/18/2024,"[
  ""https://app-jobs.mo.gov/vosnet/jobbanks/jobdetails.aspx?enc=9B8/uT7EfbEIDLIMZ8rhowzqyZjsNU1dBVrIZPNl61aLdeYEgg50x36hjNUp+PGj0TNQYevAIBhaYUvPIjBlLTyToCog1JW80AGUOUsNtPJntGB41f0XFR8YQlf9txcNVcP0yNb0LNxCpakbwA9WDF6MVwYTh/Xk54lrtd7YvbLWH9IEJxkUE5XkFlXy6LwKI9ObvkHBDjQchuC/Wxx97nnLnSsKUJx8+QpRbNs8rqOZ91hRDAmoLErsx7zZ7lKs8pwBELWMfY/ZYOsWPyC9+EmRhMIGN4BBdqjkkj1tsaiBO37IDZfhcZwMB+3uV58m3Z8zt3vhKdGS9Ax+3Co9DVK/6H3IhPwhSRC5DpWLRXdlvw74S5BZB55nLl8VkKD3ID8DsiZSw0XX/r7igFyH0GJ5Foejuq3/OpVOp6sKYctL/bbFsT2RgRcFB9fcBVtqj5uM4bobQn6Q9DaOxOviCPJ/lMyg8BpY9ShcriH5T5SWog78+HGFlOzwKAi/R0yUA9OXc8pso/9D409Uo8qjId8WybFm0r36PN6iMsfPL+Q6AMPkZeXrvsir6G95NhssmoMy4woBXviOxbf7HYnNvkI6nCSssnGzbNWi5b3wHHc="",
  ""https://www.kansasworks.com/jobs/12932406""
]"
2fb9448615203e7a39bb30dfd12007413215313b,data engineer analytics technical leadership,Instagram,Instagram,Washington,53,"Bellevue, WA",[None],Full-time (> 32 hours),206000.0,281000.0,10,"[
  ""Bachelor's degree""
]",15-2051,Data Scientists,15-2051.01,Business Intelligence Analysts,518210,"Computing Infrastructure Providers, Data Processing, Web Hosting, and Related Services","[
  ""Object-Oriented Programming (OOP)"",
  ""Data Infrastructure"",
  ""Data Modeling"",
  ""Data Warehousing"",
  ""Software Engineering"",
  ""Unstructured Data"",
  ""Data Architecture"",
  ""Influencing Skills"",
  ""Governance"",
  ""Data Engineering"",
  ""Python (Programming Language)"",
  ""Full Stack Development"",
  ""Dashboard"",
  ""Leadership"",
  ""Technical Leadership"",
  ""Data Quality"",
  ""Collections"",
  ""Mathematics"",
  ""Communication"",
  ""Project Management"",
  ""Triage"",
  ""SQL (Programming Language)"",
  ""Data Analysis"",
  ""Extract Transform Load (ETL)"",
  ""MapReduce"",
  ""Computer Engineering"",
  ""Writing"",
  ""Data Recording"",
  ""Computer Science""
]",9/3/2024,"[
  ""https://www.themuse.com/jobs/meta/data-engineer-analytics-technical-leadership"",
  ""https://www.disabledperson.com/jobs/61131449-data-engineer-analytics-technical-leadership""
]"
308be658dc1e4006d51e80b502524ed2a2e03a4f,sr professional services training data analyst,Snowflake,Snowflake Computing,California,6,"Oakland, CA",[None],Full-time (> 32 hours),163000.0,233100.0,8,"[
  ""No Education Listed""
]",15-2051,Data Scientists,15-2051.01,Business Intelligence Analysts,518210,"Computing Infrastructure Providers, Data Processing, Web Hosting, and Related Services","[
  ""Effective Communication"",
  ""Data Modeling"",
  ""C (Programming Language)"",
  ""Self Service Technologies"",
  ""Python (Programming Language)"",
  ""Dashboard"",
  ""Decision Making"",
  ""Operations"",
  ""Key Performance Indicators (KPIs)"",
  ""Data Analysis"",
  ""SQL (Programming Language)"",
  ""Business Intelligence"",
  ""Data Visualization"",
  ""Tableau (Business Intelligence Software)"",
  ""Data Security""
]",8/13/2024,"[
  ""https://careers.snowflake.com/us/en/job/7594899002/sr-professional-services-training-data-analyst"",
  ""https://careers.snowflake.com/us/en/job/7593231002/sr-professional-services-training-data-analyst""
]"
318752515a55f5163e79969bdd26710b354a87b0,data analyst hybrid in portland or or des moines ia,Concentrix,Concentrix,West Virginia,54,"Charleston, WV",Hybrid Remote,Full-time (> 32 hours),,,,"[
  ""No Education Listed""
]",15-2051,Data Scientists,15-2051.01,Business Intelligence Analysts,518210,"Computing Infrastructure Providers, Data Processing, Web Hosting, and Related Services","[
  ""Generally Accepted Accounting Principles"",
  ""Office Equipment"",
  ""Finance"",
  ""Leadership"",
  ""Data Analysis"",
  ""Financial Data"",
  ""Business Requirements"",
  ""Data Discovery"",
  ""Consulting"",
  ""Data Visualization""
]",8/20/2024,"[
  ""https://dejobs.org/charleston-wv/data-analyst-hybrid-in-portland-or-or-des-moines-ia/1834582151644F6E9718C19367945776/job/"",
  ""https://disabilities.dejobs.org/charleston-wv/data-analyst-hybrid-in-portland-or-or-des-moines-ia/1834582151644f6e9718c19367945776/job"",
  ""https://enableamerica.dejobs.org/charleston-wv/data-analyst-hybrid-in-portland-or-or-des-moines-ia/1834582151644f6e9718c19367945776/job""
]"
323d5f8834db644b3933d0dd1d678b98ddc6a539,product data analyst paze,Early Warning Services LLC,Early Warning Services,Illinois,17,"Chicago, IL",[None],Full-time (> 32 hours),100000.0,115000.0,4,"[
  ""Bachelor's degree"",
  ""Master's degree""
]",15-2051,Data Scientists,15-2051.01,Business Intelligence Analysts,518210,"Computing Infrastructure Providers, Data Processing, Web Hosting, and Related Services","[
  ""Detail Oriented"",
  ""Office Equipment"",
  ""Management"",
  ""Data Element"",
  ""Business Analytics"",
  ""Data Reporting"",
  ""Process Improvement"",
  ""Business Acumen"",
  ""Analytical Skills"",
  ""Data Manipulation"",
  ""Data Science"",
  ""Data Engineering"",
  ""Data Profiling"",
  ""Amazon Redshift"",
  ""Quantitative Research"",
  ""Finance"",
  ""Critical Thinking"",
  ""Lifting Ability"",
  ""Data Analysis"",
  ""Communication"",
  ""Python (Programming Language)"",
  ""Ad Hoc Analysis"",
  ""Dashboard"",
  ""Leadership"",
  ""Data Quality"",
  ""Decision Making"",
  ""Mathematics"",
  ""Data Mapping"",
  ""Organizational Skills"",
  ""SQL (Programming Language)"",
  ""Multitasking"",
  ""Quick Learning"",
  ""Amazon Web Services"",
  ""Data Lineage"",
  ""Visual Acuity"",
  ""Economics"",
  ""Problem Solving"",
  ""Financial Services"",
  ""Data Visualization"",
  ""Risk Management"",
  ""Tableau (Business Intelligence Software)""
]",9/17/2024,"[
  ""https://diversityjobs.com/career/9226213/Product-Data-Analyst-Paze-Illinois-Chicago""
]"
3341cdab0107fd2631b8faad1f67dbe94e0976ac,data analyst iii,OrangePeople,OrangePeople,New York,36,"New York, NY",[None],Full-time (> 32 hours),,,3,"[
  ""Bachelor's degree""
]",15-2051,Data Scientists,15-2051.01,Business Intelligence Analysts,518210,"Computing Infrastructure Providers, Data Processing, Web Hosting, and Related Services","[
  ""Relational Databases"",
  ""Customer Service"",
  ""Mathematics"",
  ""Programming Languages"",
  ""Statistical Software"",
  ""Team Building"",
  ""Influencing Skills"",
  ""Professionalism"",
  ""Scrum (Software Development)"",
  ""Communication"",
  ""Innovation"",
  ""Governance"",
  ""Python (Programming Language)"",
  ""Leadership"",
  ""Decision Making"",
  ""Data Analysis"",
  ""Statistics"",
  ""Recruitment Metrics"",
  ""Project Management"",
  ""SQL (Programming Language)"",
  ""Microsoft Excel"",
  ""Account Management"",
  ""Scripting"",
  ""Consulting"",
  ""People Analytics"",
  ""Peer Review"",
  ""Compliance Reporting"",
  ""Auditing"",
  ""Data Visualization"",
  ""Apache Hive"",
  ""Tableau (Business Intelligence Software)"",
  ""Computer Science"",
  ""R (Programming Language)""
]",6/1/2024,"[
  ""https://www.dice.com/job-detail/ba1c69f3-975f-4175-8818-dbeebb018613"",
  ""https://www.dice.com/job-detail/ffc6392f-e3b9-435f-b9d3-80bf7ca9604b""
]"
33674905de733735a252f04432e2d69392f5e123,data analyst,WidePoint Corporation,Widepoint Corporation,Virginia,51,"Portsmouth, VA",[None],Full-time (> 32 hours),,,3,"[
  ""Bachelor's degree""
]",15-2051,Data Scientists,15-2051.01,Business Intelligence Analysts,518210,"Computing Infrastructure Providers, Data Processing, Web Hosting, and Related Services","[
  ""Power BI"",
  ""Statistics"",
  ""ServiceNow"",
  ""Information Technology"",
  ""Management"",
  ""Warehousing"",
  ""Advanced Mathematics"",
  ""Microsoft Office"",
  ""Lifting Ability"",
  ""IT Service Management"",
  ""Procurement Management"",
  ""Managed Services"",
  ""Information Management"",
  ""Microsoft Power Platform"",
  ""Microsoft SharePoint"",
  ""End-User Training And Support"",
  ""Writing"",
  ""Detail Oriented"",
  ""Data Analysis"",
  ""Organizational Skills"",
  ""Newsletters"",
  ""Process Improvement"",
  ""Economics"",
  ""Problem Solving"",
  ""Microsoft Power Automate"",
  ""Collaboration"",
  ""Computer Science""
]",7/28/2024,"[
  ""https://recruitingbypaycor.com/career/JobIntroduction.action?clientId=8a7883c66613934801663ae584ad746d&id=8a7885a890b87b310190c71326ab5278&source=&lang=en""
]"
354921ba140fc8467d8a6f5f7426a8ddb7684e9a,data analyst sf,Concentrix,Concentrix,Nevada,32,"Carson City, NV",[None],Full-time (> 32 hours),,,,"[
  ""No Education Listed""
]",15-2051,Data Scientists,15-2051.01,Business Intelligence Analysts,518210,"Computing Infrastructure Providers, Data Processing, Web Hosting, and Related Services","[
  ""Salesforce"",
  ""Effective Communication"",
  ""Relationship Building"",
  ""Office Equipment"",
  ""Data Validation"",
  ""Critical Thinking"",
  ""Cross-Functional Collaboration"",
  ""Problem Solving"",
  ""Microsoft Outlook"",
  ""Communication"",
  ""Leadership"",
  ""Data Analysis"",
  ""Strategic Thinking"",
  ""Business To Business"",
  ""Detail Oriented"",
  ""Microsoft 365"",
  ""Microsoft Excel""
]",8/6/2024,"[
  ""https://dejobs.org/carson-city-nv/data-analyst-sf/856B651105004ED185B418BAF1443171/job/""
]"
35ccdebb00e4981bd2def34b9207fc697331c5c9,fixed income data analyst,LSEG (London Stock Exchange Group),London Stock Exchange,New York,36,"Buffalo, NY",[None],Part-time (â‰¤ 32 hours),60200.0,112000.0,,"[
  ""No Education Listed""
]",15-2051,Data Scientists,15-2051.01,Business Intelligence Analysts,518210,"Computing Infrastructure Providers, Data Processing, Web Hosting, and Related Services","[
  ""Mathematics"",
  ""Research"",
  ""Data Validation"",
  ""Analytical Skills"",
  ""Communication"",
  ""Finance"",
  ""Fixed Income"",
  ""Quantitative Research"",
  ""Positivity"",
  ""Data Analysis"",
  ""Detail Oriented"",
  ""Historical Simulation"",
  ""International Finance"",
  ""Resourcefulness"",
  ""Economics"",
  ""Computer Science""
]",6/5/2024,"[
  ""https://www.simplyhired.com/job/K2ysZ4Bvr71h8PyVP6sxrKGe9k1mYULvFCM0nUS5x8t89KWfuj1XGw""
]"
388e1d6e2bce46795d76afe0a6aec67107e777d9,health equity data analyst remote,OCHIN,Ochin,Pennsylvania,42,"State College, PA",Remote,Full-time (> 32 hours),105320.0,105320.0,3,"[
  ""Bachelor's degree"",
  ""Master's degree""
]",15-2051,Data Scientists,15-2051.01,Business Intelligence Analysts,518210,"Computing Infrastructure Providers, Data Processing, Web Hosting, and Related Services","[
  ""Customer Service"",
  ""Curiosity"",
  ""Literature Reviews"",
  ""Research"",
  ""Microsoft Excel"",
  ""Advocacy"",
  ""Health Equity"",
  ""Public Health"",
  ""Data Analysis"",
  ""Market Data"",
  ""Equities"",
  ""Time Management"",
  ""Decision Making"",
  ""Information Management"",
  ""Social Sciences"",
  ""Statistics"",
  ""Data Collection"",
  ""Clinical Practices"",
  ""Organizational Skills"",
  ""SAS (Software)"",
  ""Biostatistics"",
  ""Tableau (Business Intelligence Software)"",
  ""Program Evaluation"",
  ""R (Programming Language)""
]",9/27/2024,"[
  ""https://diversityjobs.com/career/9540254/health-equity-data-analyst-remote""
]"
38a8f4621db6c0e6400de142b1932956f48cde34,data analyst,LeanTaaS Inc.,Leantaas,California,6,"Santa Clara, CA",[None],Full-time (> 32 hours),,,,"[
  ""No Education Listed""
]",15-2051,Data Scientists,15-2051.01,Business Intelligence Analysts,518210,"Computing Infrastructure Providers, Data Processing, Web Hosting, and Related Services","[
  ""Data Collection"",
  ""Data Analysis"",
  ""Troubleshooting (Problem Solving)""
]",6/5/2024,"[
  ""https://www.sanfranrecruiter.com/professions-jobs/3652509393/data-analyst"",
  ""https://www.sanjosecarecruiter.com/professions-jobs/3652509393/data-analyst""
]"
39034708a77f615ef91ddcfc7a6b21e64f7ef9b2,data analyst ii,London Stock Exchange Group,London Stock Exchange,North Carolina,37,"Charlotte, NC",[None],Full-time (> 32 hours),,,,"[
  ""Bachelor's degree""
]",15-2051,Data Scientists,15-2051.01,Business Intelligence Analysts,518210,"Computing Infrastructure Providers, Data Processing, Web Hosting, and Related Services","[
  ""Ingenuity"",
  ""Capital Markets"",
  ""Customer Service"",
  ""Research"",
  ""Quality Control"",
  ""Motivational Skills"",
  ""Enthusiasm"",
  ""Process Optimization"",
  ""Computer Programming"",
  ""Customer Engagement"",
  ""Literacy"",
  ""Automation"",
  ""Annual Reports"",
  ""Data Management"",
  ""Securities (Finance)"",
  ""Timelines"",
  ""Delivery Focused"",
  ""Reference Data"",
  ""Creativity"",
  ""Communication"",
  ""Equities"",
  ""Data Analysis"",
  ""Interpersonal Communications"",
  ""Operations"",
  ""Detail Oriented"",
  ""SQL (Programming Language)"",
  ""Microsoft Excel"",
  ""Quality Management"",
  ""Multitasking"",
  ""English Language"",
  ""Resourcefulness"",
  ""Problem Solving"",
  ""Microsoft Office""
]",5/31/2024,"[
  ""https://careers.cfainstitute.org/job/9286439/data-analyst-ii"",
  ""https://www.efinancialcareers.sg/jobs-USA-NC-Charlotte-Data_Analyst_II.id21143356"",
  ""https://www.efinancialcareers.com/jobs-USA-NC-Charlotte-Data_Analyst_II.id21143356""
]"
3a23e60f2948370c4b19b933bf05487bc6ad540e,sr data engineer analytics engineering,PitchBook Data,Morningstar,Washington,53,"Seattle, WA",[None],Full-time (> 32 hours),180000.0,200000.0,5,"[
  ""Bachelor's degree""
]",15-2051,Data Scientists,15-2051.01,Business Intelligence Analysts,518210,"Computing Infrastructure Providers, Data Processing, Web Hosting, and Related Services","[
  ""Financial Services Authority"",
  ""Power BI"",
  ""Prioritization"",
  ""Data Storage"",
  ""Data Modeling"",
  ""Team Building"",
  ""Business Analytics"",
  ""Marketing Automation"",
  ""Cloud-Native Computing"",
  ""Analytical Skills"",
  ""Data Manipulation"",
  ""Apache Kafka"",
  ""Data Warehousing"",
  ""Data Engineering"",
  ""Microsoft Office"",
  ""Collaboration"",
  ""Docker (Software)"",
  ""Data Architecture"",
  ""Kubernetes"",
  ""Finance"",
  ""Health Maintenance"",
  ""Microsoft Outlook"",
  ""Extract Transform Load (ETL)"",
  ""Mentorship"",
  ""Communication"",
  ""Governance"",
  ""Python (Programming Language)"",
  ""Dashboard"",
  ""Employee Assistance Programs"",
  ""Analytics"",
  ""Data Quality"",
  ""Data Security"",
  ""Corporate Travel Management"",
  ""Data Analysis"",
  ""Data Cleansing"",
  ""Marketing Research"",
  ""Data Lakes"",
  ""Key Performance Indicators (KPIs)"",
  ""Observability"",
  ""Emotional Health"",
  ""Product Engineering"",
  ""SQL (Programming Language)"",
  ""Business Logic"",
  ""Chartered Financial Analyst"",
  ""Regression Analysis"",
  ""Microsoft Excel"",
  ""DataOps"",
  ""Customer Success Management"",
  ""Data Pipelines"",
  ""Data Duplication Management"",
  ""Scripting"",
  ""Quality Assurance"",
  ""Enterprise Resource Planning"",
  ""Change Management"",
  ""Customer Relationship Management"",
  ""Sales"",
  ""Apache Airflow"",
  ""Data Governance"",
  ""Problem Solving"",
  ""Financial Systems"",
  ""Tableau (Business Intelligence Software)"",
  ""Computer Science""
]",9/12/2024,"[
  ""https://careers.pitchbook.com/global/en/job/4350155006/Sr-Data-Engineer-Analytics-Engineering"",
  ""https://disabilities.dejobs.org/seattle-wa/sr-data-engineer-analytics-engineering/29ef4c3923e74128af66fa9c1c91df02/job"",
  ""https://dejobs.org/seattle-wa/sr-data-engineer-analytics-engineering/29EF4C3923E74128AF66FA9C1C91DF02/job/"",
  ""https://www.jobserve.com/us/en/extjob/senior-data-engineer-analytics-engineering-in-seattle-wa-washington-usa-ea0f2b02571ea7b322"",
  ""https://www.themuse.com/jobs/pitchbookdata/sr-data-engineer-analytics-engineering""
]"
3ac7f19a1a3c6ccc3a681d11d150919de039fd9e,general hire data analyst intern usds summer bs ms,TikTok,Tiktok,California,6,"Los Angeles, CA",[None],Full-time (> 32 hours),,,,"[
  ""Bachelor's degree"",
  ""Master's degree""
]",15-2051,Data Scientists,15-2051.01,Business Intelligence Analysts,518210,"Computing Infrastructure Providers, Data Processing, Web Hosting, and Related Services","[
  ""Courage"",
  ""Data Science"",
  ""User Experience (UX)"",
  ""Communication"",
  ""A/B Testing"",
  ""Dashboard"",
  ""Mathematics"",
  ""Willingness To Learn"",
  ""Statistics"",
  ""Data Analysis"",
  ""Business Operations"",
  ""SQL (Programming Language)"",
  ""Product Support"",
  ""TikTok"",
  ""Teamwork"",
  ""Computer Science"",
  ""Data Security""
]",9/12/2024,"[
  ""https://fairygodboss.com/jobs/tiktok/general-hire-data-analyst-intern-usds-2025-summer-bs-ms-c6c8bb855e58be723a204cfa2606605f"",
  ""https://careers.tiktok.com/position/7413062127667644709/detail"",
  ""https://www.themuse.com/jobs/tiktok/general-hire-data-analyst-intern-usds-2025-summer-bsms""
]"
3b49129ea42b6f5f7829a0f6b79a557256a0dc39,data analyst hybrid in portland or or des moines ia,Concentrix,Concentrix,Hawaii,15,"Honolulu, HI",Hybrid Remote,Full-time (> 32 hours),,,,"[
  ""No Education Listed""
]",15-2051,Data Scientists,15-2051.01,Business Intelligence Analysts,518210,"Computing Infrastructure Providers, Data Processing, Web Hosting, and Related Services","[
  ""Generally Accepted Accounting Principles"",
  ""Office Equipment"",
  ""Finance"",
  ""Leadership"",
  ""Data Analysis"",
  ""Financial Data"",
  ""Business Requirements"",
  ""Data Discovery"",
  ""Consulting"",
  ""Data Visualization""
]",8/20/2024,"[
  ""https://disabilities.dejobs.org/honolulu-hi/data-analyst-hybrid-in-portland-or-or-des-moines-ia/88bd29b0a3414cb4b3c36be4a5400759/job"",
  ""https://enableamerica.dejobs.org/honolulu-hi/data-analyst-hybrid-in-portland-or-or-des-moines-ia/88bd29b0a3414cb4b3c36be4a5400759/job""
]"
3f3410207afcf457e22940b2900a0448f9154a36,business intelligence analyst,EquipmentShare,EquipmentShare,Missouri,29,"Columbia, MO",[None],Full-time (> 32 hours),,,2,"[
  ""No Education Listed""
]",15-2051,Data Scientists,15-2051.01,Business Intelligence Analysts,518210,"Computing Infrastructure Providers, Data Processing, Web Hosting, and Related Services","[
  ""Data Analysis"",
  ""Curiosity"",
  ""Data Modeling"",
  ""Analytical Skills"",
  ""Finance"",
  ""Python (Programming Language)"",
  ""Dashboard"",
  ""Looker Analytics"",
  ""Collections"",
  ""Business Intelligence Reporting"",
  ""Asset Management"",
  ""Business Intelligence"",
  ""Detail Oriented"",
  ""Hardware Security"",
  ""SQL (Programming Language)"",
  ""Troubleshooting (Problem Solving)"",
  ""Quality Assurance"",
  ""Power BI"",
  ""Tableau (Business Intelligence Software)"",
  ""R (Programming Language)""
]",8/23/2024,"[
  ""https://www.simplyhired.com/job/PWXvLKrp5QFu1LchWWZ_M_poKcqdZeQxEvBzlylmYkOMrazz7K6QzA"",
  ""https://disabilities.dejobs.org/columbia-mo/business-intelligence-analyst/76590e20eb2e4a539fb7123e2a6084f5/job"",
  ""https://www.indeed.com/viewjob?jk=f87513df6c316d3f"",
  ""https://www.indeed.com/viewjob?jk=a8061d6ff4957589"",
  ""https://dejobs.org/columbia-mo/business-intelligence-analyst/553FEC60D26A4D748FE5BF18F6744D63/job/"",
  ""https://enableamerica.dejobs.org/columbia-mo/business-intelligence-analyst/76590e20eb2e4a539fb7123e2a6084f5/job""
]"
3f860b864fbaf93146d5513ee1a41c1c4556bba7,data analyst hybrid in portland or or des moines ia,Concentrix,Concentrix,South Dakota,46,"Pierre, SD",Hybrid Remote,Full-time (> 32 hours),,,,"[
  ""No Education Listed""
]",15-2051,Data Scientists,15-2051.01,Business Intelligence Analysts,518210,"Computing Infrastructure Providers, Data Processing, Web Hosting, and Related Services","[
  ""Generally Accepted Accounting Principles"",
  ""Office Equipment"",
  ""Finance"",
  ""Leadership"",
  ""Data Analysis"",
  ""Financial Data"",
  ""Business Requirements"",
  ""Data Discovery"",
  ""Consulting"",
  ""Data Visualization""
]",8/20/2024,"[
  ""https://enableamerica.dejobs.org/pierre-sd/data-analyst-hybrid-in-portland-or-or-des-moines-ia/e40fd05da9e543fcbad29bb686a372d1/job"",
  ""https://disabilities.dejobs.org/pierre-sd/data-analyst-hybrid-in-portland-or-or-des-moines-ia/e40fd05da9e543fcbad29bb686a372d1/job""
]"
3f92301161180866c68ce1a1ed287f22522aab49,data analyst hybrid in portland or or des moines ia,Concentrix,Concentrix,Indiana,18,"Indianapolis, IN",Hybrid Remote,Full-time (> 32 hours),,,,"[
  ""No Education Listed""
]",15-2051,Data Scientists,15-2051.01,Business Intelligence Analysts,518210,"Computing Infrastructure Providers, Data Processing, Web Hosting, and Related Services","[
  ""Generally Accepted Accounting Principles"",
  ""Office Equipment"",
  ""Finance"",
  ""Leadership"",
  ""Data Analysis"",
  ""Financial Data"",
  ""Business Requirements"",
  ""Data Discovery"",
  ""Consulting"",
  ""Data Visualization""
]",8/20/2024,"[
  ""https://disabilities.dejobs.org/indianapolis-in/data-analyst-hybrid-in-portland-or-or-des-moines-ia/0a196307166847b88293bd165a8bb327/job"",
  ""https://fatherresource.dejobs.org/indianapolis-in/data-analyst-hybrid-in-portland-or-or-des-moines-ia/0a196307166847b88293bd165a8bb327/job"",
  ""https://enableamerica.dejobs.org/indianapolis-in/data-analyst-hybrid-in-portland-or-or-des-moines-ia/0a196307166847b88293bd165a8bb327/job""
]"
3ff43a578bd6676ed4fedc637a7b30b29df76095,data analyst data warehouse consultant,E-Solutions Inc.,E-Solutions Group,California,6,"Santa Clarita, CA",[None],Full-time (> 32 hours),,,6,"[
  ""Bachelor's degree""
]",15-2051,Data Scientists,15-2051.01,Business Intelligence Analysts,518210,"Computing Infrastructure Providers, Data Processing, Web Hosting, and Related Services","[
  ""Power BI"",
  ""Azure Logic Apps"",
  ""SQL Server Integration Services (SSIS)"",
  ""Business Systems"",
  ""Data Modeling"",
  ""Microsoft Azure"",
  ""Microsoft Power BI Report Server"",
  ""Erwin (Data Modeling Software)"",
  ""Data Processing"",
  ""Automation"",
  ""Data Warehousing"",
  ""Timelines"",
  ""Microsoft Visual Studio"",
  ""Microsoft SQL Servers"",
  ""Statistics"",
  ""Data Cleansing"",
  ""Relational Databases"",
  ""Data Mapping"",
  ""Database Management Systems"",
  ""Data Analysis"",
  ""Statistical Modeling"",
  ""Data Dictionary"",
  ""Data Migration"",
  ""Workflow Management"",
  ""Data Transformation"",
  ""Troubleshooting (Problem Solving)"",
  ""SQL (Programming Language)"",
  ""Metadata"",
  ""Data Import/Export"",
  ""Quality Improvement"",
  ""SQL Server Reporting Services"",
  ""Artificial Intelligence"",
  ""Database Systems"",
  ""Analytical Dashboard"",
  ""Data Processing Systems"",
  ""Microsoft Power Automate"",
  ""Activities Of Daily Living (ADLs)"",
  ""Computer Science"",
  ""Data Vaults""
]",8/14/2024,"[
  ""https://jobsapi.ceipal.com/APISource/v3/index.html?job_id=z5G7h3l6a1kMvyS65NP3c8P1QMpGdHbMHL7CB3bHjUo=#""
]"
40857c7a7faa7bf7aad4a02093153aa68d214c1a,data analyst,LSEG (London Stock Exchange Group),London Stock Exchange,North Carolina,37,"Charlotte, NC",[None],Full-time (> 32 hours),,,1,"[
  ""Bachelor's degree""
]",15-2051,Data Scientists,15-2051.01,Business Intelligence Analysts,518210,"Computing Infrastructure Providers, Data Processing, Web Hosting, and Related Services","[
  ""Ingenuity"",
  ""Capital Markets"",
  ""Process Architecture"",
  ""Customer Service"",
  ""Research"",
  ""Quality Control"",
  ""Motivational Skills"",
  ""Enthusiasm"",
  ""Self-Motivation"",
  ""Process Optimization"",
  ""Computer Programming"",
  ""Customer Engagement"",
  ""Literacy"",
  ""Automation"",
  ""Annual Reports"",
  ""Data Management"",
  ""Financial Market"",
  ""Securities (Finance)"",
  ""Timelines"",
  ""Delivery Focused"",
  ""Reference Data"",
  ""Creativity"",
  ""Communication"",
  ""Equities"",
  ""Data Analysis"",
  ""Interpersonal Communications"",
  ""Operations"",
  ""Detail Oriented"",
  ""SQL (Programming Language)"",
  ""Microsoft Excel"",
  ""Quality Management"",
  ""Multitasking"",
  ""English Language"",
  ""Resourcefulness"",
  ""Problem Solving"",
  ""Microsoft Office""
]",5/30/2024,"[
  ""https://www.indeed.com/viewjob?jk=dacf75479ead0bca"",
  ""https://www.efinancialcareers.com/jobs-USA-NC-Charlotte-Data_Analyst.id21143358"",
  ""https://www.efinancialcareers.sg/jobs-USA-NC-Charlotte-Data_Analyst.id21143358"",
  ""https://www.indeed.com/viewjob?jk=c175f29a9eaddb14"",
  ""https://www.efinancialcareers.com/jobs-USA-NC-Charlotte-Data_Analyst.id21181669"",
  ""https://www.simplyhired.com/job/-nSKUiPHhD1MQ2cMKBgPAMq7o46_nTzRzwmGNrR8bAMh3Gs6ViqWyQ""
]"
419b68912525e99042725585e7a4b630b89776dc,senior business intelligence analyst gtm,Druva Inc.,Druva,California,6,"Santa Clara, CA",[None],Full-time (> 32 hours),135000.0,189000.0,5,"[
  ""Bachelor's degree""
]",15-2051,Data Scientists,15-2051.01,Business Intelligence Analysts,518210,"Computing Infrastructure Providers, Data Processing, Web Hosting, and Related Services","[
  ""Marketo"",
  ""Gainsight"",
  ""HubSpot CRM"",
  ""Process Improvement"",
  ""Automation"",
  ""Incident Response"",
  ""Business Analysis"",
  ""Interpersonal Communications"",
  ""Business Process"",
  ""Communication"",
  ""Python (Programming Language)"",
  ""Dashboard"",
  ""Looker Analytics"",
  ""Statistics"",
  ""Management Consulting"",
  ""Business Intelligence"",
  ""Google Workspace"",
  ""Alteryx"",
  ""SQL (Programming Language)"",
  ""Workflow Management"",
  ""Go-to-Market Strategy"",
  ""Decision Making"",
  ""Software As A Service (SaaS)"",
  ""Sales"",
  ""Microsoft Office"",
  ""Marketing Channel"",
  ""Data Recovery"",
  ""Tableau (Business Intelligence Software)"",
  ""Computer Science"",
  ""Data Security""
]",7/9/2024,"[
  ""https://boards.greenhouse.io/embed/job_app?for=druva&token=7527613002""
]"
419c76df3fe5ce2b7d7495db2c2698362725809d,data analyst hybrid in portland or or des moines ia,Concentrix,Concentrix,Mississippi,28,"Jackson, MS",Hybrid Remote,Full-time (> 32 hours),,,,"[
  ""No Education Listed""
]",15-2051,Data Scientists,15-2051.01,Business Intelligence Analysts,518210,"Computing Infrastructure Providers, Data Processing, Web Hosting, and Related Services","[
  ""Generally Accepted Accounting Principles"",
  ""Office Equipment"",
  ""Finance"",
  ""Leadership"",
  ""Data Analysis"",
  ""Financial Data"",
  ""Business Requirements"",
  ""Data Discovery"",
  ""Consulting"",
  ""Data Visualization""
]",8/20/2024,"[
  ""https://enableamerica.dejobs.org/jackson-ms/data-analyst-hybrid-in-portland-or-or-des-moines-ia/b9147346a54742739a9a748245f1aac3/job"",
  ""https://disabilities.dejobs.org/jackson-ms/data-analyst-hybrid-in-portland-or-or-des-moines-ia/b9147346a54742739a9a748245f1aac3/job""
]"
429daa222103f8a77fa1534e8fadfc56efef1851,data analyst ii,S&P Global,S&P Global,California,6,"Monterey, CA",[None],Full-time (> 32 hours),,,,"[
  ""No Education Listed""
]",15-2051,Data Scientists,15-2051.01,Business Intelligence Analysts,518210,"Computing Infrastructure Providers, Data Processing, Web Hosting, and Related Services","[
  ""Detail Oriented"",
  ""Software Systems"",
  ""Management"",
  ""Communication"",
  ""Data Modeling"",
  ""Web Scraping"",
  ""Quality Control"",
  ""Multitasking"",
  ""Report Writing"",
  ""Microsoft Access"",
  ""Catalyst (Software)"",
  ""Problem Solving"",
  ""Analytical Skills"",
  ""Data Mining"",
  ""Microsoft Outlook"",
  ""Verbal Communication Skills"",
  ""Leadership"",
  ""Stress Management"",
  ""Data Analysis"",
  ""Collaboration"",
  ""Composure"",
  ""Calmness Under Pressure"",
  ""SQL (Programming Language)"",
  ""Microsoft Excel"",
  ""Process Improvement"",
  ""Microsoft Office"",
  ""Database Design"",
  ""Teamwork""
]",8/8/2024,"[
  ""https://www.simplyhired.com/job/8ucwljG3z4IcI6usMgdAwjFbONRVEOlhOYHn50uo1tNWo7MAhZRqFw"",
  ""https://www.efinancialcareers.co.za/jobs-USA-CA-Monterey-Data_Analyst_II.id21437393"",
  ""https://dejobs.org/monterey-ca/data-analyst-ii/E76A6CD23FC2471D98DAC1CB7E8F9F62/job/"",
  ""https://www.efinancialcareers.com/jobs-USA-CA-Monterey-Data_Analyst_II.id21437393"",
  ""https://www.indeed.com/viewjob?jk=0d6f4740741056c6""
]"
42a4438f399252a13536d003c232db6c1fbe4aa3,data analyst hybrid in portland or or des moines ia,Concentrix,Concentrix,Rhode Island,44,"Providence, RI",Hybrid Remote,Full-time (> 32 hours),,,,"[
  ""No Education Listed""
]",15-2051,Data Scientists,15-2051.01,Business Intelligence Analysts,518210,"Computing Infrastructure Providers, Data Processing, Web Hosting, and Related Services","[
  ""Generally Accepted Accounting Principles"",
  ""Office Equipment"",
  ""Finance"",
  ""Leadership"",
  ""Data Analysis"",
  ""Financial Data"",
  ""Business Requirements"",
  ""Data Discovery"",
  ""Consulting"",
  ""Data Visualization""
]",8/20/2024,"[
  ""https://enableamerica.dejobs.org/providence-ri/data-analyst-hybrid-in-portland-or-or-des-moines-ia/99802ed14f8b469a8b2b31b815a5ca2d/job"",
  ""https://disabilities.dejobs.org/providence-ri/data-analyst-hybrid-in-portland-or-or-des-moines-ia/99802ed14f8b469a8b2b31b815a5ca2d/job"",
  ""https://dejobs.org/providence-ri/data-analyst-hybrid-in-portland-or-or-des-moines-ia/99802ED14F8B469A8B2B31B815A5CA2D/job/""
]"
42cee3f89391733e1bf07a3af040feea3db17cee,senior business intelligence analyst product workload finance,Snowflake Inc.,Snowflake Computing,California,6,"San Mateo, CA",[None],Full-time (> 32 hours),121000.0,163800.0,5,"[
  ""No Education Listed""
]",15-2051,Data Scientists,15-2051.01,Business Intelligence Analysts,518210,"Computing Infrastructure Providers, Data Processing, Web Hosting, and Related Services","[
  ""Power BI"",
  ""Cloud Computing"",
  ""Research"",
  ""Agile Methodology"",
  ""BigQuery"",
  ""Business Systems"",
  ""Data Modeling"",
  ""Data Architecture"",
  ""Microsoft Azure"",
  ""Financial Planning"",
  ""Parsing"",
  ""Prioritization"",
  ""Safety Assurance"",
  ""Automation"",
  ""Data Science"",
  ""Amazon Redshift"",
  ""Creative Thinking"",
  ""Finance"",
  ""Scrum (Software Development)"",
  ""Communication"",
  ""Python (Programming Language)"",
  ""Cost Structures"",
  ""Looker Analytics"",
  ""Data Analysis"",
  ""Business Intelligence"",
  ""SQL (Programming Language)"",
  ""Cloud Financial Management (FinOps)"",
  ""Data Pipelines"",
  ""Amazon Web Services"",
  ""Usability Testing"",
  ""Enterprise Resource Planning"",
  ""Data Quality Assessment"",
  ""Tableau (Business Intelligence Software)"",
  ""Data Security"",
  ""Google Cloud Platform (GCP)""
]",5/12/2024,"[
  ""https://fairygodboss.com/jobs/snowflake/senior-business-intelligence-analyst-product-workload-finance-eb1ccd1d024a95b7b75fa6a93daa5e26"",
  ""https://careers.snowflake.com/us/en/job/7330778002/Senior-Business-Intelligence-Analyst-Product-Workload-Finance""
]"
42f2e3a2372b21125b66d71b9567fa4ecb039fd0,data analyst hybrid in portland or or des moines ia,Concentrix,Concentrix,Georgia,13,"Atlanta, GA",Hybrid Remote,Full-time (> 32 hours),,,,"[
  ""No Education Listed""
]",15-2051,Data Scientists,15-2051.01,Business Intelligence Analysts,518210,"Computing Infrastructure Providers, Data Processing, Web Hosting, and Related Services","[
  ""Generally Accepted Accounting Principles"",
  ""Office Equipment"",
  ""Finance"",
  ""Leadership"",
  ""Data Analysis"",
  ""Financial Data"",
  ""Business Requirements"",
  ""Data Discovery"",
  ""Consulting"",
  ""Data Visualization""
]",8/20/2024,"[
  ""https://enableamerica.dejobs.org/atlanta-ga/data-analyst-hybrid-in-portland-or-or-des-moines-ia/6288d1287688421fbf4f2fcb18db2ed9/job"",
  ""https://disabilities.dejobs.org/atlanta-ga/data-analyst-hybrid-in-portland-or-or-des-moines-ia/6288d1287688421fbf4f2fcb18db2ed9/job""
]"
433173cfb8e1bcd75b93ca71a94eefa0431ce2fd,data analytics engineer,Smartsheet Inc.,Smartsheet,Washington,53,"Bellevue, WA",[None],Full-time (> 32 hours),118800.0,172800.0,5,"[
  ""No Education Listed""
]",15-2051,Data Scientists,15-2051.01,Business Intelligence Analysts,518210,"Computing Infrastructure Providers, Data Processing, Web Hosting, and Related Services","[
  ""Regression Testing"",
  ""Data Infrastructure"",
  ""Socialization"",
  ""Amazon Elastic Compute Cloud"",
  ""BigQuery"",
  ""Data Validation"",
  ""Management"",
  ""General Data Protection Regulation (GDPR)"",
  ""Product Analytics"",
  ""Data Warehousing"",
  ""Self Service Technologies"",
  ""Amazon Redshift"",
  ""Operations Management"",
  ""Customer Data Management"",
  ""Data Quality Assessment"",
  ""Operations"",
  ""Strategic Prioritization"",
  ""SQL (Programming Language)"",
  ""Scalability"",
  ""Data Transformation"",
  ""Data Masking"",
  ""Health Insurance Portability And Accountability Act (HIPAA) Compliance"",
  ""Amazon Web Services"",
  ""Metadata"",
  ""Data Structures"",
  ""Apache Airflow"",
  ""Business Intelligence"",
  ""Data Analysis"",
  ""Amazon S3"",
  ""Data Recording"",
  ""Gitlab"",
  ""Information Privacy""
]",5/5/2024,"[
  ""https://dejobs.org/clyde-hill-wa/data-analytics-engineer/0355500693D0481494F3024340A1E47D/job/"",
  ""https://www.latpro.com/career/7218274/Data-Analytics-Engineer-Washington-Bellevue"",
  ""https://seeker.worksourcewa.com/jobview/GetJob.aspx?JobID=273139028&JobTitle=Data+Analytics+Engineer&isjs=2&rad_units=miles&pp=25&nosal=true&vw=b&setype=2&pg=25&jsrdt=25%2f05%2f2024+09%3a25%3a48&jpt=1""
]"
43c391a7db6736cfca9f373b238c18c0757e4c5d,sales training data analyst,"SPS Commerce, INC.",SPS Commerce,Minnesota,27,"Minneapolis, MN",[None],Full-time (> 32 hours),,,5,"[
  ""Bachelor's degree""
]",15-2051,Data Scientists,15-2051.01,Business Intelligence Analysts,518210,"Computing Infrastructure Providers, Data Processing, Web Hosting, and Related Services","[
  ""Salesforce"",
  ""Power BI"",
  ""Business Systems"",
  ""Continuous Improvement Process"",
  ""Quick Learning"",
  ""Professionalism"",
  ""Innovation"",
  ""Data Analysis"",
  ""Accountability"",
  ""Learning Development"",
  ""Scalability"",
  ""Sales Training"",
  ""Sales Operations"",
  ""Sales"",
  ""Microsoft Office 365""
]",5/4/2024,"[
  ""https://careers-spscommerce.icims.com/jobs/8399/sales-training-data-analyst/job""
]"
450129f37db6d69a5cab54c4cec1fdba18f07450,data analyst,S&P Global,S&P Global,California,6,"Monterey, CA",[None],Full-time (> 32 hours),48000.0,60000.0,,"[
  ""No Education Listed""
]",15-2051,Data Scientists,15-2051.01,Business Intelligence Analysts,518210,"Computing Infrastructure Providers, Data Processing, Web Hosting, and Related Services","[
  ""Detail Oriented"",
  ""Software Systems"",
  ""Management"",
  ""Communication"",
  ""Data Modeling"",
  ""Web Scraping"",
  ""Quality Control"",
  ""Multitasking"",
  ""Report Writing"",
  ""Microsoft Access"",
  ""Problem Solving"",
  ""Analytical Skills"",
  ""Data Mining"",
  ""Data Management"",
  ""Microsoft Outlook"",
  ""Verbal Communication Skills"",
  ""Leadership"",
  ""Stress Management"",
  ""Data Analysis"",
  ""Collaboration"",
  ""Composure"",
  ""Calmness Under Pressure"",
  ""SQL (Programming Language)"",
  ""Data Collection"",
  ""Microsoft Excel"",
  ""Willingness To Learn"",
  ""Process Improvement"",
  ""Microsoft Office"",
  ""Database Design"",
  ""Teamwork""
]",8/8/2024,"[
  ""https://www.efinancialcareers.com/jobs-USA-CA-Monterey-Data_Analyst.id21437393"",
  ""https://careers.spglobal.com/jobs/305270?lang=en-us""
]"
464e766bae72bf00cc35da17e94e8e73ecc15473,senior data analyst insights analytics,Bombas,Bombas,New York,36,"New York, NY",[None],Full-time (> 32 hours),110000.0,130000.0,2,"[
  ""No Education Listed""
]",15-2051,Data Scientists,15-2051.01,Business Intelligence Analysts,518210,"Computing Infrastructure Providers, Data Processing, Web Hosting, and Related Services","[
  ""Detail Oriented"",
  ""Apache OpenOffice"",
  ""Business Acumen"",
  ""Data Warehousing"",
  ""Intellectual Curiosity"",
  ""Python (Programming Language)"",
  ""Dashboard"",
  ""Critical Thinking"",
  ""Business Intelligence"",
  ""Operations"",
  ""Key Performance Indicators (KPIs)"",
  ""Data Analysis"",
  ""SQL (Programming Language)"",
  ""Window Function"",
  ""Data Collection"",
  ""Extract Transform Load (ETL)"",
  ""Data Visualization"",
  ""Tableau (Business Intelligence Software)"",
  ""R (Programming Language)""
]",6/13/2024,"[
  ""https://www.bethlehemrecruiter.com/professions-jobs/3657877281/senior-data-analyst-insights-analytics?"",
  ""https://www.westhavenrecruiter.com/professions-jobs/3681064215/senior-data-analyst-insights-analytics"",
  ""https://www.newbrunswickrecruiter.com/professions-jobs/3657877281/senior-data-analyst-insights-analytics""
]"
47a411aaa23edc2ee1a942b12c11c66ac2d30b8b,data analyst,PitchBook Data,Morningstar,Washington,53,"Seattle, WA",[None],Full-time (> 32 hours),60675.0,95000.0,1,"[
  ""Associate degree"",
  ""Bachelor's degree""
]",15-2051,Data Scientists,15-2051.01,Business Intelligence Analysts,518210,"Computing Infrastructure Providers, Data Processing, Web Hosting, and Related Services","[
  ""Financial Services Authority"",
  ""Business Workflow Analysis"",
  ""Business Objectives"",
  ""Salesforce"",
  ""Effective Communication"",
  ""Workflow Management"",
  ""Data Infrastructure"",
  ""Team Building"",
  ""Requirements Analysis"",
  ""Auditing"",
  ""Microsoft Office"",
  ""Health Maintenance"",
  ""Microsoft Outlook"",
  ""Python (Programming Language)"",
  ""Customer Support"",
  ""Dashboard"",
  ""Employee Assistance Programs"",
  ""Leadership"",
  ""Corporate Travel Management"",
  ""User Acceptance Testing (UAT)"",
  ""Investigation"",
  ""Marketing"",
  ""Detail Oriented"",
  ""Data Analysis"",
  ""Emotional Health"",
  ""SQL (Programming Language)"",
  ""Business Logic"",
  ""Revenue Operations"",
  ""Chartered Financial Analyst"",
  ""Strategic Analysis"",
  ""Microsoft Excel"",
  ""Customer Success Management"",
  ""Sales Development"",
  ""Willingness To Learn"",
  ""Sales"",
  ""Business Development"",
  ""Revenue Growth"",
  ""Tableau (Business Intelligence Software)""
]",7/23/2024,"[
  ""https://www.simplyhired.com/job/Mlsa5tZmCibKEAHS0CSrCStcELPrwPPsH5MaW7tiEodyuGpNWOpBDw"",
  ""https://dejobs.org/seattle-wa/data-analyst/CCF1D63CF41C43908312454C9C9C1A06/job/"",
  ""https://careers.pitchbook.com/global/en/job/4387337006/Data-Analyst"",
  ""https://www.themuse.com/jobs/pitchbookdata/data-analyst"",
  ""http://www.jobsineverett.com/job/detail/80333575/Data-Analyst"",
  ""https://www.indeed.com/viewjob?jk=681b96b0b9193954""
]"
49485c964c71ff07f8f360e94d0c80e540da8993,senior product data analyst,"PubMatic, Inc.",Pubmatic,California,6,"Redwood City, CA",[None],Full-time (> 32 hours),130000.0,145000.0,4,"[
  ""Bachelor's degree"",
  ""Master's degree""
]",15-2051,Data Scientists,15-2051.01,Business Intelligence Analysts,518210,"Computing Infrastructure Providers, Data Processing, Web Hosting, and Related Services","[
  ""Stata"",
  ""Project Portfolio Management"",
  ""Presentations"",
  ""Product Design"",
  ""Data Mining"",
  ""Self-Motivation"",
  ""Communication"",
  ""Apache Hive"",
  ""Data Analysis"",
  ""Dashboard"",
  ""Vlookups"",
  ""Mathematics"",
  ""Statistics"",
  ""Key Performance Indicators (KPIs)"",
  ""Statistical Packages"",
  ""SQL (Programming Language)"",
  ""Excel Macros"",
  ""Machine Learning"",
  ""Microsoft Excel"",
  ""Data-Driven Decision Making"",
  ""SAS (Software)"",
  ""Product Strategy"",
  ""MATLAB"",
  ""Quantitative Analysis"",
  ""Problem Solving"",
  ""Program Evaluation"",
  ""Computer Science"",
  ""R (Programming Language)""
]",6/10/2024,"[
  ""https://careers.pubmatic.com/job/Redwood-City-Senior-Product-Data-Analyst-CA-94061/1120340000/?feedId=395100&utm_source=CareerSite""
]"
4acfa6e8914d78649fa2f4635528806067217adf,data engineer analytics technical leadership,Instagram,Instagram,Washington,53,"Seattle, WA",[None],Full-time (> 32 hours),206000.0,281000.0,10,"[
  ""Bachelor's degree""
]",15-2051,Data Scientists,15-2051.01,Business Intelligence Analysts,518210,"Computing Infrastructure Providers, Data Processing, Web Hosting, and Related Services","[
  ""Object-Oriented Programming (OOP)"",
  ""Data Infrastructure"",
  ""Data Modeling"",
  ""Data Warehousing"",
  ""Software Engineering"",
  ""Unstructured Data"",
  ""Data Architecture"",
  ""Influencing Skills"",
  ""Governance"",
  ""Data Engineering"",
  ""Python (Programming Language)"",
  ""Full Stack Development"",
  ""Dashboard"",
  ""Leadership"",
  ""Technical Leadership"",
  ""Data Quality"",
  ""Collections"",
  ""Mathematics"",
  ""Communication"",
  ""Project Management"",
  ""Triage"",
  ""SQL (Programming Language)"",
  ""Data Analysis"",
  ""Extract Transform Load (ETL)"",
  ""MapReduce"",
  ""Computer Engineering"",
  ""Writing"",
  ""Data Recording"",
  ""Computer Science""
]",9/3/2024,"[
  ""https://www.themuse.com/jobs/meta/data-engineer-analytics-technical-leadership-395524"",
  ""https://www.disabledperson.com/jobs/61131458-data-engineer-analytics-technical-leadership""
]"
4e82be8abeca913645c125ae8ee72a7a41da6806,quality management data analyst entry level,Peraton,Peraton,Maryland,24,"Greenbelt, MD",Remote,Full-time (> 32 hours),39000.0,62000.0,,"[
  ""Bachelor's degree""
]",15-2051,Data Scientists,15-2051.01,Business Intelligence Analysts,518210,"Computing Infrastructure Providers, Data Processing, Web Hosting, and Related Services","[
  ""Auditing"",
  ""Presentations"",
  ""Report Writing"",
  ""Safety Assurance"",
  ""Microsoft PowerPoint"",
  ""Project Management"",
  ""Scheduling"",
  ""Data Quality"",
  ""Templates"",
  ""Writing"",
  ""Data Analysis"",
  ""Microsoft Office"",
  ""Requirements Analysis"",
  ""Microsoft Excel"",
  ""Software Development"",
  ""Quality Management"",
  ""Corrective And Preventive Action (CAPA)""
]",5/25/2024,"[
  ""https://www.glassdoor.com/job-listing/quality-management-data-analyst-entry-level-peraton-JV_KO0,43_KE44,51.htm?jl=1009293649209""
]"
4f397b0e53b9da0fbba86b78dd5809a558bfaaac,data analyst hybrid in portland or or des moines ia,Concentrix,Concentrix,Idaho,16,"Boise, ID",Hybrid Remote,Full-time (> 32 hours),,,,"[
  ""No Education Listed""
]",15-2051,Data Scientists,15-2051.01,Business Intelligence Analysts,518210,"Computing Infrastructure Providers, Data Processing, Web Hosting, and Related Services","[
  ""Generally Accepted Accounting Principles"",
  ""Office Equipment"",
  ""Finance"",
  ""Leadership"",
  ""Data Analysis"",
  ""Financial Data"",
  ""Business Requirements"",
  ""Data Discovery"",
  ""Consulting"",
  ""Data Visualization""
]",8/20/2024,"[
  ""https://enableamerica.dejobs.org/boise-id/data-analyst-hybrid-in-portland-or-or-des-moines-ia/13cd5efb3ca248ea8fd48fda43a793b5/job"",
  ""https://idahoworks.gov/jobs/2253879"",
  ""https://disabilities.dejobs.org/boise-id/data-analyst-hybrid-in-portland-or-or-des-moines-ia/13cd5efb3ca248ea8fd48fda43a793b5/job""
]"
50439e636cee430dc4e19b37800604e8dc55df52,business intelligence analyst usds,TikTok,Tiktok,California,6,"Los Angeles, CA",[None],Full-time (> 32 hours),101080.0,168888.0,5,"[
  ""Bachelor's degree"",
  ""Master's degree""
]",15-2051,Data Scientists,15-2051.01,Business Intelligence Analysts,518210,"Computing Infrastructure Providers, Data Processing, Web Hosting, and Related Services","[
  ""Power BI"",
  ""Programming Languages"",
  ""Presentations"",
  ""Management"",
  ""Business Analytics"",
  ""Business Process Improvement"",
  ""Data Mining"",
  ""Courage"",
  ""Regression Analysis"",
  ""Data Science"",
  ""Self Injury Intervention"",
  ""Python (Programming Language)"",
  ""Resilience"",
  ""Dashboard"",
  ""Leadership"",
  ""Business Requirements"",
  ""Management Information Systems"",
  ""Business Intelligence"",
  ""Operations"",
  ""SQL (Programming Language)"",
  ""Scalability"",
  ""Quantitative Analysis"",
  ""Communication"",
  ""Operational Performance Management"",
  ""Tableau (Business Intelligence Software)"",
  ""Data Security"",
  ""R (Programming Language)""
]",6/22/2024,"[
  ""https://careers.tiktok.com/position/7394502555244120346/detail"",
  ""https://www.themuse.com/jobs/tiktok/business-intelligence-analyst-usds-multiple-positions"",
  ""https://fairygodboss.com/jobs/tiktok/business-intelligence-analyst-usds-0e350674a40f5f6459f2eba07b1e773b""
]"
5074bbbccd5685d861414c3a9f8a6bde9e98e4e2,data analyst sf,Concentrix,Concentrix,Hawaii,15,"Honolulu, HI",[None],Full-time (> 32 hours),,,,"[
  ""No Education Listed""
]",15-2051,Data Scientists,15-2051.01,Business Intelligence Analysts,518210,"Computing Infrastructure Providers, Data Processing, Web Hosting, and Related Services","[
  ""Salesforce"",
  ""Effective Communication"",
  ""Relationship Building"",
  ""Office Equipment"",
  ""Data Validation"",
  ""Critical Thinking"",
  ""Cross-Functional Collaboration"",
  ""Problem Solving"",
  ""Microsoft Outlook"",
  ""Communication"",
  ""Leadership"",
  ""Data Analysis"",
  ""Strategic Thinking"",
  ""Business To Business"",
  ""Detail Oriented"",
  ""Microsoft 365"",
  ""Microsoft Excel""
]",8/6/2024,"[
  ""https://dejobs.org/honolulu-hi/data-analyst-sf/B089F2ECE5944505BC493853EA7CE0FE/job/""
]"
55c8614dc9a64fefc9da334e2b9bd8a04c9c7574,journeyman hc data analyst,"Bluemont Technology & Research, Inc.",Bluemont Technology & Research,Maryland,24,"Bethesda, MD",[None],Full-time (> 32 hours),,,9,"[
  ""Bachelor's degree""
]",15-2051,Data Scientists,15-2051.01,Business Intelligence Analysts,518210,"Computing Infrastructure Providers, Data Processing, Web Hosting, and Related Services","[
  ""Customer Service"",
  ""Power BI"",
  ""Writing"",
  ""Survey Platforms"",
  ""Workforce Planning"",
  ""Top Secret-Sensitive Compartmented Information (TS/SCI Clearance)"",
  ""Algorithms"",
  ""Innovation"",
  ""Budgeting"",
  ""Communication"",
  ""System Administration"",
  ""Data Analysis"",
  ""Microsoft Office"",
  ""Human Capital"",
  ""Natural Language Processing (NLP)"",
  ""Machine Learning"",
  ""Troubleshooting (Problem Solving)"",
  ""SPSS (Statistical Software)"",
  ""Business Process Automation"",
  ""People Analytics"",
  ""Database Design"",
  ""Tableau (Business Intelligence Software)"",
  ""R (Programming Language)""
]",9/6/2024,"[
  ""https://www.indeed.com/viewjob?jk=1fb98885d24b45ae"",
  ""https://www.simplyhired.com/job/SdVwqAHNFh2fMxqYI7EG-DyfVEGPnVIBzfimOZAHW9nVjzfXM7rxPw""
]"
5616cc830eb691099e1214f7bbf103d94010bd87,data analyst i,LSEG (London Stock Exchange Group),London Stock Exchange,North Carolina,37,"Charlotte, NC",[None],Full-time (> 32 hours),,,,"[
  ""No Education Listed""
]",15-2051,Data Scientists,15-2051.01,Business Intelligence Analysts,518210,"Computing Infrastructure Providers, Data Processing, Web Hosting, and Related Services","[
  ""Ingenuity"",
  ""Capital Markets"",
  ""Process Architecture"",
  ""Customer Service"",
  ""Research"",
  ""Motivational Skills"",
  ""Process Optimization"",
  ""Investigation"",
  ""Automation"",
  ""Annual Reports"",
  ""Data Management"",
  ""Securities (Finance)"",
  ""Reference Data"",
  ""Creativity"",
  ""Communication"",
  ""Data Quality"",
  ""Sales Prospecting"",
  ""Interpersonal Communications"",
  ""Operations"",
  ""Detail Oriented"",
  ""Data Analysis"",
  ""English Language"",
  ""Resourcefulness"",
  ""Problem Solving""
]",7/29/2024,"[
  ""https://www.glassdoor.com/job-listing/data-analyst-i-lseg-london-stock-exchange-group-JV_IC1138644_KO0,14_KE15,47.htm?jl=1009384674669""
]"
57694eb8b710e192b754a6fc3643197e04dd9a97,data analyst gbm mpie,TikTok,Tiktok,California,6,"Los Angeles, CA",[None],Full-time (> 32 hours),91000.0,130000.0,4,"[
  ""Bachelor's degree""
]",15-2051,Data Scientists,15-2051.01,Business Intelligence Analysts,518210,"Computing Infrastructure Providers, Data Processing, Web Hosting, and Related Services","[
  ""Power BI"",
  ""Business Analytics"",
  ""Courage"",
  ""Data Science"",
  ""Statistical Modeling"",
  ""Finance"",
  ""Advanced Mathematics"",
  ""TikTok Marketing"",
  ""Digital Advertising"",
  ""Python (Programming Language)"",
  ""Dashboard"",
  ""Leadership"",
  ""Looker Analytics"",
  ""Data Analysis"",
  ""Statistics"",
  ""Management Consulting"",
  ""Visualization"",
  ""Marketing"",
  ""Key Performance Indicators (KPIs)"",
  ""Triage"",
  ""Data-Driven Decision Making"",
  ""Engineering Management"",
  ""Quick Learning"",
  ""Complex Problem Solving"",
  ""Sales"",
  ""Ideation"",
  ""Business Development"",
  ""Accounting"",
  ""Business Intelligence"",
  ""Marketing Co-Operations"",
  ""TikTok"",
  ""Generic Buffer Management"",
  ""Experimentation"",
  ""Tableau (Business Intelligence Software)"",
  ""Computer Science"",
  ""R (Programming Language)"",
  ""SQL (Programming Language)""
]",5/24/2024,"[
  ""https://www.indeed.com/viewjob?jk=adf38bda1ac072ec"",
  ""https://fairygodboss.com/jobs/tiktok/data-analyst-gbm-mpie-02347b406d014660a6e8f9fa6c8a0438"",
  ""https://careers.tiktok.com/position/7372078308525836582/detail"",
  ""https://fairygodboss.com/jobs/tiktok/data-analyst-gbm-mpie-47e6ccfeb7a94dcf960f75f0a1f2403d"",
  ""https://www.simplyhired.com/job/H6o48DHBOCnclw1rQhIu6MSF-duFJoaxupXistTWU1-U7BOKwP1k-Q""
]"
5949493efb2802ce6f38da8b7d5178e35cd1d5b2,data analyst sf,Concentrix,Concentrix,Michigan,26,"Lansing, MI",[None],Full-time (> 32 hours),,,,"[
  ""No Education Listed""
]",15-2051,Data Scientists,15-2051.01,Business Intelligence Analysts,518210,"Computing Infrastructure Providers, Data Processing, Web Hosting, and Related Services","[
  ""Salesforce"",
  ""Effective Communication"",
  ""Relationship Building"",
  ""Office Equipment"",
  ""Data Validation"",
  ""Critical Thinking"",
  ""Cross-Functional Collaboration"",
  ""Problem Solving"",
  ""Microsoft Outlook"",
  ""Communication"",
  ""Leadership"",
  ""Data Analysis"",
  ""Strategic Thinking"",
  ""Business To Business"",
  ""Detail Oriented"",
  ""Microsoft 365"",
  ""Microsoft Excel""
]",8/6/2024,"[
  ""https://jobs.mitalent.org/job-seeker/job-details/JobCode/236614411""
]"
59b65a3d68cab352001e4520bad6ebff1e875839,business intelligence analyst,Innowhyte Inc,Innowhyte,Texas,48,"Austin, TX",[None],Full-time (> 32 hours),,,8,"[
  ""No Education Listed""
]",15-2051,Data Scientists,15-2051.01,Business Intelligence Analysts,518210,"Computing Infrastructure Providers, Data Processing, Web Hosting, and Related Services","[
  ""Business Systems"",
  ""Business Objectives"",
  ""Financial Statements"",
  ""Microsoft Windows"",
  ""Analytical Thinking"",
  ""Communication"",
  ""Microsoft PowerPoint"",
  ""Finance"",
  ""Business Process"",
  ""Business Intelligence Reporting"",
  ""Decision Making"",
  ""Collaboration"",
  ""Data Analysis"",
  ""Financial Data"",
  ""Business Intelligence"",
  ""Operational Data Store"",
  ""Microsoft Excel"",
  ""Troubleshooting (Problem Solving)"",
  ""Data Integrity"",
  ""Accounting"",
  ""Financial Systems"",
  ""PeopleSoft Applications"",
  ""Data Visualization""
]",9/26/2024,"[
  ""https://www.dice.com/job-detail/0de62622-4837-49ef-8713-cbdec74509d5""
]"
59fa35c3ce0bbb274fa1e9597637ad6569203371,data analyst hybrid in portland or or des moines ia,Concentrix,Concentrix,Michigan,26,"Lansing, MI",Hybrid Remote,Full-time (> 32 hours),,,,"[
  ""No Education Listed""
]",15-2051,Data Scientists,15-2051.01,Business Intelligence Analysts,518210,"Computing Infrastructure Providers, Data Processing, Web Hosting, and Related Services","[
  ""Generally Accepted Accounting Principles"",
  ""Office Equipment"",
  ""Finance"",
  ""Leadership"",
  ""Data Analysis"",
  ""Financial Data"",
  ""Business Requirements"",
  ""Data Discovery"",
  ""Consulting"",
  ""Data Visualization""
]",8/20/2024,"[
  ""https://enableamerica.dejobs.org/lansing-mi/data-analyst-hybrid-in-portland-or-or-des-moines-ia/ab91a1e17f6447f88e6efa185c57ffbf/job"",
  ""https://disabilities.dejobs.org/lansing-mi/data-analyst-hybrid-in-portland-or-or-des-moines-ia/ab91a1e17f6447f88e6efa185c57ffbf/job""
]"
5ac498fdd61430c1d33fd1b0a578d7e924ad4b66,data analyst,Lovingly,Lovingly,New York,36,"Hopewell Junction, NY",Remote,Full-time (> 32 hours),80000.0,100000.0,3,"[
  ""Bachelor's degree"",
  ""Master's degree""
]",15-2051,Data Scientists,15-2051.01,Business Intelligence Analysts,518210,"Computing Infrastructure Providers, Data Processing, Web Hosting, and Related Services","[
  ""Performance Analysis"",
  ""Effective Communication"",
  ""Power BI"",
  ""Forecasting"",
  ""Management"",
  ""Apache Hadoop"",
  ""Anomaly Detection"",
  ""Continuous Improvement Process"",
  ""Inventory Management"",
  ""Analytical Thinking"",
  ""Data Pipelines"",
  ""Cross-Functional Collaboration"",
  ""Data Processing"",
  ""Data Science"",
  ""Communication"",
  ""Financial Analytics"",
  ""Amazon Redshift"",
  ""Predictive Analytics"",
  ""Big Data"",
  ""Finance"",
  ""Resource Allocation"",
  ""Accounting Software"",
  ""Data Analysis"",
  ""Algorithms"",
  ""Textiles"",
  ""Python (Programming Language)"",
  ""Apache Spark"",
  ""Dashboard"",
  ""Data Integration"",
  ""Budgeting"",
  ""Data Quality"",
  ""Decision Making"",
  ""Machine Learning Algorithms"",
  ""Ethical Standards And Conduct"",
  ""Statistics"",
  ""Strategic Decision Making"",
  ""Pricing Strategies"",
  ""Machine Learning"",
  ""Marketing"",
  ""Predictive Modeling"",
  ""Operations"",
  ""Compassion"",
  ""Statistical Modeling"",
  ""Scenario Planning"",
  ""Sage Intacct (Financial Software)"",
  ""SQL (Programming Language)"",
  ""Operational Data Store"",
  ""Amazon QuickSight"",
  ""Financial Analysis"",
  ""Enterprise Resource Planning"",
  ""Customer Relationship Management"",
  ""Risk Analysis"",
  ""Business Process Automation"",
  ""Accounting"",
  ""Artificial Intelligence"",
  ""Problem Solving"",
  ""Financial Forecasting"",
  ""Innovation"",
  ""Financial Systems"",
  ""Advanced Analytics"",
  ""Dynamic Pricing"",
  ""Data Visualization"",
  ""Tableau (Business Intelligence Software)"",
  ""Computer Science"",
  ""R (Programming Language)""
]",7/30/2024,"[
  ""https://www.indeed.com/viewjob?jk=447aa2276edb7594""
]"
5d6356cfe8f6c95594a57fc8dcca3f235bdca9c8,data analyst,OrangePeople,OrangePeople,Texas,48,"Plano, TX",[None],Full-time (> 32 hours),,,2,"[
  ""Bachelor's degree""
]",15-2051,Data Scientists,15-2051.01,Business Intelligence Analysts,518210,"Computing Infrastructure Providers, Data Processing, Web Hosting, and Related Services","[
  ""Management"",
  ""Team Building"",
  ""Communication"",
  ""Microsoft PowerPoint"",
  ""Market Trend"",
  ""Microsoft Outlook"",
  ""Innovation"",
  ""Python (Programming Language)"",
  ""Leadership"",
  ""Decision Making"",
  ""Positivity"",
  ""Data Analysis"",
  ""Critical Thinking"",
  ""Reporting Tools"",
  ""Project Management"",
  ""SQL (Programming Language)"",
  ""Microsoft Office"",
  ""Data Modeling"",
  ""Microsoft Excel"",
  ""SAS (Software)"",
  ""Account Management"",
  ""Consulting"",
  ""Power BI"",
  ""Visual Analytics"",
  ""Sales"",
  ""Peer Review"",
  ""Quantitative Analysis"",
  ""Problem Solving"",
  ""Tableau (Business Intelligence Software)""
]",7/2/2024,"[
  ""https://www.dice.com/job-detail/1dded15d-1f93-4b97-8e46-9b73525cac45""
]"
5e90abf814c2bd222c284f14dee8b8a9bb1b1d5e,data analyst,Donorsearch,Donorsearch,Illinois,17,"Chicago, IL",[None],Full-time (> 32 hours),,,,"[
  ""Bachelor's degree""
]",15-2051,Data Scientists,15-2051.01,Business Intelligence Analysts,518210,"Computing Infrastructure Providers, Data Processing, Web Hosting, and Related Services","[
  ""Mathematics"",
  ""Presentations"",
  ""Predictive Modeling"",
  ""Information Technology"",
  ""Pay Per Click"",
  ""Advanced Mathematics"",
  ""Data Science"",
  ""Communication"",
  ""Python (Programming Language)"",
  ""Data Analysis"",
  ""Statistics"",
  ""Machine Learning"",
  ""Data Discovery"",
  ""Quality Assurance"",
  ""Artificial Intelligence"",
  ""Data Visualization"",
  ""Computer Science""
]",7/23/2024,"[
  ""https://www.findojobs.us/data-analyst-in-chicago-ID-39436621""
]"
5eb8df5beb64ea72f9e33f64339f750a9ebe9d08,business intelligence analyst trust safety usds,TikTok,Tiktok,California,6,"Mountain View, CA",[None],Full-time (> 32 hours),106400.0,177777.0,5,"[
  ""Bachelor's degree"",
  ""Master's degree""
]",15-2051,Data Scientists,15-2051.01,Business Intelligence Analysts,518210,"Computing Infrastructure Providers, Data Processing, Web Hosting, and Related Services","[
  ""Power BI"",
  ""Programming Languages"",
  ""Presentations"",
  ""Management"",
  ""Business Analytics"",
  ""Trade Secrets"",
  ""Business Process Improvement"",
  ""Data Mining"",
  ""Courage"",
  ""Regression Analysis"",
  ""Data Science"",
  ""Self Injury Intervention"",
  ""Python (Programming Language)"",
  ""Resilience"",
  ""Dashboard"",
  ""Leadership"",
  ""Business Requirements"",
  ""Management Information Systems"",
  ""Business Intelligence"",
  ""Operations"",
  ""SQL (Programming Language)"",
  ""Scalability"",
  ""Microsoft Excel"",
  ""Information Technology"",
  ""Quantitative Analysis"",
  ""Communication"",
  ""Operational Performance Management"",
  ""Tableau (Business Intelligence Software)"",
  ""Data Security"",
  ""R (Programming Language)""
]",6/22/2024,"[
  ""https://fairygodboss.com/jobs/tiktok/business-intelligence-analyst-trust-safety-usds-ecc886df2a7409fc10e138727cf4137d""
]"
5fb00e2a8eaeea52eba68df55f6f5b69bd9e94dd,data analyst,WidePoint Corporation,Widepoint Corporation,Virginia,51,"Norfolk, VA",[None],Full-time (> 32 hours),,,3,"[
  ""Bachelor's degree""
]",15-2051,Data Scientists,15-2051.01,Business Intelligence Analysts,518210,"Computing Infrastructure Providers, Data Processing, Web Hosting, and Related Services","[
  ""Power BI"",
  ""Statistics"",
  ""ServiceNow"",
  ""Information Technology"",
  ""Management"",
  ""Warehousing"",
  ""Advanced Mathematics"",
  ""Microsoft Office"",
  ""Lifting Ability"",
  ""IT Service Management"",
  ""Procurement Management"",
  ""Managed Services"",
  ""Information Management"",
  ""Microsoft Power Platform"",
  ""Microsoft SharePoint"",
  ""End-User Training And Support"",
  ""Writing"",
  ""Detail Oriented"",
  ""Data Analysis"",
  ""Organizational Skills"",
  ""Newsletters"",
  ""Process Improvement"",
  ""Economics"",
  ""Problem Solving"",
  ""Microsoft Power Automate"",
  ""Collaboration"",
  ""Computer Science""
]",7/19/2024,"[
  ""https://www.simplyhired.com/job/uWa-2SZPPdvqOGuLgNMRZxaLLdfXChDxgrkYli8TvnA-7Qww1ulrwg"",
  ""https://www.glassdoor.com/job-listing/data-analyst-widepoint-corporation-JV_IC1130306_KO0,12_KE13,34.htm?jl=1009372520496"",
  ""https://www.indeed.com/viewjob?jk=a564d71194c610de"",
  ""https://www.indeed.com/viewjob?jk=b510e136fca2a7fc""
]"
60bb2109b59a90bfae8110951eeb0925531bc232,enterprise security staff systems business analyst,Intuit,Intuit,California,6,"San Diego, CA",[None],Full-time (> 32 hours),,,5,"[
  ""No Education Listed""
]",15-2051,Data Scientists,15-2051.01,Business Intelligence Analysts,518210,"Computing Infrastructure Providers, Data Processing, Web Hosting, and Related Services","[
  ""Business Objectives"",
  ""Mitigation"",
  ""Input/Output"",
  ""Research"",
  ""Workflow Management"",
  ""Risk Prioritization"",
  ""Certified Information System Auditor (CISA)"",
  ""Prioritization"",
  ""Automation"",
  ""Continuous Improvement Process"",
  ""Key Performance Indicators (KPIs)"",
  ""Technology Solutions"",
  ""Certified Fraud Examiner"",
  ""Insider Threat"",
  ""Agile Methodology"",
  ""Data Science"",
  ""Drilldown"",
  ""Incident Response"",
  ""Auditing"",
  ""Cyber Security"",
  ""Usability"",
  ""Statistical Modeling"",
  ""Endpoint Security"",
  ""Business Process"",
  ""Innovation"",
  ""Python (Programming Language)"",
  ""Dashboard"",
  ""Time Management"",
  ""Enterprise Application Software"",
  ""Enterprise Security"",
  ""Network Security"",
  ""Machine Learning"",
  ""JIRA"",
  ""Security Information And Event Management (SIEM)"",
  ""Security Technology"",
  ""Root Cause Analysis"",
  ""Investigation"",
  ""Cloud Access Security Broker Tools (CASBs)"",
  ""Data Loss Prevention"",
  ""User Research"",
  ""Behavioral Analytics"",
  ""Product Engineering"",
  ""Triage"",
  ""SQL (Programming Language)"",
  ""Certified Cloud Security Professional (CCSP)"",
  ""Scalability"",
  ""Data Collection"",
  ""Corporate Security"",
  ""Endpoint Detection And Response"",
  ""CyberArk"",
  ""Certified Information Systems Security Professional"",
  ""Prototyping"",
  ""Forecasting"",
  ""Physical Security Professional"",
  ""Software As A Service (SaaS)"",
  ""Statistical Methods"",
  ""Threat Detection"",
  ""Data Conversion"",
  ""Certified Public Accountant"",
  ""Certified Information Privacy Professional"",
  ""Functional Testing"",
  ""Program Management"",
  ""Artificial Intelligence"",
  ""Netskope"",
  ""Advanced Analytics"",
  ""Identity And Access Management"",
  ""Data Access"",
  ""Computer Science""
]",9/6/2024,"[
  ""https://www.simplyhired.com/job/ONakHgKVEDJVv_IjdlOod78_rkpZtmPt_zBrbH6aFR61qwtafJTKxg"",
  ""https://dejobs.org/san-diego-ca/enterprise-security-staff-systems-business-analyst/BD71897AFB4943C4A99634487137D754/job/"",
  ""https://www.indeed.com/viewjob?jk=77f0a24be14d2157""
]"
60c154e9408427c6c064fb8a543ba69823d787f5,data analyst,E-Solutions Inc.,E-Solutions Group,Texas,48,"Dallas, TX",[None],Full-time (> 32 hours),,,,"[
  ""No Education Listed""
]",15-2051,Data Scientists,15-2051.01,Business Intelligence Analysts,518210,"Computing Infrastructure Providers, Data Processing, Web Hosting, and Related Services","[
  ""Logical Data Models"",
  ""Data Flow Diagram"",
  ""Supply Chain"",
  ""Data Analysis"",
  ""Workflow Management"",
  ""Data Modeling"",
  ""Data Transformation"",
  ""System Interface Management""
]",8/27/2024,"[
  ""https://jobsapi.ceipal.com/APISource/v3/index.html?job_id=z5G7h3l6a1kMvyS65NP3cwjmDMKqmNh-IwOFhB2rOW0=#""
]"
63ed727d66bb72e1e4f150f0c0b398d147b13fac,artist engagement data analyst usds,TikTok,Tiktok,California,6,"Los Angeles, CA",[None],Full-time (> 32 hours),82227.0,168355.0,3,"[
  ""Bachelor's degree""
]",15-2051,Data Scientists,15-2051.01,Business Intelligence Analysts,518210,"Computing Infrastructure Providers, Data Processing, Web Hosting, and Related Services","[
  ""Detail Oriented"",
  ""Music Industry"",
  ""Data Infrastructure"",
  ""Relationship Building"",
  ""Social Media Trends"",
  ""Self-Motivation"",
  ""Analytical Skills"",
  ""Courage"",
  ""Coordinating"",
  ""Influencing Skills"",
  ""Self Service Technologies"",
  ""A/B Testing"",
  ""Communication"",
  ""Dashboard"",
  ""Data Analysis"",
  ""Statistics"",
  ""Project Management"",
  ""Predictive Modeling"",
  ""Operations"",
  ""Stakeholder Requirements"",
  ""Sales"",
  ""Extract Transform Load (ETL)"",
  ""SQL (Programming Language)"",
  ""TikTok"",
  ""Data Visualization"",
  ""New Product Development"",
  ""Computer Science"",
  ""Data Security"",
  ""Curiosity""
]",8/1/2024,"[
  ""https://www.themuse.com/jobs/tiktok/artist-engagement-data-analyst-usds"",
  ""https://fairygodboss.com/jobs/tiktok/artist-engagement-data-analyst-usds-e7a6bb5251f2fec953c7039ed829964a"",
  ""https://careers.tiktok.com/position/7397187722147891465/detail"",
  ""https://www.indeed.com/viewjob?jk=b6e5c0275e54917c""
]"
65f00af43ccf7e1719a7f15bab1c28aeba51e4d2,senior data analyst,E-Solutions Inc.,E-Solutions Group,New York,36,"New York, NY",[None],Full-time (> 32 hours),,,10,"[
  ""Bachelor's degree""
]",15-2051,Data Scientists,15-2051.01,Business Intelligence Analysts,518210,"Computing Infrastructure Providers, Data Processing, Web Hosting, and Related Services","[
  ""Power BI"",
  ""Investment Decisions"",
  ""Data Modeling"",
  ""Data Extraction"",
  ""Analytical Skills"",
  ""Collaboration"",
  ""Extract Transform Load (ETL)"",
  ""Communication"",
  ""Python (Programming Language)"",
  ""Apache Spark"",
  ""Dashboard"",
  ""Mathematics"",
  ""Data Analysis"",
  ""Statistics"",
  ""SQL (Programming Language)"",
  ""Data Pipelines"",
  ""Document-Oriented Databases"",
  ""Computer Science""
]",8/19/2024,"[
  ""https://jobsapi.ceipal.com/APISource/v3/index.html?job_id=z5G7h3l6a1kMvyS65NP3c2LALbL3mYs0V5_Nxi1z0cU=#""
]"
665c2bf64233e69937fd9889a3ce8894bffdbc74,data analyst people analytics,E-Solutions Inc.,E-Solutions Group,California,6,"Santa Clara, CA",[None],Full-time (> 32 hours),,,,"[
  ""No Education Listed""
]",15-2051,Data Scientists,15-2051.01,Business Intelligence Analysts,518210,"Computing Infrastructure Providers, Data Processing, Web Hosting, and Related Services","[
  ""Dashboard"",
  ""Data Analysis"",
  ""People Analytics"",
  ""Tableau (Business Intelligence Software)""
]",9/10/2024,"[
  ""https://jobsapi.ceipal.com/APISource/v3/index.html?job_id=z5G7h3l6a1kMvyS65NP3c8m1C0YjVmBYjlNRDpsEGSE=#""
]"
674701e4340a0926981a8dae04ae31793b96734e,data analyst hybrid in portland or or des moines ia,Concentrix,Concentrix,Wyoming,56,"Cheyenne, WY",Hybrid Remote,Full-time (> 32 hours),,,,"[
  ""No Education Listed""
]",15-2051,Data Scientists,15-2051.01,Business Intelligence Analysts,518210,"Computing Infrastructure Providers, Data Processing, Web Hosting, and Related Services","[
  ""Generally Accepted Accounting Principles"",
  ""Office Equipment"",
  ""Finance"",
  ""Leadership"",
  ""Data Analysis"",
  ""Financial Data"",
  ""Business Requirements"",
  ""Data Discovery"",
  ""Consulting"",
  ""Data Visualization""
]",8/20/2024,"[
  ""https://disabilities.dejobs.org/cheyenne-wy/data-analyst-hybrid-in-portland-or-or-des-moines-ia/2d87dab2e0be40089ed4d9d143ae4f1f/job"",
  ""https://enableamerica.dejobs.org/cheyenne-wy/data-analyst-hybrid-in-portland-or-or-des-moines-ia/2d87dab2e0be40089ed4d9d143ae4f1f/job""
]"
68ce4cb3e29f082a244ff9925f3676ae723ff2e9,hc data analyst,Peraton,Peraton,Maryland,24,"Bethesda, MD",[None],Full-time (> 32 hours),112000.0,179000.0,9,"[
  ""Bachelor's degree""
]",15-2051,Data Scientists,15-2051.01,Business Intelligence Analysts,518210,"Computing Infrastructure Providers, Data Processing, Web Hosting, and Related Services","[
  ""Relational Databases"",
  ""Workforce Planning"",
  ""Python (Programming Language)"",
  ""Dashboard"",
  ""Communication"",
  ""Data Analysis"",
  ""Visual Basic For Applications"",
  ""Operations"",
  ""SQL (Programming Language)"",
  ""Human Capital"",
  ""Microsoft Excel"",
  ""SAS (Software)"",
  ""Top Secret-Sensitive Compartmented Information (TS/SCI Clearance)"",
  ""SPSS (Statistical Software)"",
  ""People Analytics"",
  ""Data Visualization"",
  ""Tableau (Business Intelligence Software)"",
  ""Surveys"",
  ""R (Programming Language)""
]",6/18/2024,"[
  ""https://www.indeed.com/viewjob?jk=c5e0a9a998ed91cd"",
  ""https://www.clearancejobs.com/jobs/7782056/hc-data-analyst"",
  ""https://www.dice.com/job-detail/f5adce1e-1273-4f34-99e3-eb4a1846a445""
]"
691a4da5258c8c5bb8c45bd09c293728d13a48cc,data analyst hybrid in portland or or des moines ia,Concentrix,Concentrix,New Mexico,35,"Santa Fe, NM",Hybrid Remote,Full-time (> 32 hours),,,,"[
  ""No Education Listed""
]",15-2051,Data Scientists,15-2051.01,Business Intelligence Analysts,518210,"Computing Infrastructure Providers, Data Processing, Web Hosting, and Related Services","[
  ""Generally Accepted Accounting Principles"",
  ""Office Equipment"",
  ""Finance"",
  ""Leadership"",
  ""Data Analysis"",
  ""Financial Data"",
  ""Business Requirements"",
  ""Data Discovery"",
  ""Consulting"",
  ""Data Visualization""
]",8/20/2024,"[
  ""https://enableamerica.dejobs.org/santa-fe-nm/data-analyst-hybrid-in-portland-or-or-des-moines-ia/27aad4cc677048679a9ff28f157752a6/job"",
  ""https://disabilities.dejobs.org/santa-fe-nm/data-analyst-hybrid-in-portland-or-or-des-moines-ia/27aad4cc677048679a9ff28f157752a6/job""
]"
694b817c47c6540ad035ea6e2d22dfa2fc661e06,data analyst hybrid in portland or or des moines ia,Concentrix,Concentrix,Utah,49,"Salt Lake City, UT",Hybrid Remote,Full-time (> 32 hours),,,,"[
  ""No Education Listed""
]",15-2051,Data Scientists,15-2051.01,Business Intelligence Analysts,518210,"Computing Infrastructure Providers, Data Processing, Web Hosting, and Related Services","[
  ""Generally Accepted Accounting Principles"",
  ""Office Equipment"",
  ""Finance"",
  ""Leadership"",
  ""Data Analysis"",
  ""Financial Data"",
  ""Business Requirements"",
  ""Data Discovery"",
  ""Consulting"",
  ""Data Visualization""
]",8/20/2024,"[
  ""https://dejobs.org/salt-lake-city-ut/data-analyst-hybrid-in-portland-or-or-des-moines-ia/2D50FD6DC07545DFBE906750CDB2A143/job/"",
  ""https://enableamerica.dejobs.org/salt-lake-city-ut/data-analyst-hybrid-in-portland-or-or-des-moines-ia/2d50fd6dc07545dfbe906750cdb2a143/job"",
  ""https://disabilities.dejobs.org/salt-lake-city-ut/data-analyst-hybrid-in-portland-or-or-des-moines-ia/2d50fd6dc07545dfbe906750cdb2a143/job""
]"
6a321eb0872ec4ad95630dcbbc66f24f207fc6f6,senior data analyst,Snowflake,Snowflake Computing,Georgia,13,"Atlanta, GA",[None],Full-time (> 32 hours),106000.0,156400.0,5,"[
  ""Bachelor's degree"",
  ""Master's degree""
]",15-2051,Data Scientists,15-2051.01,Business Intelligence Analysts,518210,"Computing Infrastructure Providers, Data Processing, Web Hosting, and Related Services","[
  ""Salesforce"",
  ""Detail Oriented"",
  ""Workflow Management"",
  ""ServiceNow"",
  ""Communication"",
  ""Perl (Programming Language)"",
  ""Data Modeling"",
  ""Data Classification"",
  ""NumPy (Python Package)"",
  ""Scikit-Learn (Python Package)"",
  ""Pandas (Python Package)"",
  ""Google Sheets"",
  ""Operational Efficiency"",
  ""Automation"",
  ""Unstructured Data"",
  ""Amazon Redshift"",
  ""Creative Thinking"",
  ""Strategic Decision Making"",
  ""Self Service Technologies"",
  ""Data Governance"",
  ""Python (Programming Language)"",
  ""Apache Spark"",
  ""Dashboard"",
  ""Decision Making"",
  ""Data Analysis"",
  ""JIRA"",
  ""Investigation"",
  ""Management Information Systems"",
  ""Business Intelligence"",
  ""Operations"",
  ""SQL (Programming Language)"",
  ""Data Manipulation Language"",
  ""Data Collection"",
  ""Troubleshooting (Problem Solving)"",
  ""Scripting"",
  ""Power BI"",
  ""Customer Relationship Management"",
  ""Information Privacy"",
  ""Teradata SQL"",
  ""Bash (Scripting Language)"",
  ""Tableau (Business Intelligence Software)"",
  ""Data Security"",
  ""R (Programming Language)""
]",7/9/2024,"[
  ""https://careers.snowflake.com/us/en/job/7528639002/senior-data-analyst"",
  ""https://careers.snowflake.com/us/en/job/7528616002/senior-data-analyst"",
  ""https://fairygodboss.com/jobs/snowflake/senior-data-analyst-51421aec40568632f7041e975d57ba64"",
  ""https://fairygodboss.com/jobs/snowflake/senior-data-analyst-0c6ac20d641116a7882ae03cded90d41"",
  ""https://fairygodboss.com/jobs/snowflake/senior-data-analyst-812281537d0f062f6bc49031aa8896ed"",
  ""https://careers.snowflake.com/us/en/job/7528643002/senior-data-analyst""
]"
6a88c8ce240f282d89243cbef1e40e3887561bd0,data analyst hybrid in portland or or des moines ia,Concentrix,Concentrix,Nebraska,31,"Lincoln, NE",Hybrid Remote,Full-time (> 32 hours),,,,"[
  ""No Education Listed""
]",15-2051,Data Scientists,15-2051.01,Business Intelligence Analysts,518210,"Computing Infrastructure Providers, Data Processing, Web Hosting, and Related Services","[
  ""Generally Accepted Accounting Principles"",
  ""Office Equipment"",
  ""Finance"",
  ""Leadership"",
  ""Data Analysis"",
  ""Financial Data"",
  ""Business Requirements"",
  ""Data Discovery"",
  ""Consulting"",
  ""Data Visualization""
]",8/20/2024,"[
  ""https://disabilities.dejobs.org/lincoln-ne/data-analyst-hybrid-in-portland-or-or-des-moines-ia/9fbbbfe578774b7a94f46fa95beba787/job"",
  ""https://dejobs.org/lincoln-ne/data-analyst-hybrid-in-portland-or-or-des-moines-ia/9FBBBFE578774B7A94F46FA95BEBA787/job/"",
  ""https://enableamerica.dejobs.org/lincoln-ne/data-analyst-hybrid-in-portland-or-or-des-moines-ia/9fbbbfe578774b7a94f46fa95beba787/job""
]"
6b3b1d3a5d0e0c1644d4f66d9dcd07234f6acd1f,sr data analyst,"DocuSign, Inc",DocuSign,California,6,"San Francisco, CA",Remote,Full-time (> 32 hours),,,,"[
  ""No Education Listed""
]",15-2051,Data Scientists,15-2051.01,Business Intelligence Analysts,518210,"Computing Infrastructure Providers, Data Processing, Web Hosting, and Related Services","[
  ""Management"",
  ""Business Metrics"",
  ""Finance"",
  ""Influencing Skills"",
  ""Product Management"",
  ""DocuSign (Software)"",
  ""Key Performance Indicators (KPIs)"",
  ""Data Analysis"",
  ""Communication"",
  ""Data Modeling"",
  ""Software As A Service (SaaS)"",
  ""Mathematics""
]",9/6/2024,"[
  ""https://www.caljobs.ca.gov/vosnet/jobbanks/jobdetails.aspx?enc=9B8/uT7EfbEIDLIMZ8rhowzqyZjsNU1dBVrIZPNl61aLdeYEgg50x36hjNUp+PGjtn7dyrw6NYoZAF7VQ7/wTXyXacY4bIoBwMDb7FCpvdvXA5qgCfoCTt0ZdMSrPgbGq892Y9BCu2KIW3AHnqUe1Qajtik3m6gg/wrskvlB2zulmpUo39FgtcoDmIa8pvhJP38EmlGyBzEw9qUSt/6RxViJKj/SH03nGj4/HSEMD7Lk2FI3wNJaI+d3facEXYRK64OyTYjFXjUW9FuJX2SXY3BUqWHm4LovuvryTrnWD87wl0ljrGLm6IsKjAegOwxqTQJGkpYIhvoTnKZaRyea//jMbDg6O89Q9zZEV8dGorpKkR9anR+ySlH8HZOgFT0Z24ejA1C6B4UVMQ3AA0ohkCRd9tCjaN4hsMV9W+sH7AIhPPA4o1Cqk/mFCy6sx1aL3Tky6mlLVyftorMWWg2uisVNCeDwEHHuep3TRBmkcq1/Re3hlzxdYnZRm3+lNjaHS7IuxVRhloQlM/oSOCD3OKCDLqDNhtR+j/HPNmAu8d5jCtWvd3vetYUKluW7quUqmLDbwFnZD6qK44der49PgQ==""
]"
6ea61ca1b7c72c1fa87b860a6f24141aaaac2ac7,data analyst,S&P Global,S&P Global,Virginia,51,"Charlottesville, VA",[None],Full-time (> 32 hours),80000.0,95000.0,,"[
  ""No Education Listed""
]",15-2051,Data Scientists,15-2051.01,Business Intelligence Analysts,518210,"Computing Infrastructure Providers, Data Processing, Web Hosting, and Related Services","[
  ""Salesforce"",
  ""Workflow Management"",
  ""Information Technology"",
  ""Management"",
  ""Dashboard"",
  ""Data Quality"",
  ""Data Analysis"",
  ""Data Collection"",
  ""Data-Driven Decision Making"",
  ""Extract Transform Load (ETL)"",
  ""Tableau (Business Intelligence Software)""
]",9/24/2024,"[
  ""https://www.indeed.com/viewjob?jk=333af29d9e402b33"",
  ""https://dejobs.org/charlottesville-va/data-analyst/B85E660E8E2D49C68E51F82481C030D7/job/"",
  ""https://www.efinancialcareers.com/jobs-USA-VA-Charlottesville-Data_Analyst.id21812568"",
  ""https://careers.spglobal.com/jobs/306727?lang=en-us""
]"
6fa9d4da135987ea3b2b91942d6d0a1d18255f50,data analyst product analytics,WEX Inc,WEX,Massachusetts,25,"Boston, MA",Remote,Full-time (> 32 hours),82000.0,109000.0,3,"[
  ""No Education Listed""
]",15-2051,Data Scientists,15-2051.01,Business Intelligence Analysts,518210,"Computing Infrastructure Providers, Data Processing, Web Hosting, and Related Services","[
  ""Product Analytics"",
  ""Agile Methodology"",
  ""Thought Leadership"",
  ""Scrum (Software Development)"",
  ""Product Backlog Grooming"",
  ""Cohort Studies"",
  ""Python (Programming Language)"",
  ""Dashboard"",
  ""Product Management"",
  ""Business Intelligence"",
  ""Operations"",
  ""Data Analysis"",
  ""User Research"",
  ""Behavioral Analytics"",
  ""SQL (Programming Language)"",
  ""Scripting"",
  ""Language Experience Approach"",
  ""Statistical Hypothesis Testing"",
  ""Product Flow Diagram"",
  ""Customer Journey Mapping"",
  ""Tableau (Business Intelligence Software)"",
  ""New Product Development"",
  ""R (Programming Language)""
]",5/11/2024,"[
  ""https://wexinc.wd5.myworkdayjobs.com/en-us/wexinc/job/data-analyst--product-analytics_r15404""
]"
6ff593223c43c69eca4200deae0761661682e354,data analyst iii experience analyst lead,OrangePeople,OrangePeople,California,6,"Sunnyvale, CA",[None],Full-time (> 32 hours),,,6,"[
  ""No Education Listed""
]",15-2051,Data Scientists,15-2051.01,Business Intelligence Analysts,518210,"Computing Infrastructure Providers, Data Processing, Web Hosting, and Related Services","[
  ""Business Objectives"",
  ""Power BI"",
  ""Customer Service"",
  ""Medallia"",
  ""Presentations"",
  ""Marketing Analytics"",
  ""Team Building"",
  ""Purchasing"",
  ""Analytical Skills"",
  ""Statistical Analysis"",
  ""Data Science"",
  ""Predictive Analytics"",
  ""Finance"",
  ""Influencing Skills"",
  ""Computer Security Awareness Training"",
  ""Customer Advocacy"",
  ""Innovation"",
  ""Python (Programming Language)"",
  ""Dashboard"",
  ""Analytics"",
  ""Decision Making"",
  ""Customer Experience Improvement"",
  ""Mathematics"",
  ""Supply Chain"",
  ""Business Statistics"",
  ""Communication"",
  ""Marketing"",
  ""Key Performance Indicators (KPIs)"",
  ""Data Analysis"",
  ""SQL (Programming Language)"",
  ""Ad Hoc Reporting"",
  ""Account Management"",
  ""Scripting"",
  ""Consulting"",
  ""Peer Review"",
  ""Economics"",
  ""Program Management"",
  ""Qualtrics"",
  ""Data Visualization"",
  ""Tableau (Business Intelligence Software)"",
  ""Direct-to-Consumer (DTC)"",
  ""Surveys"",
  ""R (Programming Language)""
]",8/22/2024,"[
  ""https://www.dice.com/job-detail/de7129bf-c313-4088-a6b3-3e4b35e55485""
]"
724dfc7e25c6a85b3db400fbe605f58bec81ae15,data analyst gbm mpie,TikTok,Tiktok,California,6,"San Francisco, CA",[None],Full-time (> 32 hours),96000.0,140000.0,4,"[
  ""Bachelor's degree""
]",15-2051,Data Scientists,15-2051.01,Business Intelligence Analysts,518210,"Computing Infrastructure Providers, Data Processing, Web Hosting, and Related Services","[
  ""Power BI"",
  ""Business Analytics"",
  ""Courage"",
  ""Data Science"",
  ""Statistical Modeling"",
  ""Finance"",
  ""Advanced Mathematics"",
  ""TikTok Marketing"",
  ""Digital Advertising"",
  ""Python (Programming Language)"",
  ""Dashboard"",
  ""Leadership"",
  ""Looker Analytics"",
  ""Data Analysis"",
  ""Statistics"",
  ""Management Consulting"",
  ""Visualization"",
  ""Marketing"",
  ""Key Performance Indicators (KPIs)"",
  ""Triage"",
  ""Data-Driven Decision Making"",
  ""Engineering Management"",
  ""Quick Learning"",
  ""Complex Problem Solving"",
  ""Sales"",
  ""Ideation"",
  ""Business Development"",
  ""Accounting"",
  ""Business Intelligence"",
  ""Marketing Co-Operations"",
  ""TikTok"",
  ""Generic Buffer Management"",
  ""Experimentation"",
  ""Tableau (Business Intelligence Software)"",
  ""Computer Science"",
  ""R (Programming Language)"",
  ""SQL (Programming Language)""
]",5/24/2024,"[
  ""https://www.indeed.com/viewjob?jk=60a8ae98e3980e79"",
  ""https://www.themuse.com/jobs/tiktok/data-analyst-gbm-mpie"",
  ""https://careers.tiktok.com/position/7372077595749288201/detail"",
  ""https://www.simplyhired.com/job/Li76hGVV_JogVySSfI6v9AATHUL55DaJv5Qh037C0EZlqqiAejiJ2w""
]"
74c32613f4c5ed09e689de1b0a1a60c9a328ae30,business analyst product owner with healthcare domain,"E-Solutions, Inc.",E-Solutions Group,Illinois,17,"Lake Forest, IL",[None],Full-time (> 32 hours),,,10,"[
  ""No Education Listed""
]",15-2051,Data Scientists,15-2051.01,Business Intelligence Analysts,518210,"Computing Infrastructure Providers, Data Processing, Web Hosting, and Related Services","[
  ""Application Programming Interface (API)"",
  ""Agile Methodology"",
  ""Analytical Thinking"",
  ""Certified Scrum Product Owner"",
  ""Scrum (Software Development)"",
  ""Communication"",
  ""Business Architecture"",
  ""Business Requirements"",
  ""SQL (Programming Language)"",
  ""HyperText Markup Language (HTML)"",
  ""JSON"",
  ""Postman API Platform""
]",8/9/2024,"[
  ""https://jobsapi.ceipal.com/APISource/v3/index.html?job_id=z5G7h3l6a1kMvyS65NP3c21qP3CwK17oVbRfa7tkrf0=#"",
  ""https://www.dice.com/job-detail/8a9bc5ed-40ae-4a92-8f55-668565470f89""
]"
75775be6a4a0f337348fe70c47b8024df5f23403,data analyst hybrid in portland or or des moines ia,Concentrix,Concentrix,Maine,23,"Augusta, ME",Hybrid Remote,Full-time (> 32 hours),,,,"[
  ""No Education Listed""
]",15-2051,Data Scientists,15-2051.01,Business Intelligence Analysts,518210,"Computing Infrastructure Providers, Data Processing, Web Hosting, and Related Services","[
  ""Generally Accepted Accounting Principles"",
  ""Office Equipment"",
  ""Finance"",
  ""Leadership"",
  ""Data Analysis"",
  ""Financial Data"",
  ""Business Requirements"",
  ""Data Discovery"",
  ""Consulting"",
  ""Data Visualization""
]",8/20/2024,"[
  ""https://enableamerica.dejobs.org/augusta-me/data-analyst-hybrid-in-portland-or-or-des-moines-ia/c2884000da1b47ea8809c11f707bd421/job"",
  ""https://joblink.maine.gov/jobs/1116209"",
  ""https://disabilities.dejobs.org/augusta-me/data-analyst-hybrid-in-portland-or-or-des-moines-ia/c2884000da1b47ea8809c11f707bd421/job""
]"
767fd0dbb2691f7a4d8cd11246dc7239d79c8011,staff business data analyst marketing data science,Intuit,Intuit,California,6,"Mountain View, CA",[None],Full-time (> 32 hours),,,7,"[
  ""Bachelor's degree"",
  ""Master's degree""
]",15-2051,Data Scientists,15-2051.01,Business Intelligence Analysts,518210,"Computing Infrastructure Providers, Data Processing, Web Hosting, and Related Services","[
  ""Predictive Analytics"",
  ""Performance Analytics"",
  ""Product Analytics"",
  ""Sales Funnel"",
  ""Self-Motivation"",
  ""Statistical Analysis"",
  ""Customer Acquisition Management"",
  ""Data Science"",
  ""Data Architecture"",
  ""Big Data"",
  ""Web Traffic"",
  ""QuickBooks (Accounting Software)"",
  ""Google Analytics"",
  ""Python (Programming Language)"",
  ""Dashboard"",
  ""Attribution Modeling"",
  ""Adobe Analytics"",
  ""Leadership"",
  ""Analytics"",
  ""Web Performance Optimization"",
  ""Marketing"",
  ""Web Analytics"",
  ""Data Analysis"",
  ""User Research"",
  ""Behavioral Analytics"",
  ""SQL (Programming Language)"",
  ""Data Storytelling"",
  ""Data Pipelines"",
  ""Machine Learning"",
  ""Market Segmentation"",
  ""Test Design"",
  ""Extract Transform Load (ETL)"",
  ""Online Advertising"",
  ""Data Visualization"",
  ""Tableau (Business Intelligence Software)"",
  ""R (Programming Language)""
]",8/28/2024,"[
  ""https://jobs.intuit.com/job/mountain-view/staff-business-data-analyst-marketing-data-science/27595/64875377840""
]"
7b0bc14ac0a4dcbe8b59e56f74dcd1d94159bfde,metadata analyst,"OCLC, Inc.",Oclc Gmbh Deutschland,Ohio,39,"Dublin, OH",[None],Full-time (> 32 hours),,,5,"[
  ""Bachelor's degree""
]",15-2051,Data Scientists,15-2051.01,Business Intelligence Analysts,518210,"Computing Infrastructure Providers, Data Processing, Web Hosting, and Related Services","[
  ""Research"",
  ""Ability To Meet Deadlines"",
  ""Perl (Programming Language)"",
  ""Batch Processing"",
  ""Process Improvement"",
  ""Performance Tuning"",
  ""Communication"",
  ""Development Environment"",
  ""Data Management"",
  ""Python (Programming Language)"",
  ""Dashboard"",
  ""Data Quality"",
  ""Data Analysis"",
  ""Data Store"",
  ""Extensible Stylesheet Language Transformations (XSLT)"",
  ""Troubleshooting (Problem Solving)"",
  ""Metadata"",
  ""Power BI"",
  ""Query Languages"",
  ""Data Visualization"",
  ""Tableau (Business Intelligence Software)"",
  ""R (Programming Language)"",
  ""SQL (Programming Language)"",
  ""Log Files""
]",7/10/2024,"[
  ""https://www.jobit.com/search/jobs/6870378/Metadata-Analyst.html"",
  ""https://dejobs.org/dublin-oh/metadata-analyst/59B904AACD27478387F0921EB8B1EB84/job/"",
  ""https://oclc.wd1.myworkdayjobs.com/en-us/oclc_careers/job/metadata-analyst_r0003304""
]"
7b661d5fca8383e87b6898333c983a5f0168d8d7,advanced data analyst analytics,ISN SOFTWARE CORPORATION,Isn Software Corporation,Texas,48,"Dallas, TX",Remote,Full-time (> 32 hours),63000.0,131000.0,,"[
  ""Master's degree""
]",15-2051,Data Scientists,15-2051.01,Business Intelligence Analysts,518210,"Computing Infrastructure Providers, Data Processing, Web Hosting, and Related Services","[
  ""Business Analytics"",
  ""Analytical Skills"",
  ""Data Manipulation"",
  ""Data Science"",
  ""Predictive Analytics"",
  ""Python (Programming Language)"",
  ""Dashboard"",
  ""Decision Making"",
  ""Data Analysis"",
  ""SQL (Programming Language)"",
  ""Data Visualization"",
  ""Tableau (Business Intelligence Software)""
]",8/26/2024,"[
  ""https://www.workintexas.com/vosnet/jobbanks/jobdetails.aspx?enc=9B8/uT7EfbEIDLIMZ8rhowzqyZjsNU1dBVrIZPNl61aLdeYEgg50x36hjNUp+PGjsEAMZu07oqdStxC5ndrgShIsyP61F6dAmRcb+2wrUFAlv9/u5iHQUx3R0EWR5M/oIZpuYMgVCzBp7WwtPux+MCBxeqQYLlqarOjZx/+C5SXhm3h7Zeed7rd7I7eWEJA72gKn3cjCScGEzur82to0TMrwSrT0r9W4T2lsUgR4o37PG8runngInd9d+oq0Ewt/NoMBnZQltoTSfmSCYhVr/kpgXAIev9r4JgvFcPherN1sr/IoGn4mYE8kXEVKwNz3aRKGkqWIEYdmyyofvGkDNVRMdaT7OeZIMg8jET7i52EPY1UnH8/Ftu1tSO0sbf1984yPr/5uDtHjh0JjdTJInDonsIzF8ESDkOoMVX91OcXgsSz1r0fYLHVXFSyDclc5wEkA5epAx3QRRw9E4Uujem1qDQNt43R8BIjBFZvzhkvuUHWjHTBxyD/8c3OLAkxSPEHCIwIrnlWd/rSHMz1fB/fNJAmFtkwfiA1Zk96N6Txx3ibAwNt7j8uh58tqw2ET"",
  ""https://www.workintexas.com/vosnet/jobbanks/jobdetails.aspx?enc=9B8/uT7EfbEIDLIMZ8rhowzqyZjsNU1dBVrIZPNl61aLdeYEgg50x36hjNUp+PGjsEAMZu07oqdStxC5ndrgShIsyP61F6dAmRcb+2wrUFAlv9/u5iHQUx3R0EWR5M/oIZpuYMgVCzBp7WwtPux+MCBxeqQYLlqarOjZx/+C5SXhm3h7Zeed7rd7I7eWEJA72gKn3cjCScGEzur82to0TJmR7cqLqdzZDO6chrXHtPCsWtRTCDutR5V/YcN7LKojgitzm2BLzueNIsd8C4gkbHYTJ8NdW8l6D90Soi8CO8PgnGZqeNrbZ461vDzLOiCCL/t9S9zO2UUUix/tjphgMhy2PtiKXudJR8bkhjDTCojVVxl4NKkr9A/iujfezkRLKRYptgKHaATrvCD7gebDogDD2WxFopI85GNLhYl/B0Lm8rDrtomv1PuD0ZQwL+LK9UPNepH4574k88VkqT08RIZefiRl1wyzX+IehGl3TUJr9O/y2EgSrLJDNohqqylxLoSx4zefey9jQez+EcWrdhdW7LO8alWjttTHLorSATvqMkvhIVcnjGwtL6Ef4oxqIp5VeVncm2uJ51dmoBiGCw==""
]"
7ef8e24ccc1b14785b7f7e21f965d965f91929c6,data analyst aws quick sight,E-Solutions Inc.,E-Solutions Group,Georgia,13,"Atlanta, GA",[None],Full-time (> 32 hours),,,,"[
  ""No Education Listed""
]",15-2051,Data Scientists,15-2051.01,Business Intelligence Analysts,518210,"Computing Infrastructure Providers, Data Processing, Web Hosting, and Related Services","[
  ""Power BI"",
  ""Dashboard"",
  ""Amazon QuickSight"",
  ""Data Analysis"",
  ""Tableau (Business Intelligence Software)""
]",7/18/2024,"[
  ""https://jobsapi.ceipal.com/APISource/v3/index.html?job_id=z5G7h3l6a1kMvyS65NP3czYW_ZGjtgsUwY-876L5xdA=#""
]"
7f3f22c66b7607eac4e1549642fc5e960a38f3fa,data analyst hybrid in portland or or des moines ia,Concentrix,Concentrix,North Dakota,38,"Bismarck, ND",Hybrid Remote,Full-time (> 32 hours),,,,"[
  ""No Education Listed""
]",15-2051,Data Scientists,15-2051.01,Business Intelligence Analysts,518210,"Computing Infrastructure Providers, Data Processing, Web Hosting, and Related Services","[
  ""Generally Accepted Accounting Principles"",
  ""Office Equipment"",
  ""Finance"",
  ""Leadership"",
  ""Data Analysis"",
  ""Financial Data"",
  ""Business Requirements"",
  ""Data Discovery"",
  ""Consulting"",
  ""Data Visualization""
]",8/20/2024,"[
  ""https://disabilities.dejobs.org/bismarck-nd/data-analyst-hybrid-in-portland-or-or-des-moines-ia/26d1955f0ab3436c92f0f6d2da165941/job"",
  ""https://enableamerica.dejobs.org/bismarck-nd/data-analyst-hybrid-in-portland-or-or-des-moines-ia/26d1955f0ab3436c92f0f6d2da165941/job""
]"
800eea1f08f33912e710bd144f3724a96da8a5cc,data engineer analytics generalist,Instagram,Instagram,New York,36,"New York, NY",[None],Full-time (> 32 hours),,,10,"[
  ""Bachelor's degree""
]",15-2051,Data Scientists,15-2051.01,Business Intelligence Analysts,518210,"Computing Infrastructure Providers, Data Processing, Web Hosting, and Related Services","[
  ""Object-Oriented Programming (OOP)"",
  ""Data Infrastructure"",
  ""Data Modeling"",
  ""Data Warehousing"",
  ""Software Engineering"",
  ""Unstructured Data"",
  ""Data Architecture"",
  ""Influencing Skills"",
  ""Governance"",
  ""Data Engineering"",
  ""Python (Programming Language)"",
  ""Full Stack Development"",
  ""Dashboard"",
  ""Leadership"",
  ""Data Quality"",
  ""Collections"",
  ""Mathematics"",
  ""Project Management"",
  ""Triage"",
  ""SQL (Programming Language)"",
  ""Data Analysis"",
  ""Extract Transform Load (ETL)"",
  ""MapReduce"",
  ""Computer Engineering"",
  ""Data Recording"",
  ""Computer Science""
]",7/3/2024,"[
  ""https://www.themuse.com/jobs/meta/data-engineer-analytics-generalist-1d78c3"",
  ""https://www.disabledperson.com/jobs/60164416-data-engineer-analytics-generalist""
]"
8139c7529b5d5010a07967aa8f71e778ca011c6a,data analyst hybrid in portland or or des moines ia,Concentrix,Concentrix,North Carolina,37,"Raleigh, NC",Hybrid Remote,Full-time (> 32 hours),,,,"[
  ""No Education Listed""
]",15-2051,Data Scientists,15-2051.01,Business Intelligence Analysts,518210,"Computing Infrastructure Providers, Data Processing, Web Hosting, and Related Services","[
  ""Generally Accepted Accounting Principles"",
  ""Office Equipment"",
  ""Finance"",
  ""Leadership"",
  ""Data Analysis"",
  ""Financial Data"",
  ""Business Requirements"",
  ""Data Discovery"",
  ""Consulting"",
  ""Data Visualization""
]",8/20/2024,"[
  ""https://disabilities.dejobs.org/raleigh-nc/data-analyst-hybrid-in-portland-or-or-des-moines-ia/817a1aa9eed940ff94586238a16cfb4d/job"",
  ""https://enableamerica.dejobs.org/raleigh-nc/data-analyst-hybrid-in-portland-or-or-des-moines-ia/817a1aa9eed940ff94586238a16cfb4d/job"",
  ""https://dejobs.org/raleigh-nc/data-analyst-hybrid-in-portland-or-or-des-moines-ia/817A1AA9EED940FF94586238A16CFB4D/job/""
]"
82ea60fbeebb728fee93d2d49c70d618f820d520,sap data analyst i,Buckeye Global,Buckeye Global It,New Jersey,34,"Clark, NJ",[None],Full-time (> 32 hours),,,4,"[
  ""Bachelor's degree""
]",15-2051,Data Scientists,15-2051.01,Business Intelligence Analysts,518210,"Computing Infrastructure Providers, Data Processing, Web Hosting, and Related Services","[
  ""Data Management"",
  ""Finance"",
  ""Product Catalog Management"",
  ""Data Quality"",
  ""SAP Applications"",
  ""Marketing"",
  ""Packaging And Labeling"",
  ""Data Analysis"",
  ""Brand Management""
]",6/17/2024,"[
  ""https://www.indeed.com/viewjob?jk=52b4da2b94dffad5"",
  ""https://www.simplyhired.com/job/LR_NWi6ocXDYThvcYwMp0WT4WKWKN2ALyxYY8Q-uQGGe1S4VOTuFZw""
]"
8374c854194353450d74aee2655b90b7b7188fe2,data analyst sf,Concentrix,Concentrix,Mississippi,28,"Jackson, MS",[None],Full-time (> 32 hours),,,,"[
  ""No Education Listed""
]",15-2051,Data Scientists,15-2051.01,Business Intelligence Analysts,518210,"Computing Infrastructure Providers, Data Processing, Web Hosting, and Related Services","[
  ""Salesforce"",
  ""Effective Communication"",
  ""Relationship Building"",
  ""Office Equipment"",
  ""Data Validation"",
  ""Critical Thinking"",
  ""Cross-Functional Collaboration"",
  ""Problem Solving"",
  ""Microsoft Outlook"",
  ""Communication"",
  ""Leadership"",
  ""Data Analysis"",
  ""Strategic Thinking"",
  ""Business To Business"",
  ""Detail Oriented"",
  ""Microsoft 365"",
  ""Microsoft Excel""
]",8/6/2024,"[
  ""https://dejobs.org/jackson-ms/data-analyst-sf/5E4B1435D0F54A1B83180698CEB13014/job/""
]"
83936dbc5646857afefa505d33df2b38a9e42cdf,data analyst hybrid in portland or or des moines ia,Concentrix,Concentrix,Florida,12,"Tallahassee, FL",Hybrid Remote,Full-time (> 32 hours),,,,"[
  ""No Education Listed""
]",15-2051,Data Scientists,15-2051.01,Business Intelligence Analysts,518210,"Computing Infrastructure Providers, Data Processing, Web Hosting, and Related Services","[
  ""Generally Accepted Accounting Principles"",
  ""Office Equipment"",
  ""Finance"",
  ""Leadership"",
  ""Data Analysis"",
  ""Financial Data"",
  ""Business Requirements"",
  ""Data Discovery"",
  ""Consulting"",
  ""Data Visualization""
]",8/20/2024,"[
  ""https://disabilities.dejobs.org/tallahassee-fl/data-analyst-hybrid-in-portland-or-or-des-moines-ia/2b3412108fc14bdead5d73ed5c163804/job"",
  ""https://enableamerica.dejobs.org/tallahassee-fl/data-analyst-hybrid-in-portland-or-or-des-moines-ia/2b3412108fc14bdead5d73ed5c163804/job""
]"
841b84ef036394fe1d784d7f47d8eab673ccef83,data analyst with python experience at onsite,E-Solutions Inc.,E-Solutions Group,Texas,48,"San Antonio, TX",[None],Full-time (> 32 hours),,,,"[
  ""No Education Listed""
]",15-2051,Data Scientists,15-2051.01,Business Intelligence Analysts,518210,"Computing Infrastructure Providers, Data Processing, Web Hosting, and Related Services","[
  ""Management"",
  ""Data Modeling"",
  ""Data Reporting"",
  ""Data Mining"",
  ""Data Profiling"",
  ""Algorithms"",
  ""Python (Programming Language)"",
  ""Data Quality"",
  ""Data Analysis"",
  ""Machine Learning"",
  ""Data Discovery"",
  ""Consulting"",
  ""Metadata"",
  ""Financial Stress Testing""
]",8/21/2024,"[
  ""https://www.dice.com/job-detail/422962af-6acb-45d1-bab1-6a41d7fca2af"",
  ""https://jobsapi.ceipal.com/APISource/v3/index.html?job_id=z5G7h3l6a1kMvyS65NP3c_l1-EX2eVQ3homslytqnMI=#""
]"
85df4935ef7775cafdf22aebbcdef38d4897b545,business intelligence analyst,Foresight Intelligence,Foresight Intelligence,Arizona,4,"Scottsdale, AZ",[None],Full-time (> 32 hours),,,3,"[
  ""Bachelor's degree""
]",15-2051,Data Scientists,15-2051.01,Business Intelligence Analysts,518210,"Computing Infrastructure Providers, Data Processing, Web Hosting, and Related Services","[
  ""Overcoming Obstacles"",
  ""Research"",
  ""Application Programming Interface (API)"",
  ""Internet Of Things (IoT)"",
  ""Extensible Markup Language (XML)"",
  ""Communication"",
  ""Business Analysis"",
  ""Integrated Development Environments"",
  ""Microsoft SQL Servers"",
  ""Business Requirements"",
  ""Project Management"",
  ""Business Intelligence"",
  ""Software Engineering"",
  ""C# (Programming Language)"",
  ""Customer Success Management"",
  ""Troubleshooting (Problem Solving)"",
  ""Project Planning"",
  ""SQL (Programming Language)"",
  ""Verbal Communication Skills"",
  ""Software Development"",
  ""Problem Solving"",
  ""JSON"",
  ""Computer Science""
]",6/17/2024,"[
  ""https://www.indeed.com/viewjob?jk=f53cafa277053851"",
  ""https://disabilities.dejobs.org/scottsdale-az/business-intelligence-analyst/49ffacff12c04a19afa7ec0981bbd808/job"",
  ""https://dejobs.org/scottsdale-az/business-intelligence-analyst/49FFACFF12C04A19AFA7EC0981BBD808/job/"",
  ""https://www.simplyhired.com/job/jNeC_VDILETqPzvX5ZuSm1sm8q1AkRUmUABXOjNBNuE7zwRs57fAHg""
]"
8643ef3535222d8748d7004b83722d9baff0d669,data engineer analytics generalist,Instagram,Instagram,California,6,"Menlo Park, CA",[None],Full-time (> 32 hours),206000.0,281000.0,10,"[
  ""Bachelor's degree""
]",15-2051,Data Scientists,15-2051.01,Business Intelligence Analysts,518210,"Computing Infrastructure Providers, Data Processing, Web Hosting, and Related Services","[
  ""Object-Oriented Programming (OOP)"",
  ""Data Infrastructure"",
  ""Data Modeling"",
  ""Data Warehousing"",
  ""Software Engineering"",
  ""Unstructured Data"",
  ""Data Architecture"",
  ""Influencing Skills"",
  ""Governance"",
  ""Data Engineering"",
  ""Python (Programming Language)"",
  ""Full Stack Development"",
  ""Dashboard"",
  ""Leadership"",
  ""Data Quality"",
  ""Collections"",
  ""Mathematics"",
  ""Communication"",
  ""Project Management"",
  ""Triage"",
  ""SQL (Programming Language)"",
  ""Data Analysis"",
  ""Extract Transform Load (ETL)"",
  ""MapReduce"",
  ""Computer Engineering"",
  ""Writing"",
  ""Data Recording"",
  ""Computer Science""
]",8/3/2024,"[
  ""https://www.disabledperson.com/jobs/60610509-data-engineer-analytics-generalist""
]"
87567aa64e7080055cae4d97958528eacaeeebcb,business intelligence analyst usds,TikTok,Tiktok,California,6,"Mountain View, CA",[None],Full-time (> 32 hours),106400.0,177777.0,5,"[
  ""Bachelor's degree"",
  ""Master's degree""
]",15-2051,Data Scientists,15-2051.01,Business Intelligence Analysts,518210,"Computing Infrastructure Providers, Data Processing, Web Hosting, and Related Services","[
  ""Power BI"",
  ""Programming Languages"",
  ""Presentations"",
  ""Management"",
  ""Business Analytics"",
  ""Business Process Improvement"",
  ""Data Mining"",
  ""Courage"",
  ""Regression Analysis"",
  ""Data Science"",
  ""Self Injury Intervention"",
  ""Python (Programming Language)"",
  ""Resilience"",
  ""Dashboard"",
  ""Leadership"",
  ""Business Requirements"",
  ""Management Information Systems"",
  ""Business Intelligence"",
  ""Operations"",
  ""SQL (Programming Language)"",
  ""Scalability"",
  ""Quantitative Analysis"",
  ""Communication"",
  ""Operational Performance Management"",
  ""Tableau (Business Intelligence Software)"",
  ""Data Security"",
  ""R (Programming Language)""
]",6/22/2024,"[
  ""https://www.themuse.com/jobs/tiktok/business-intelligence-analyst-usds-5d9217"",
  ""https://careers.tiktok.com/position/7381903920673376562/detail"",
  ""https://fairygodboss.com/jobs/tiktok/business-intelligence-analyst-usds-ecc886df2a7409fc10e138727cf4137d""
]"
87e984bd3ebc1cf4e50ef35be551482ce26059ad,senior data analyst ad products,SoundCloud,Soundcloud,New York,36,"New York, NY",Remote,Full-time (> 32 hours),115000.0,135000.0,5,"[
  ""No Education Listed""
]",15-2051,Data Scientists,15-2051.01,Business Intelligence Analysts,518210,"Computing Infrastructure Providers, Data Processing, Web Hosting, and Related Services","[
  ""Tealium"",
  ""Power BI"",
  ""Curiosity"",
  ""Presentations"",
  ""General Data Protection Regulation (GDPR)"",
  ""Continuous Improvement Process"",
  ""Product Analytics"",
  ""Event Tracking"",
  ""Exploratory Data Analysis"",
  ""Yield Management"",
  ""Data Science"",
  ""Communication"",
  ""Influencing Skills"",
  ""Mentorship"",
  ""Algorithms"",
  ""Privacy Law"",
  ""Dashboard"",
  ""Key Performance Indicators (KPIs)"",
  ""Leadership"",
  ""Analytics"",
  ""Data Quality"",
  ""Looker Analytics"",
  ""Strategic Partnership"",
  ""Strategic Decision Making"",
  ""Inventory Forecasting"",
  ""Business Intelligence"",
  ""Data Analysis"",
  ""User Research"",
  ""Behavioral Analytics"",
  ""Advertisement"",
  ""Product Engineering"",
  ""SQL (Programming Language)"",
  ""User Preferences"",
  ""Adobe Experience Platform Launch"",
  ""Amazon Web Services"",
  ""Tag Management"",
  ""Statistical Methods"",
  ""Institutional Knowledge"",
  ""Apache Airflow"",
  ""Data Visualization"",
  ""Tableau (Business Intelligence Software)""
]",9/22/2024,"[
  ""https://www.builtinnyc.com/job/senior-data-analyst-ad-products/281109"",
  ""https://careers.soundcloud.com?gh_jid=7568352002""
]"
8a315ad788311a18550f017fc1739346576354f6,data analyst,CompuCom,CompuCom,Washington,53,"Redmond, WA",[None],Full-time (> 32 hours),93600.0,103584.0,2,"[
  ""Bachelor's degree""
]",15-2051,Data Scientists,15-2051.01,Business Intelligence Analysts,518210,"Computing Infrastructure Providers, Data Processing, Web Hosting, and Related Services","[
  ""Vulnerability Management"",
  ""Microsoft Azure"",
  ""Data Analysis"",
  ""Project Management"",
  ""Patch Management"",
  ""Computer Engineering"",
  ""Vulnerability"",
  ""Computer Science""
]",5/20/2024,"[
  ""https://dejobs.org/redmond-wa/data-analyst-3/E221519C03284AD3B506B58BAE59C16B/job/"",
  ""https://dejobs.org/redmond-wa/data-analyst-2/19B36DCA5A3C4B2FBDC0DECABF70DB43/job/""
]"
8aa1f7af7757704286e671b959d181efcb94e00b,data analyst hybrid in portland or or des moines ia,Concentrix,Concentrix,Kentucky,21,"Frankfort, KY",Hybrid Remote,Full-time (> 32 hours),,,,"[
  ""No Education Listed""
]",15-2051,Data Scientists,15-2051.01,Business Intelligence Analysts,518210,"Computing Infrastructure Providers, Data Processing, Web Hosting, and Related Services","[
  ""Generally Accepted Accounting Principles"",
  ""Office Equipment"",
  ""Finance"",
  ""Leadership"",
  ""Data Analysis"",
  ""Financial Data"",
  ""Business Requirements"",
  ""Data Discovery"",
  ""Consulting"",
  ""Data Visualization""
]",8/20/2024,"[
  ""https://disabilities.dejobs.org/frankfort-ky/data-analyst-hybrid-in-portland-or-or-des-moines-ia/d63bd13cf520440b8d5890d0995d3c2d/job"",
  ""https://enableamerica.dejobs.org/frankfort-ky/data-analyst-hybrid-in-portland-or-or-des-moines-ia/d63bd13cf520440b8d5890d0995d3c2d/job"",
  ""https://dejobs.org/frankfort-ky/data-analyst-hybrid-in-portland-or-or-des-moines-ia/D63BD13CF520440B8D5890D0995D3C2D/job/""
]"
8ae6e6244bd6ba38f1cbfa366f19ed5cfa450d59,business intelligence analyst,Corcentric,Corcentric,New Jersey,34,"Cherry Hill, NJ",Remote,Full-time (> 32 hours),,,,"[
  ""Bachelor's degree"",
  ""Master's degree""
]",15-2051,Data Scientists,15-2051.01,Business Intelligence Analysts,518210,"Computing Infrastructure Providers, Data Processing, Web Hosting, and Related Services","[
  ""Power BI"",
  ""Programming Languages"",
  ""Office Equipment"",
  ""Client Services"",
  ""QC Reporting"",
  ""Communication"",
  ""English Language"",
  ""Data Manipulation"",
  ""Python (Programming Language)"",
  ""Employee Assistance Programs"",
  ""Business Intelligence Tools"",
  ""Mathematics"",
  ""Statistics"",
  ""Business Requirements"",
  ""Business Intelligence"",
  ""Detail Oriented"",
  ""Management Information Systems"",
  ""SQL (Programming Language)"",
  ""Filing"",
  ""Microsoft Excel"",
  ""Internal Reporting"",
  ""Problem Solving"",
  ""Tableau (Business Intelligence Software)"",
  ""Working Capital""
]",6/21/2024,"[
  ""https://www.simplyhired.com/job/Olei-pQmwz3dXNrS6TNgo-Z2OYdqgQ39UjiGQa--qJDRnZt1DnP7uw"",
  ""https://www.indeed.com/viewjob?jk=00c8753d96b775e4""
]"
8b209ed1dc84222ded6ef307abf20b56f5da004b,senior business intelligence analyst fp a,Snowflake Inc.,Snowflake Computing,California,6,"San Mateo, CA",[None],Full-time (> 32 hours),121000.0,163800.0,5,"[
  ""No Education Listed""
]",15-2051,Data Scientists,15-2051.01,Business Intelligence Analysts,518210,"Computing Infrastructure Providers, Data Processing, Web Hosting, and Related Services","[
  ""Power BI"",
  ""Research"",
  ""Agile Methodology"",
  ""BigQuery"",
  ""Business Systems"",
  ""Data Modeling"",
  ""Data Architecture"",
  ""Financial Planning"",
  ""Data Reporting"",
  ""Parsing"",
  ""Prioritization"",
  ""Safety Assurance"",
  ""Automation"",
  ""Amazon Redshift"",
  ""Creative Thinking"",
  ""Finance"",
  ""Scrum (Software Development)"",
  ""Communication"",
  ""Python (Programming Language)"",
  ""Decision Making"",
  ""Looker Analytics"",
  ""Business Intelligence"",
  ""SQL (Programming Language)"",
  ""Data Pipelines"",
  ""Usability Testing"",
  ""Enterprise Resource Planning"",
  ""Data Quality Assessment"",
  ""Accounting"",
  ""Tableau (Business Intelligence Software)"",
  ""Data Security""
]",5/2/2024,"[
  ""https://www.themuse.com/jobs/snowflake/senior-business-intelligence-analyst-fpa"",
  ""https://fairygodboss.com/jobs/snowflake/senior-business-intelligence-analyst-fp-a-5f834b8adfd4d9557a40b4f8b95c72b4"",
  ""https://careers.snowflake.com/us/en/job/7325419002/Senior-Business-Intelligence-Analyst-FP-A""
]"
8d151a4b360afbaac3a2a0c344d2d8cc79452070,data analyst ts sci clearance,Peraton,Peraton,Colorado,8,"Colorado Springs, CO",[None],Full-time (> 32 hours),104000.0,166000.0,5,"[
  ""Bachelor's degree"",
  ""Master's degree"",
  ""Ph.D. or professional degree""
]",15-2051,Data Scientists,15-2051.01,Business Intelligence Analysts,518210,"Computing Infrastructure Providers, Data Processing, Web Hosting, and Related Services","[
  ""Empirical Research"",
  ""Stata"",
  ""Mathematics"",
  ""Research"",
  ""Microsoft PowerPoint"",
  ""Data Intelligence"",
  ""Analytic Applications"",
  ""ArcGIS (GIS Software)"",
  ""Microsoft Excel"",
  ""International Relations"",
  ""Planning"",
  ""Python (Programming Language)"",
  ""Analytical Dashboard"",
  ""SPSS (Statistical Software)"",
  ""Big Data"",
  ""Political Sciences"",
  ""Open Source Intelligence"",
  ""Quantum GIS (QGIS)"",
  ""Leadership"",
  ""Data Analysis"",
  ""Statistics"",
  ""Semi-Structured Data"",
  ""Machine Learning"",
  ""Operational Reporting"",
  ""Research Design"",
  ""Operations"",
  ""Physics"",
  ""Natural Language Processing (NLP)"",
  ""Top Secret-Sensitive Compartmented Information (TS/SCI Clearance)"",
  ""Data Synthesis"",
  ""Statistical Packages"",
  ""Cultural Anthropology"",
  ""Quantitative Analysis"",
  ""Operational Planning"",
  ""Communication Studies"",
  ""Geospatial Analysis"",
  ""Qualitative Research"",
  ""Data Visualization"",
  ""Computer Science"",
  ""R (Programming Language)""
]",8/19/2024,"[
  ""https://careers-peraton.icims.com/jobs/149346/data-analyst---colorado-springs,-co-%e2%80%93-ts-sci-clearance/job""
]"
8dddf6311674857a45b61724671fba1f0dd5ed5b,data analyst hybrid in portland or or des moines ia,Concentrix,Concentrix,Arkansas,5,"Little Rock, AR",Hybrid Remote,Full-time (> 32 hours),,,,"[
  ""No Education Listed""
]",15-2051,Data Scientists,15-2051.01,Business Intelligence Analysts,518210,"Computing Infrastructure Providers, Data Processing, Web Hosting, and Related Services","[
  ""Generally Accepted Accounting Principles"",
  ""Office Equipment"",
  ""Finance"",
  ""Leadership"",
  ""Data Analysis"",
  ""Financial Data"",
  ""Business Requirements"",
  ""Data Discovery"",
  ""Consulting"",
  ""Data Visualization""
]",8/20/2024,"[
  ""https://dejobs.org/little-rock-ar/data-analyst-hybrid-in-portland-or-or-des-moines-ia/66456BC04EAB40DDABCF455E5230D0A4/job/"",
  ""https://enableamerica.dejobs.org/little-rock-ar/data-analyst-hybrid-in-portland-or-or-des-moines-ia/66456bc04eab40ddabcf455e5230d0a4/job"",
  ""https://disabilities.dejobs.org/little-rock-ar/data-analyst-hybrid-in-portland-or-or-des-moines-ia/66456bc04eab40ddabcf455e5230d0a4/job""
]"
8e578d4074991d79aca0ecda335a0dda3d607b64,senior data analyst,ID.me,Id.Me,Virginia,51,"McLean, VA",[None],Full-time (> 32 hours),124000.0,124000.0,5,"[
  ""Bachelor's degree""
]",15-2051,Data Scientists,15-2051.01,Business Intelligence Analysts,518210,"Computing Infrastructure Providers, Data Processing, Web Hosting, and Related Services","[
  ""Detail Oriented"",
  ""Mathematics"",
  ""Auditing"",
  ""Forecasting"",
  ""Management"",
  ""Prioritization"",
  ""Continuous Improvement Process"",
  ""Data Literacy"",
  ""Self-Motivation"",
  ""Business Metrics"",
  ""NIST 800"",
  ""Finance"",
  ""Ad Hoc Analysis"",
  ""Dashboard"",
  ""Time Management"",
  ""Key Performance Indicators (KPIs)"",
  ""Leadership"",
  ""Looker Analytics"",
  ""Strong Work Ethic"",
  ""Statistics"",
  ""ATM Adaptation Layer"",
  ""Writing"",
  ""Data Analysis"",
  ""Troubleshooting (Problem Solving)"",
  ""Authentications"",
  ""Extract Transform Load (ETL)"",
  ""Economics"",
  ""Accounting"",
  ""Business Intelligence"",
  ""Problem Solving"",
  ""SQL (Programming Language)"",
  ""Tableau (Business Intelligence Software)""
]",7/17/2024,"[
  ""https://fairygodboss.com/jobs/id-me/senior-data-analyst-959979e6bc889c50cb607b9e831f4a95"",
  ""https://www.themuse.com/jobs/idme/senior-data-analyst-9590a0""
]"
8fbce509ad3a650b83ec9d5037f47928c9750fe1,data analyst hybrid in portland or or des moines ia,Concentrix,Concentrix,Nevada,32,"Carson City, NV",Hybrid Remote,Full-time (> 32 hours),,,,"[
  ""No Education Listed""
]",15-2051,Data Scientists,15-2051.01,Business Intelligence Analysts,518210,"Computing Infrastructure Providers, Data Processing, Web Hosting, and Related Services","[
  ""Generally Accepted Accounting Principles"",
  ""Office Equipment"",
  ""Finance"",
  ""Leadership"",
  ""Data Analysis"",
  ""Financial Data"",
  ""Business Requirements"",
  ""Data Discovery"",
  ""Consulting"",
  ""Data Visualization""
]",8/20/2024,"[
  ""https://enableamerica.dejobs.org/carson-city-nv/data-analyst-hybrid-in-portland-or-or-des-moines-ia/17276fc11b2a412d994499ac420f495f/job"",
  ""https://disabilities.dejobs.org/carson-city-nv/data-analyst-hybrid-in-portland-or-or-des-moines-ia/17276fc11b2a412d994499ac420f495f/job""
]"
906c03f649388b42d5b4d24d82c2283d05c8386f,data analyst user research usds,TikTok,Tiktok,California,6,"Los Angeles, CA",[None],Full-time (> 32 hours),130133.0,256500.0,,"[
  ""Bachelor's degree"",
  ""Master's degree""
]",15-2051,Data Scientists,15-2051.01,Business Intelligence Analysts,518210,"Computing Infrastructure Providers, Data Processing, Web Hosting, and Related Services","[
  ""Workflow Management"",
  ""Exploratory Data Analysis"",
  ""Statistical Analysis"",
  ""Courage"",
  ""Communication"",
  ""Big Data"",
  ""Python (Programming Language)"",
  ""Analytics"",
  ""E-Commerce"",
  ""Data Analysis"",
  ""Statistics"",
  ""Machine Learning"",
  ""User Research"",
  ""Behavioral Analytics"",
  ""SQL (Programming Language)"",
  ""Power BI"",
  ""TikTok"",
  ""Data Visualization"",
  ""Tableau (Business Intelligence Software)"",
  ""Computer Science"",
  ""User Feedback"",
  ""R (Programming Language)""
]",6/1/2024,"[
  ""https://www.simplyhired.com/job/VxRAQjiliP9Qt96LxCQf6HkjssyP1qagErvt4c4x52nn6A0PlOFGZg"",
  ""https://careers.tiktok.com/position/7374264333670369586/detail"",
  ""https://fairygodboss.com/jobs/tiktok/data-analyst-user-research-usds-4bf06af13696b3966092eea387e154ef"",
  ""https://www.indeed.com/viewjob?jk=487118796ecf7091""
]"
91d6801f3bf87e338fe7165767b27b48f4f98473,data analyst sme,Peraton,Peraton,Alabama,1,"Huntsville, AL",[None],Full-time (> 32 hours),135000.0,216000.0,14,"[
  ""Bachelor's degree""
]",15-2051,Data Scientists,15-2051.01,Business Intelligence Analysts,518210,"Computing Infrastructure Providers, Data Processing, Web Hosting, and Related Services","[
  ""Databricks"",
  ""Scientific Studies"",
  ""Software Systems"",
  ""Curiosity"",
  ""Management"",
  ""Data Modeling"",
  ""Data Architecture"",
  ""Metadata Repository"",
  ""Unit Testing"",
  ""Data Engineering"",
  ""Unstructured Data"",
  ""Top Secret-Sensitive Compartmented Information (TS/SCI Clearance)"",
  ""Creativity"",
  ""Python (Programming Language)"",
  ""Apache Spark"",
  ""Parsing"",
  ""Willingness To Learn"",
  ""Data Analysis"",
  ""Data Store"",
  ""SQL (Programming Language)"",
  ""Data Pipelines"",
  ""Troubleshooting (Problem Solving)"",
  ""Quality Assurance"",
  ""Data Structures"",
  ""Verbal Communication Skills"",
  ""Top Secret Clearance"",
  ""Software Development"",
  ""Extract Transform Load (ETL)"",
  ""Problem Solving""
]",8/15/2024,"[
  ""https://diversityjobs.com/career/8832937/Data-Analyst-Sme-Alabama-Huntsville"",
  ""http://www.jobsinrockville.com/job/detail/80360952/Data-Analyst-SME""
]"
940895624cb0b193ed494c2373ea931536487063,data analyst sf,Concentrix,Concentrix,Iowa,19,"Des Moines, IA",[None],Full-time (> 32 hours),,,,"[
  ""No Education Listed""
]",15-2051,Data Scientists,15-2051.01,Business Intelligence Analysts,518210,"Computing Infrastructure Providers, Data Processing, Web Hosting, and Related Services","[
  ""Salesforce"",
  ""Effective Communication"",
  ""Relationship Building"",
  ""Office Equipment"",
  ""Data Validation"",
  ""Critical Thinking"",
  ""Cross-Functional Collaboration"",
  ""Problem Solving"",
  ""Microsoft Outlook"",
  ""Communication"",
  ""Leadership"",
  ""Data Analysis"",
  ""Strategic Thinking"",
  ""Business To Business"",
  ""Detail Oriented"",
  ""Microsoft 365"",
  ""Microsoft Excel""
]",8/6/2024,"[
  ""https://dejobs.org/des-moines-ia/data-analyst-sf/5B2B308D798E454C8A09BF95D3800FE8/job/""
]"
95713044d4ce133ebd16c10f647c9e39227cd79c,data analyst hybrid in portland or or des moines ia,Concentrix,Concentrix,Virginia,51,"Richmond, VA",Hybrid Remote,Full-time (> 32 hours),,,,"[
  ""No Education Listed""
]",15-2051,Data Scientists,15-2051.01,Business Intelligence Analysts,518210,"Computing Infrastructure Providers, Data Processing, Web Hosting, and Related Services","[
  ""Generally Accepted Accounting Principles"",
  ""Office Equipment"",
  ""Finance"",
  ""Leadership"",
  ""Data Analysis"",
  ""Financial Data"",
  ""Business Requirements"",
  ""Data Discovery"",
  ""Consulting"",
  ""Data Visualization""
]",8/20/2024,"[
  ""https://enableamerica.dejobs.org/richmond-va/data-analyst-hybrid-in-portland-or-or-des-moines-ia/103ad80157c0477095d7640ce220d108/job"",
  ""https://disabilities.dejobs.org/richmond-va/data-analyst-hybrid-in-portland-or-or-des-moines-ia/103ad80157c0477095d7640ce220d108/job""
]"
9776ce56c5dfab88e9991cf848ed2f403ec2820f,sr professional services training data analyst,Snowflake Inc.,Snowflake Computing,Montana,30,"Bozeman, MT",[None],Full-time (> 32 hours),163000.0,233100.0,8,"[
  ""No Education Listed""
]",15-2051,Data Scientists,15-2051.01,Business Intelligence Analysts,518210,"Computing Infrastructure Providers, Data Processing, Web Hosting, and Related Services","[
  ""Effective Communication"",
  ""Data Modeling"",
  ""C (Programming Language)"",
  ""Self Service Technologies"",
  ""Python (Programming Language)"",
  ""Dashboard"",
  ""Decision Making"",
  ""Operations"",
  ""Key Performance Indicators (KPIs)"",
  ""Data Analysis"",
  ""SQL (Programming Language)"",
  ""Business Intelligence"",
  ""Data Visualization"",
  ""Tableau (Business Intelligence Software)"",
  ""Data Security""
]",8/13/2024,"[
  ""https://enableamerica.dejobs.org/bozeman-mt/sr-professional-services-training-data-analyst/8b5e8189759447178bb77c3fc2ebaa98/job""
]"
98b9aaa70e1d6ae3fa8c71da9325154ab0a42672,business intelligence analyst,WEX Inc,WEX,Maine,23,"Augusta, ME",[None],Full-time (> 32 hours),67000.0,89000.0,,"[
  ""Bachelor's degree"",
  ""Master's degree""
]",15-2051,Data Scientists,15-2051.01,Business Intelligence Analysts,518210,"Computing Infrastructure Providers, Data Processing, Web Hosting, and Related Services","[
  ""Proxy Servers"",
  ""Key Performance Indicators (KPIs)"",
  ""Data Science"",
  ""Data Management"",
  ""Data Architecture"",
  ""Creativity"",
  ""Innovation"",
  ""Python (Programming Language)"",
  ""Fraud Detection"",
  ""Risk Analytics"",
  ""Machine Learning"",
  ""Root Cause Analysis"",
  ""Business Intelligence"",
  ""Operations"",
  ""Scalability Design"",
  ""Data Transformation"",
  ""Amazon Web Services"",
  ""Software Development"",
  ""Risk Modeling"",
  ""SQL (Programming Language)"",
  ""Artificial Intelligence"",
  ""Data Analysis"",
  ""Risk Management"",
  ""Tableau (Business Intelligence Software)"",
  ""Industrial Engineering""
]",8/14/2024,"[
  ""https://wexinc.wd5.myworkdayjobs.com/en-us/wexinc/job/business-intelligence-analyst_r15535""
]"
99fad92acedd5f2ad6c8e9fbae0c0e5ba1edf102,data analyst property casualty p c,"iPivot, LLC",Ipivot.Co,New Jersey,34,"Piscataway, NJ",[None],Full-time (> 32 hours),,,3,"[
  ""Master's degree""
]",15-2051,Data Scientists,15-2051.01,Business Intelligence Analysts,518210,"Computing Infrastructure Providers, Data Processing, Web Hosting, and Related Services","[
  ""Power BI"",
  ""Predictive Modeling"",
  ""Data Reporting"",
  ""Microsoft Azure"",
  ""Data Extraction"",
  ""Collaboration"",
  ""Data Management"",
  ""Algorithms"",
  ""Communication"",
  ""Python (Programming Language)"",
  ""Decision Making"",
  ""Data Analysis"",
  ""Machine Learning"",
  ""Critical Thinking"",
  ""Operations"",
  ""SQL (Programming Language)"",
  ""Data Collection"",
  ""Amazon Web Services"",
  ""Data Integrity"",
  ""Extract Transform Load (ETL)"",
  ""Problem Solving"",
  ""Tableau (Business Intelligence Software)"",
  ""R (Programming Language)""
]",6/26/2024,"[
  ""https://www.dice.com/job-detail/d4fd3301-21c0-4d82-962e-4f791edd1473""
]"
9a0c0cd58679fd656a048372b3a5ba27ea85489c,data analyst,Merkle,Merkle,New York,36,"New York, NY",Remote,Full-time (> 32 hours),51000.0,83375.0,2,"[
  ""No Education Listed""
]",15-2051,Data Scientists,15-2051.01,Business Intelligence Analysts,518210,"Computing Infrastructure Providers, Data Processing, Web Hosting, and Related Services","[
  ""Power BI"",
  ""Azure DevOps"",
  ""Microsoft Excel"",
  ""Agile Methodology"",
  ""Problem Solving"",
  ""Python (Programming Language)"",
  ""Data Quality"",
  ""Data Analysis"",
  ""Entity Relationship Models"",
  ""Machine Learning"",
  ""Excel Macros"",
  ""JIRA"",
  ""Operations"",
  ""Data Modeling"",
  ""SQL (Programming Language)"",
  ""DataOps"",
  ""DevOps"",
  ""Data Governance"",
  ""Julia (Programming Language)"",
  ""Innovation"",
  ""Database Design"",
  ""Tableau (Business Intelligence Software)"",
  ""Computer Science"",
  ""R (Programming Language)""
]",7/25/2024,"[
  ""https://www.indeed.com/viewjob?jk=575e7574aa942ffe"",
  ""https://www.simplyhired.com/job/L2ubMDBGPWoCTpvGFgz3k02VhwPqvlPSoKpVbHd7R9WKvkuy0MPjAA""
]"
9b6d7e3ab72da9a387aeed4000fcee6d77356f7d,investigations data analyst minor safety usds,TikTok,Tiktok,California,6,"Mountain View, CA",[None],Full-time (> 32 hours),86555.0,135111.0,3,"[
  ""Bachelor's degree"",
  ""Master's degree""
]",15-2051,Data Scientists,15-2051.01,Business Intelligence Analysts,518210,"Computing Infrastructure Providers, Data Processing, Web Hosting, and Related Services","[
  ""Research"",
  ""Stakeholder Communications"",
  ""Communication"",
  ""Exploitation"",
  ""Analytical Skills"",
  ""Courage"",
  ""Network Analysis"",
  ""Self Injury Intervention"",
  ""Qualitative Analysis"",
  ""Resilience"",
  ""Physical Security Operations"",
  ""Data Analysis"",
  ""Relational Databases"",
  ""Law Enforcement"",
  ""Investigation"",
  ""Critical Thinking"",
  ""Project Management"",
  ""Data Mining"",
  ""Predictive Modeling"",
  ""SQL (Programming Language)"",
  ""Troubleshooting (Problem Solving)"",
  ""Social Network Analysis"",
  ""Economics"",
  ""Social Media"",
  ""Analytical Techniques"",
  ""TikTok"",
  ""Data Visualization"",
  ""Computer Science"",
  ""Data Security"",
  ""Global Marketing""
]",5/8/2024,"[
  ""https://fairygodboss.com/jobs/tiktok/investigations-data-analyst-minor-safety-usds-28ba5888afbb66aba8cb23e87508d255""
]"
9e6d1a7932075a3a2299e20304193e478eebf125,business intelligence analyst,Snowflake,Snowflake Computing,California,6,"San Mateo, CA",[None],Full-time (> 32 hours),,,3,"[
  ""No Education Listed""
]",15-2051,Data Scientists,15-2051.01,Business Intelligence Analysts,518210,"Computing Infrastructure Providers, Data Processing, Web Hosting, and Related Services","[
  ""Power BI"",
  ""Cloud Computing"",
  ""Research"",
  ""Agile Methodology"",
  ""BigQuery"",
  ""Business Systems"",
  ""Data Modeling"",
  ""Data Architecture"",
  ""Microsoft Azure"",
  ""Financial Planning"",
  ""Parsing"",
  ""Prioritization"",
  ""Safety Assurance"",
  ""Automation"",
  ""Data Science"",
  ""C++ Server Pages"",
  ""Amazon Redshift"",
  ""Creative Thinking"",
  ""Finance"",
  ""Scrum (Software Development)"",
  ""Communication"",
  ""Python (Programming Language)"",
  ""Cost Structures"",
  ""Looker Analytics"",
  ""Data Analysis"",
  ""Business Intelligence"",
  ""Attribution Modeling"",
  ""SQL (Programming Language)"",
  ""Cloud Financial Management (FinOps)"",
  ""Data Pipelines"",
  ""Amazon Web Services"",
  ""Usability Testing"",
  ""Enterprise Resource Planning"",
  ""Software As A Service (SaaS)"",
  ""Data Quality Assessment"",
  ""Tableau (Business Intelligence Software)"",
  ""Data Security"",
  ""Google Cloud Platform (GCP)""
]",5/7/2024,"[
  ""https://careers.snowflake.com/us/en/job/7439289002/business-intelligence-analyst""
]"
a0b06dace7991c9056cc0868f46f6b192793eddc,senior data analyst and lead,Peraton,Peraton,Washington,53,"Joint Base Lewis-McChord, WA",[None],Full-time (> 32 hours),135000.0,216000.0,12,"[
  ""Bachelor's degree"",
  ""Ph.D. or professional degree""
]",15-2051,Data Scientists,15-2051.01,Business Intelligence Analysts,518210,"Computing Infrastructure Providers, Data Processing, Web Hosting, and Related Services","[
  ""Lifecycle Management"",
  ""Programming Languages"",
  ""Jupyter Notebook"",
  ""Software Versioning"",
  ""Management"",
  ""Computer Networks"",
  ""Cloud Computing Architecture"",
  ""Data-Driven Decision Making"",
  ""Security Clearance"",
  ""Data Manipulation"",
  ""Automation"",
  ""Data Science"",
  ""Docker (Software)"",
  ""Git (Version Control System)"",
  ""Kubernetes"",
  ""Governance"",
  ""Python (Programming Language)"",
  ""MLflow"",
  ""Leadership"",
  ""Continuous Integration"",
  ""Machine Learning"",
  ""Infrastructure as Code (IaC)"",
  ""TensorFlow"",
  ""Operations"",
  ""Data Analysis"",
  ""Deep Learning"",
  ""SQL (Programming Language)"",
  ""MLOps (Machine Learning Operations)"",
  ""Top Secret-Sensitive Compartmented Information (TS/SCI Clearance)"",
  ""Containerization"",
  ""Scripting"",
  ""PyTorch (Machine Learning Library)"",
  ""Problem Solving"",
  ""Continuous Deployment"",
  ""CI/CD"",
  ""Version Control"",
  ""R (Programming Language)""
]",8/17/2024,"[
  ""https://www.clearancejobs.com/jobs/7879270/senior-data-analyst-and-lead"",
  ""https://dejobs.org/fort-lewis-wa/senior-data-analyst-and-lead/6A7F9066CE52438C9F8D90DDB2C2C1EE/job/"",
  ""https://disabilities.dejobs.org/fort-lewis-wa/senior-data-analyst-and-lead/6a7f9066ce52438c9f8d90ddb2c2c1ee/job"",
  ""https://www.dice.com/job-detail/70a52648-85d9-4f8e-8bb8-142f7b14f605""
]"
a1a943fdcfee5eb6d4d8265c7665950a7dacaee6,data engineering consultant analyst,eClerx Services Ltd,"Eclerx Services Limited, Mumbai, Maharashtra",New York,36,"New York, NY",[None],Full-time (> 32 hours),100000.0,120000.0,3,"[
  ""No Education Listed""
]",15-2051,Data Scientists,15-2051.01,Business Intelligence Analysts,518210,"Computing Infrastructure Providers, Data Processing, Web Hosting, and Related Services","[
  ""Capital Markets"",
  ""Analytical Techniques"",
  ""Solution Delivery"",
  ""Research"",
  ""Presentations"",
  ""Writing"",
  ""Data Validation"",
  ""Data Modeling"",
  ""Data Engineering"",
  ""Data Warehousing"",
  ""Informatica"",
  ""Innovation"",
  ""Agile Methodology"",
  ""Python (Programming Language)"",
  ""Data Wrangling"",
  ""Query Optimization"",
  ""JIRA"",
  ""Data Mapping"",
  ""Extract Transform Load (ETL)"",
  ""Alteryx"",
  ""SQL (Programming Language)"",
  ""Technology Solutions"",
  ""Troubleshooting (Problem Solving)"",
  ""Statistical Methods"",
  ""Process Improvement"",
  ""Problem Solving"",
  ""Remedial Action"",
  ""Financial Services"",
  ""Tableau (Business Intelligence Software)"",
  ""Curiosity"",
  ""R (Programming Language)""
]",8/30/2024,"[
  ""https://fa-ewji-saasfaprod1.fa.ocs.oraclecloud.com/hcmUI/CandidateExperience/en/sites/CX_2/job/75857""
]"
a270da9c9f6c6e3748224093ba6af3e1cf4b3cac,data analyst sf,Concentrix,Concentrix,Ohio,39,"Columbus, OH",[None],Full-time (> 32 hours),,,,"[
  ""No Education Listed""
]",15-2051,Data Scientists,15-2051.01,Business Intelligence Analysts,518210,"Computing Infrastructure Providers, Data Processing, Web Hosting, and Related Services","[
  ""Salesforce"",
  ""Effective Communication"",
  ""Relationship Building"",
  ""Office Equipment"",
  ""Data Validation"",
  ""Critical Thinking"",
  ""Cross-Functional Collaboration"",
  ""Problem Solving"",
  ""Microsoft Outlook"",
  ""Communication"",
  ""Leadership"",
  ""Data Analysis"",
  ""Strategic Thinking"",
  ""Business To Business"",
  ""Detail Oriented"",
  ""Microsoft 365"",
  ""Microsoft Excel""
]",8/6/2024,"[
  ""https://dejobs.org/columbus-oh/data-analyst-sf/04A2F5537A6C45029796ADE2E1E3EA6D/job/""
]"
a652f73384fedc4488670623138c4fc142be5067,data engineer analytics technical leadership,Instagram,Instagram,California,6,"San Francisco, CA",[None],Full-time (> 32 hours),206000.0,281000.0,10,"[
  ""Bachelor's degree""
]",15-2051,Data Scientists,15-2051.01,Business Intelligence Analysts,518210,"Computing Infrastructure Providers, Data Processing, Web Hosting, and Related Services","[
  ""Object-Oriented Programming (OOP)"",
  ""Data Infrastructure"",
  ""Data Modeling"",
  ""Data Warehousing"",
  ""Software Engineering"",
  ""Unstructured Data"",
  ""Data Architecture"",
  ""Influencing Skills"",
  ""Governance"",
  ""Data Engineering"",
  ""Python (Programming Language)"",
  ""Full Stack Development"",
  ""Dashboard"",
  ""Leadership"",
  ""Technical Leadership"",
  ""Data Quality"",
  ""Collections"",
  ""Mathematics"",
  ""Communication"",
  ""Project Management"",
  ""Triage"",
  ""SQL (Programming Language)"",
  ""Data Analysis"",
  ""Extract Transform Load (ETL)"",
  ""MapReduce"",
  ""Computer Engineering"",
  ""Writing"",
  ""Data Recording"",
  ""Computer Science""
]",9/3/2024,"[
  ""https://www.themuse.com/jobs/meta/data-engineer-analytics-technical-leadership-baa88d"",
  ""https://www.disabledperson.com/jobs/61131457-data-engineer-analytics-technical-leadership""
]"
a827d324cf1f5ecf9d314df0d7d8c68fc3393a07,data analyst video platform usds,TikTok,Tiktok,California,6,"Los Angeles, CA",[None],Full-time (> 32 hours),82227.0,128355.0,2,"[
  ""Bachelor's degree"",
  ""Master's degree""
]",15-2051,Data Scientists,15-2051.01,Business Intelligence Analysts,518210,"Computing Infrastructure Providers, Data Processing, Web Hosting, and Related Services","[
  ""Kibana"",
  ""Power BI"",
  ""Mathematics"",
  ""Data Mining"",
  ""Courage"",
  ""Python (Programming Language)"",
  ""Live Streaming"",
  ""Looker Analytics"",
  ""Data Analysis"",
  ""Statistics"",
  ""Operations"",
  ""SQL (Programming Language)"",
  ""Scripting"",
  ""Video Streaming"",
  ""Economics"",
  ""Problem Solving"",
  ""TikTok"",
  ""Data Visualization"",
  ""Tableau (Business Intelligence Software)"",
  ""Computer Science"",
  ""Data Security""
]",5/12/2024,"[
  ""https://fairygodboss.com/jobs/tiktok/data-analyst-video-platform-usds-f649d7e4e8a573d042d38945a93b9528"",
  ""https://careers.tiktok.com/position/7342924107577346342/detail""
]"
ab53a31435fce4bcb93fa2524791c0ab35a1e448,data analyst ii,"ZoomInfo technologies, LLC",ZoomInfo Technologies,Washington,53,"Vancouver, WA",Remote,Full-time (> 32 hours),92248.0,114000.0,3,"[
  ""Bachelor's degree""
]",15-2051,Data Scientists,15-2051.01,Business Intelligence Analysts,518210,"Computing Infrastructure Providers, Data Processing, Web Hosting, and Related Services","[
  ""Data Modeling"",
  ""Data Profiling"",
  ""Dashboard"",
  ""Information Systems"",
  ""Data Quality"",
  ""Key Performance Indicators (KPIs)"",
  ""Data Analysis"",
  ""SQL (Programming Language)"",
  ""Data Governance"",
  ""Tableau (Business Intelligence Software)"",
  ""Computer Science""
]",7/16/2024,"[
  ""https://seeker.worksourcewa.com/jobview/GetJob.aspx?JobID=276296303&JobTitle=Data+Analyst+II&isjs=2&rad_units=miles&pp=25&nosal=true&vw=b&setype=2&pg=5&jsrdt=35%2f21%2f2024+04%3a35%3a43&jpt=1"",
  ""https://seeker.worksourcewa.com/jobview/GetJob.aspx?JobID=276296303&JobTitle=Data+Analyst+II&isjs=2&rad_units=miles&pp=25&nosal=true&vw=b&setype=2&pg=10&jsrdt=22%2f18%2f2024+19%3a22%3a24&jpt=1"",
  ""https://seeker.worksourcewa.com/jobview/GetJob.aspx?JobID=276296303&JobTitle=Data+Analyst+II&isjs=2&rad_units=miles&pp=25&nosal=true&vw=b&setype=2&pg=38&jsrdt=37%2f21%2f2024+06%3a37%3a51&jpt=1"",
  ""https://seeker.worksourcewa.com/jobview/GetJob.aspx?JobID=276296303&JobTitle=Data+Analyst+II&isjs=2&rad_units=miles&pp=25&nosal=true&vw=b&setype=2&pg=13&jsrdt=15%2f21%2f2024+05%3a15%3a08&jpt=1"",
  ""https://seeker.worksourcewa.com/jobview/GetJob.aspx?JobID=276296303&JobTitle=Data+Analyst+II&isjs=2&rad_units=miles&pp=25&nosal=true&vw=b&setype=2&pg=11&jsrdt=28%2f18%2f2024+19%3a28%3a50&jpt=1""
]"
ad28974bcc382a020d20b005fc3d54ac5aef68a6,business intelligence analyst trust safety usds,TikTok,Tiktok,California,6,"Los Angeles, CA",[None],Full-time (> 32 hours),101080.0,168888.0,5,"[
  ""Bachelor's degree"",
  ""Master's degree""
]",15-2051,Data Scientists,15-2051.01,Business Intelligence Analysts,518210,"Computing Infrastructure Providers, Data Processing, Web Hosting, and Related Services","[
  ""Power BI"",
  ""Programming Languages"",
  ""Presentations"",
  ""Management"",
  ""Business Analytics"",
  ""Trade Secrets"",
  ""Business Process Improvement"",
  ""Data Mining"",
  ""Courage"",
  ""Regression Analysis"",
  ""Data Science"",
  ""Self Injury Intervention"",
  ""Python (Programming Language)"",
  ""Resilience"",
  ""Dashboard"",
  ""Leadership"",
  ""Business Requirements"",
  ""Management Information Systems"",
  ""Business Intelligence"",
  ""Operations"",
  ""SQL (Programming Language)"",
  ""Scalability"",
  ""Microsoft Excel"",
  ""Information Technology"",
  ""Quantitative Analysis"",
  ""Communication"",
  ""Operational Performance Management"",
  ""Tableau (Business Intelligence Software)"",
  ""Data Security"",
  ""R (Programming Language)""
]",6/22/2024,"[
  ""https://fairygodboss.com/jobs/tiktok/business-intelligence-analyst-trust-safety-usds-0e350674a40f5f6459f2eba07b1e773b""
]"
ae1c58c68bd2182424225c72a3ecf1e45b500671,sap fico business analyst,Techwave Consulting Inc.,Techwave Consulting,New Jersey,34,"Hopewell Township, NJ",[None],Full-time (> 32 hours),,,10,"[
  ""Bachelor's degree""
]",15-2051,Data Scientists,15-2051.01,Business Intelligence Analysts,518210,"Computing Infrastructure Providers, Data Processing, Web Hosting, and Related Services","[
  ""Invoicing"",
  ""SAP S/4HANA"",
  ""Management"",
  ""Communication"",
  ""Finance"",
  ""Supply Chain"",
  ""SAP Applications"",
  ""SAP FI/CO"",
  ""Detail Oriented"",
  ""Process Development"",
  ""Economics"",
  ""Accounts Payable"",
  ""Procure-To-Pay (PTP)""
]",8/12/2024,"[
  ""https://www.indeed.com/viewjob?jk=f472215f611de593""
]"
ae38d0a724e7b6caffe40ced40bc7b1c23d1e65f,business intelligence analyst multiple positions,TikTok,Tiktok,California,6,"San Jose, CA",[None],Full-time (> 32 hours),107682.0,177778.0,2,"[
  ""Bachelor's degree""
]",15-2051,Data Scientists,15-2051.01,Business Intelligence Analysts,518210,"Computing Infrastructure Providers, Data Processing, Web Hosting, and Related Services","[
  ""Statistics"",
  ""Forecasting"",
  ""Information Technology"",
  ""Management"",
  ""Business Analytics"",
  ""Linear Regression"",
  ""Correlation Analysis"",
  ""Statistical Analysis"",
  ""Courage"",
  ""Data Science"",
  ""PostgreSQL"",
  ""Trend Analysis"",
  ""Finance"",
  ""A/B Testing"",
  ""Python (Programming Language)"",
  ""Nested Queries"",
  ""Dashboard"",
  ""Key Performance Indicators (KPIs)"",
  ""Looker Analytics"",
  ""Mathematics"",
  ""Window Function"",
  ""Root Cause Analysis"",
  ""Business Intelligence"",
  ""Scalability"",
  ""Power BI"",
  ""Economics"",
  ""Analysis Of Variance (ANOVA)"",
  ""Organizational Effectiveness"",
  ""Tableau (Business Intelligence Software)"",
  ""Computer Science""
]",6/19/2024,"[
  ""https://www.themuse.com/jobs/tiktok/business-intelligence-analyst-multiple-positions-537a14"",
  ""https://fairygodboss.com/jobs/tiktok/business-intelligence-analyst-multiple-positions-ba4f76d82b6ebe1a7680d70a1a166905""
]"
aec6bb90b9b23de761f2d6b96b937df5e9d1c8be,data analyst,"iPivot, LLC",Ipivot.Co,New York,36,"New York, NY",[None],Full-time (> 32 hours),,,7,"[
  ""No Education Listed""
]",15-2051,Data Scientists,15-2051.01,Business Intelligence Analysts,518210,"Computing Infrastructure Providers, Data Processing, Web Hosting, and Related Services","[
  ""Power BI"",
  ""Capital Markets"",
  ""Workflow Management"",
  ""NumPy (Python Package)"",
  ""Pandas (Python Package)"",
  ""Domain Knowledge"",
  ""Data Manipulation"",
  ""Data Warehousing"",
  ""SciPy"",
  ""Statistical Modeling"",
  ""Finance"",
  ""Business Process"",
  ""Python (Programming Language)"",
  ""Business Intelligence Tools"",
  ""Dashboard"",
  ""Banking"",
  ""Data Analysis"",
  ""Strategic Decision Making"",
  ""Machine Learning"",
  ""Operations"",
  ""Writing"",
  ""SQL (Programming Language)"",
  ""Data-Driven Decision Making"",
  ""Extract Transform Load (ETL)"",
  ""Problem Solving"",
  ""Data Visualization"",
  ""Risk Management"",
  ""Tableau (Business Intelligence Software)""
]",9/10/2024,"[
  ""https://www.dice.com/job-detail/6462dc40-759c-4913-84ce-a70647f32131""
]"
aff1cdda2fc63480e0c8679f2311f7989f902d4d,staff business data analyst web marketing,Intuit,Intuit,California,6,"Mountain View, CA",[None],Full-time (> 32 hours),,,7,"[
  ""Bachelor's degree"",
  ""Master's degree""
]",15-2051,Data Scientists,15-2051.01,Business Intelligence Analysts,518210,"Computing Infrastructure Providers, Data Processing, Web Hosting, and Related Services","[
  ""Performance Analytics"",
  ""Sales Funnel"",
  ""Statistical Analysis"",
  ""Customer Acquisition Management"",
  ""Data Architecture"",
  ""Influencing Skills"",
  ""Web Traffic"",
  ""QuickBooks (Accounting Software)"",
  ""Clickstream"",
  ""Python (Programming Language)"",
  ""Dashboard"",
  ""Attribution Modeling"",
  ""Adobe Analytics"",
  ""Leadership"",
  ""Analytics"",
  ""Web Performance Optimization"",
  ""Marketing"",
  ""Web Analytics"",
  ""Data Analysis"",
  ""SQL (Programming Language)"",
  ""Data Storytelling"",
  ""Data Pipelines"",
  ""Machine Learning"",
  ""Test Design"",
  ""Extract Transform Load (ETL)"",
  ""Online Advertising""
]",6/11/2024,"[
  ""https://www.indeed.com/viewjob?jk=7c2788ea63a51d91"",
  ""https://www.indeed.com/viewjob?jk=a1a555a59d491c62""
]"
b19846874418ee4945188c37a79d4c365455f4d6,data analyst,E-Solutions Inc.,E-Solutions Group,New York,36,"New York, NY",[None],Full-time (> 32 hours),,,,"[
  ""Bachelor's degree""
]",15-2051,Data Scientists,15-2051.01,Business Intelligence Analysts,518210,"Computing Infrastructure Providers, Data Processing, Web Hosting, and Related Services","[
  ""Relational Databases"",
  ""Power BI"",
  ""Data Warehousing"",
  ""Data Profiling"",
  ""Business Analysis"",
  ""Data Management"",
  ""Finance"",
  ""Underwriting"",
  ""Python (Programming Language)"",
  ""Dashboard"",
  ""Presentations"",
  ""Time Management"",
  ""Data Integration"",
  ""Data Quality"",
  ""Data Analysis"",
  ""Multitasking"",
  ""Interpersonal Communications"",
  ""Operations"",
  ""Key Performance Indicators (KPIs)"",
  ""SQL (Programming Language)"",
  ""Data Collection"",
  ""Data Transformation"",
  ""Troubleshooting (Problem Solving)"",
  ""Data Governance"",
  ""Problem Solving"",
  ""Data Visualization""
]",8/16/2024,"[
  ""https://jobsapi.ceipal.com/APISource/v3/index.html?job_id=z5G7h3l6a1kMvyS65NP3c3-4TAayRZjb1qHPWoZaSuk=#""
]"
b3c4fc4fb8eb29bc308ab237ea6de7431d4bc680,data analyst,"iPivot, LLC",Ipivot.Co,Texas,48,"Houston, TX",[None],Full-time (> 32 hours),,,3,"[
  ""Bachelor's degree""
]",15-2051,Data Scientists,15-2051.01,Business Intelligence Analysts,518210,"Computing Infrastructure Providers, Data Processing, Web Hosting, and Related Services","[
  ""Effective Communication"",
  ""Power BI"",
  ""Databricks"",
  ""Information Technology"",
  ""Analytical Skills"",
  ""Data Science"",
  ""Cloud Services"",
  ""Interpersonal Communications"",
  ""Data Analysis"",
  ""Amazon Web Services"",
  ""Problem Solving"",
  ""Tableau (Business Intelligence Software)"",
  ""Computer Science""
]",5/8/2024,"[
  ""https://www.dice.com/job-detail/f0d3b64d-5653-4723-9ccf-3ddce291069b""
]"
b60690442a1fa9966102faf1ed64dcadb8d65802,senior data analyst,E-Solutions Inc.,E-Solutions Group,Texas,48,"Plano, TX",[None],Full-time (> 32 hours),,,,"[
  ""Associate degree""
]",15-2051,Data Scientists,15-2051.01,Business Intelligence Analysts,518210,"Computing Infrastructure Providers, Data Processing, Web Hosting, and Related Services","[
  ""Enthusiasm"",
  ""Research"",
  ""Software Testing"",
  ""API Testing"",
  ""Critical Thinking"",
  ""Data Analysis"",
  ""Data Conditioning"",
  ""Verbal Communication Skills"",
  ""Problem Solving"",
  ""Writing"",
  ""SQL (Programming Language)""
]",9/10/2024,"[
  ""https://jobsapi.ceipal.com/APISource/v3/index.html?job_id=z5G7h3l6a1kMvyS65NP3c9-rqENlk1C_FbqqioEj7XQ=#""
]"
b92e0d7c4e7e27df93584c180130efe5709f2017,data analyst gbm mpie,TikTok,Tiktok,California,6,"San Francisco, CA",[None],Full-time (> 32 hours),96000.0,180000.0,4,"[
  ""Bachelor's degree""
]",15-2051,Data Scientists,15-2051.01,Business Intelligence Analysts,518210,"Computing Infrastructure Providers, Data Processing, Web Hosting, and Related Services","[
  ""Power BI"",
  ""Business Analytics"",
  ""Mandarin Chinese"",
  ""Trade Secrets"",
  ""Courage"",
  ""Data Science"",
  ""Statistical Modeling"",
  ""Finance"",
  ""Advanced Mathematics"",
  ""TikTok Marketing"",
  ""Digital Advertising"",
  ""Python (Programming Language)"",
  ""Dashboard"",
  ""Leadership"",
  ""Looker Analytics"",
  ""Data Analysis"",
  ""Statistics"",
  ""Management Consulting"",
  ""Visualization"",
  ""Marketing"",
  ""Key Performance Indicators (KPIs)"",
  ""Triage"",
  ""Data-Driven Decision Making"",
  ""Engineering Management"",
  ""Quick Learning"",
  ""Complex Problem Solving"",
  ""Information Technology"",
  ""Sales"",
  ""Ideation"",
  ""Business Development"",
  ""Accounting"",
  ""Business Intelligence"",
  ""TikTok"",
  ""Generic Buffer Management"",
  ""Experimentation"",
  ""Tableau (Business Intelligence Software)"",
  ""Computer Science"",
  ""R (Programming Language)"",
  ""SQL (Programming Language)""
]",9/9/2024,"[
  ""https://fairygodboss.com/jobs/tiktok/data-analyst-gbm-mpie-c68f94e51c81a5deec77a0b97c625698"",
  ""https://careers.tiktok.com/position/7410964258706966793/detail"",
  ""https://www.indeed.com/viewjob?jk=a7673a098d2cfbde""
]"
b9e1f06b5fba61144e862cc7e7af8dcc03b66602,senior data analyst cyber defense engineering usds,TikTok,Tiktok,California,6,"Mountain View, CA",[None],Full-time (> 32 hours),106400.0,177777.0,3,"[
  ""Bachelor's degree""
]",15-2051,Data Scientists,15-2051.01,Business Intelligence Analysts,518210,"Computing Infrastructure Providers, Data Processing, Web Hosting, and Related Services","[
  ""Power BI"",
  ""Communication"",
  ""Presentations"",
  ""Data Extraction"",
  ""Business Acumen"",
  ""Data Visualization"",
  ""Data Processing"",
  ""Courage"",
  ""Automation"",
  ""Data Science"",
  ""Data Engineering"",
  ""Requirements Elicitation"",
  ""Cyber Security"",
  ""Data Analysis"",
  ""Innovation"",
  ""Python (Programming Language)"",
  ""Dashboard"",
  ""Data Quality"",
  ""Sales Prospecting"",
  ""Statistics"",
  ""SQL (Programming Language)"",
  ""Data Pipelines"",
  ""Data Integrity"",
  ""Extract Transform Load (ETL)"",
  ""Economics"",
  ""Vulnerability"",
  ""Problem Solving"",
  ""TikTok"",
  ""Tableau (Business Intelligence Software)"",
  ""Cyber Defense"",
  ""Computer Science"",
  ""R (Programming Language)""
]",6/27/2024,"[
  ""https://www.themuse.com/jobs/tiktok/senior-data-analyst-cyber-defense-engineering-usds""
]"
babe7e11a4a0f8b5f6e657def3f878fdee867cc6,data analyst ts sci clearance,Peraton,Peraton,Colorado,8,"Colorado Springs, CO",[None],Full-time (> 32 hours),112000.0,179000.0,8,"[
  ""Bachelor's degree"",
  ""Master's degree"",
  ""Ph.D. or professional degree""
]",15-2051,Data Scientists,15-2051.01,Business Intelligence Analysts,518210,"Computing Infrastructure Providers, Data Processing, Web Hosting, and Related Services","[
  ""Empirical Research"",
  ""Stata"",
  ""Mathematics"",
  ""Research"",
  ""Microsoft PowerPoint"",
  ""Data Intelligence"",
  ""Analytic Applications"",
  ""ArcGIS (GIS Software)"",
  ""Microsoft Excel"",
  ""International Relations"",
  ""Planning"",
  ""Python (Programming Language)"",
  ""Analytical Dashboard"",
  ""SPSS (Statistical Software)"",
  ""Big Data"",
  ""Political Sciences"",
  ""Open Source Intelligence"",
  ""Quantum GIS (QGIS)"",
  ""Leadership"",
  ""Data Analysis"",
  ""Statistics"",
  ""Semi-Structured Data"",
  ""Machine Learning"",
  ""Operational Reporting"",
  ""Research Design"",
  ""Operations"",
  ""Physics"",
  ""Natural Language Processing (NLP)"",
  ""Top Secret-Sensitive Compartmented Information (TS/SCI Clearance)"",
  ""Data Synthesis"",
  ""Statistical Packages"",
  ""Cultural Anthropology"",
  ""Quantitative Analysis"",
  ""Top Secret Clearance"",
  ""Operational Planning"",
  ""Communication Studies"",
  ""Geospatial Analysis"",
  ""Qualitative Research"",
  ""Data Visualization"",
  ""Computer Science"",
  ""R (Programming Language)""
]",8/19/2024,"[
  ""https://careers-peraton.icims.com/jobs/149345/data-analyst-%e2%80%93-colorado-springs,-co-%e2%80%93-ts-sci-clearance/job""
]"
bb6d98821ef9c65bc01930ec94a13b961bc58aee,data analyst sme,Peraton,Peraton,Virginia,51,"Chantilly, VA",[None],Full-time (> 32 hours),135000.0,216000.0,14,"[
  ""Bachelor's degree""
]",15-2051,Data Scientists,15-2051.01,Business Intelligence Analysts,518210,"Computing Infrastructure Providers, Data Processing, Web Hosting, and Related Services","[
  ""Databricks"",
  ""Scientific Studies"",
  ""Software Systems"",
  ""Curiosity"",
  ""Management"",
  ""Data Modeling"",
  ""Data Architecture"",
  ""Metadata Repository"",
  ""Unit Testing"",
  ""Data Engineering"",
  ""Unstructured Data"",
  ""Top Secret-Sensitive Compartmented Information (TS/SCI Clearance)"",
  ""Creativity"",
  ""Python (Programming Language)"",
  ""Apache Spark"",
  ""Parsing"",
  ""Willingness To Learn"",
  ""Data Analysis"",
  ""Data Store"",
  ""SQL (Programming Language)"",
  ""Data Pipelines"",
  ""Troubleshooting (Problem Solving)"",
  ""Quality Assurance"",
  ""Data Structures"",
  ""Verbal Communication Skills"",
  ""Top Secret Clearance"",
  ""Software Development"",
  ""Extract Transform Load (ETL)"",
  ""Problem Solving""
]",9/29/2024,"[
  ""https://diversityjobs.com/career/8836627/Data-Analyst-Sme-Virginia-Chantilly""
]"
bc125cd291706002be0ffc36ec55de8af4f0055e,data analyst trust safety,TikTok,Tiktok,California,6,"San Jose, CA",[None],Full-time (> 32 hours),67555.0,135111.0,1,"[
  ""Bachelor's degree""
]",15-2051,Data Scientists,15-2051.01,Business Intelligence Analysts,518210,"Computing Infrastructure Providers, Data Processing, Web Hosting, and Related Services","[
  ""Management"",
  ""Outsourcing"",
  ""Coaching"",
  ""Trade Secrets"",
  ""Domain Knowledge"",
  ""Statistical Analysis"",
  ""Data Mining"",
  ""Courage"",
  ""Cost Management"",
  ""Research And Development"",
  ""Business Analysis"",
  ""Market Trend"",
  ""Resource Allocation"",
  ""Trustworthiness"",
  ""Python (Programming Language)"",
  ""Decision Making"",
  ""Data Science"",
  ""Mathematics"",
  ""Data Analysis"",
  ""Statistics"",
  ""Communication"",
  ""Operations"",
  ""Triage"",
  ""SQL (Programming Language)"",
  ""Operational Data Store"",
  ""Refining"",
  ""Microsoft Excel"",
  ""Coordinating"",
  ""DataOps"",
  ""Information Technology"",
  ""Quality Management"",
  ""Business Development"",
  ""TikTok"",
  ""Tableau (Business Intelligence Software)"",
  ""R (Programming Language)""
]",9/20/2024,"[
  ""https://www.simplyhired.com/job/o37YfK9V9F3cn_Dkh_akXGaoya4JRnDNwN7gbXv24dP5mjj_GyzuLw"",
  ""https://fairygodboss.com/jobs/tiktok/data-analyst-trust-safety-san-jose-bc7cb06cf6b4839aa74dabd271998b91"",
  ""https://careers.tiktok.com/position/7416504147594152218/detail"",
  ""https://www.themuse.com/jobs/tiktok/data-analyst-trust-safety-san-jose"",
  ""https://www.indeed.com/viewjob?jk=852ed3f75a1684d7""
]"
bcc791cec26ed708686c7af04cf2e6c849b693dc,data analyst sf,Concentrix,Concentrix,Arkansas,5,"Little Rock, AR",[None],Full-time (> 32 hours),,,,"[
  ""No Education Listed""
]",15-2051,Data Scientists,15-2051.01,Business Intelligence Analysts,518210,"Computing Infrastructure Providers, Data Processing, Web Hosting, and Related Services","[
  ""Salesforce"",
  ""Effective Communication"",
  ""Relationship Building"",
  ""Office Equipment"",
  ""Data Validation"",
  ""Critical Thinking"",
  ""Cross-Functional Collaboration"",
  ""Problem Solving"",
  ""Microsoft Outlook"",
  ""Communication"",
  ""Leadership"",
  ""Data Analysis"",
  ""Strategic Thinking"",
  ""Business To Business"",
  ""Detail Oriented"",
  ""Microsoft 365"",
  ""Microsoft Excel""
]",8/6/2024,"[
  ""https://dejobs.org/little-rock-ar/data-analyst-sf/6F72DA7C9D254645B9B004BCC9B04E73/job/""
]"
c1f4a5f5b93447d6a0b0c4b0b96380cc177fcd60,business intelligence analyst,Peraton,Peraton,Virginia,51,"Arlington, VA",[None],Full-time (> 32 hours),66000.0,106000.0,3,"[
  ""Bachelor's degree""
]",15-2051,Data Scientists,15-2051.01,Business Intelligence Analysts,518210,"Computing Infrastructure Providers, Data Processing, Web Hosting, and Related Services","[
  ""Presentations"",
  ""Timelines"",
  ""Verbal Communication Skills"",
  ""Statistics"",
  ""Strategic Planning"",
  ""Business Intelligence"",
  ""Operations"",
  ""Project Integration"",
  ""Program Management""
]",6/17/2024,"[
  ""https://www.indeed.com/viewjob?jk=65e2b134c593389b"",
  ""https://www.clearancejobs.com/jobs/7780382/business-intelligence-analyst"",
  ""https://www.dice.com/job-detail/cd59eeb8-de1f-444b-954d-501d7a3d008f"",
  ""https://www.indeed.com/viewjob?jk=8b9edd55521a90a5"",
  ""http://www.jobsinrockville.com/job/detail/80245573/Business-Intelligence-Analyst"",
  ""https://www.clearancejobs.com/jobs/7824790/business-intelligence-analyst"",
  ""https://www.dice.com/job-detail/f67c198b-2ac6-4116-802a-0758bc92b0fb""
]"
c2289b12bedf3c7ca1fdc7407e30412adee086ff,senior marketing analyst business intelligence analyst,"Avalara, Inc",Avalara,North Carolina,37,"Durham, NC",Remote,Full-time (> 32 hours),,,1,"[
  ""Master's degree""
]",15-2051,Data Scientists,15-2051.01,Business Intelligence Analysts,518210,"Computing Infrastructure Providers, Data Processing, Web Hosting, and Related Services","[
  ""Programming Languages"",
  ""Purchasing"",
  ""Data Warehousing"",
  ""Mergers And Acquisitions"",
  ""Tax Compliance"",
  ""Python (Programming Language)"",
  ""Market Research"",
  ""Calculations"",
  ""Information Systems"",
  ""Machine Learning Algorithms"",
  ""Data Synthesis"",
  ""Customer Lifecycle Management"",
  ""Marketing"",
  ""Business Intelligence"",
  ""Go-to-Market Strategy"",
  ""Business Operations"",
  ""Scalability"",
  ""Sales"",
  ""QlikView (Data Analytics Software)"",
  ""Data Analysis"",
  ""SQL And Java (SQLJ)"",
  ""Marketing Channel"",
  ""Tableau (Business Intelligence Software)"",
  ""Computer Science""
]",6/10/2024,"[
  ""https://careers.avalara.com/jobs/13573?lang=en-us""
]"
c23605d9e255258344da3e19bb34faf610b07854,data analyst,E-Solutions Inc.,E-Solutions Group,Illinois,17,"Chicago, IL",[None],Full-time (> 32 hours),,,,"[
  ""Bachelor's degree""
]",15-2051,Data Scientists,15-2051.01,Business Intelligence Analysts,518210,"Computing Infrastructure Providers, Data Processing, Web Hosting, and Related Services","[
  ""Relational Databases"",
  ""Power BI"",
  ""Data Warehousing"",
  ""Data Profiling"",
  ""Business Analysis"",
  ""Data Management"",
  ""Finance"",
  ""Underwriting"",
  ""Python (Programming Language)"",
  ""Dashboard"",
  ""Presentations"",
  ""Time Management"",
  ""Data Integration"",
  ""Data Quality"",
  ""Data Analysis"",
  ""Multitasking"",
  ""Interpersonal Communications"",
  ""Operations"",
  ""Key Performance Indicators (KPIs)"",
  ""SQL (Programming Language)"",
  ""Data Collection"",
  ""Data Transformation"",
  ""Troubleshooting (Problem Solving)"",
  ""Data Governance"",
  ""Problem Solving"",
  ""Data Visualization""
]",8/28/2024,"[
  ""https://jobsapi.ceipal.com/APISource/v3/index.html?job_id=z5G7h3l6a1kMvyS65NP3cw03YjqeQ1AC_LenClF5I-s=#""
]"
c645735699a6b4b56e1a9e01015f9f580061af9b,product data analyst paze,Early Warning Services LLC,Early Warning Services,California,6,"San Francisco, CA",[None],Full-time (> 32 hours),100000.0,115000.0,4,"[
  ""Bachelor's degree"",
  ""Master's degree""
]",15-2051,Data Scientists,15-2051.01,Business Intelligence Analysts,518210,"Computing Infrastructure Providers, Data Processing, Web Hosting, and Related Services","[
  ""Detail Oriented"",
  ""Office Equipment"",
  ""Management"",
  ""Data Element"",
  ""Business Analytics"",
  ""Data Reporting"",
  ""Process Improvement"",
  ""Business Acumen"",
  ""Analytical Skills"",
  ""Data Manipulation"",
  ""Data Science"",
  ""Data Engineering"",
  ""Data Profiling"",
  ""Amazon Redshift"",
  ""Quantitative Research"",
  ""Finance"",
  ""Critical Thinking"",
  ""Lifting Ability"",
  ""Data Analysis"",
  ""Communication"",
  ""Python (Programming Language)"",
  ""Ad Hoc Analysis"",
  ""Dashboard"",
  ""Leadership"",
  ""Data Quality"",
  ""Decision Making"",
  ""Mathematics"",
  ""Data Mapping"",
  ""Organizational Skills"",
  ""SQL (Programming Language)"",
  ""Multitasking"",
  ""Quick Learning"",
  ""Amazon Web Services"",
  ""Data Lineage"",
  ""Visual Acuity"",
  ""Economics"",
  ""Problem Solving"",
  ""Financial Services"",
  ""Data Visualization"",
  ""Risk Management"",
  ""Tableau (Business Intelligence Software)""
]",9/17/2024,"[
  ""https://diversityjobs.com/career/9226206/Product-Data-Analyst-Paze-California-San-Francisco""
]"
c8c1be4e08bf67d2187fa46429b5056332c1c4a9,product data analyst paze,"Early Warning Services, LLC",Early Warning Services,Arizona,4,"Scottsdale, AZ",[None],Full-time (> 32 hours),100000.0,115000.0,4,"[
  ""Bachelor's degree"",
  ""Master's degree""
]",15-2051,Data Scientists,15-2051.01,Business Intelligence Analysts,518210,"Computing Infrastructure Providers, Data Processing, Web Hosting, and Related Services","[
  ""Detail Oriented"",
  ""Office Equipment"",
  ""Management"",
  ""Data Element"",
  ""Business Analytics"",
  ""Data Reporting"",
  ""Process Improvement"",
  ""Business Acumen"",
  ""Analytical Skills"",
  ""Data Manipulation"",
  ""Data Science"",
  ""Data Engineering"",
  ""Data Profiling"",
  ""Amazon Redshift"",
  ""Quantitative Research"",
  ""Finance"",
  ""Critical Thinking"",
  ""Lifting Ability"",
  ""Data Analysis"",
  ""Communication"",
  ""Python (Programming Language)"",
  ""Ad Hoc Analysis"",
  ""Dashboard"",
  ""Leadership"",
  ""Data Quality"",
  ""Decision Making"",
  ""Mathematics"",
  ""Data Mapping"",
  ""Organizational Skills"",
  ""SQL (Programming Language)"",
  ""Multitasking"",
  ""Quick Learning"",
  ""Amazon Web Services"",
  ""Data Lineage"",
  ""Visual Acuity"",
  ""Economics"",
  ""Problem Solving"",
  ""Financial Services"",
  ""Data Visualization"",
  ""Risk Management"",
  ""Tableau (Business Intelligence Software)""
]",7/25/2024,"[
  ""http://www.jobsinpaterson.com/job/detail/80356675/Product-Data-Analyst-Paze"",
  ""https://diversityjobs.com/career/9226202/Product-Data-Analyst-Paze-Arizona-Scottsdale"",
  ""https://earlywarning.wd5.myworkdayjobs.com/en-us/earlywarningcareers/job/product-data-analyst---paze_req2024535""
]"
ca97e54af0f21b7066892667155e31e31f76cbbb,data analyst,S&P Global Market Intelligence,S&P Global,California,6,"[Unknown City], CA",[None],Full-time (> 32 hours),48000.0,60000.0,,"[
  ""No Education Listed""
]",15-2051,Data Scientists,15-2051.01,Business Intelligence Analysts,518210,"Computing Infrastructure Providers, Data Processing, Web Hosting, and Related Services","[
  ""Detail Oriented"",
  ""Software Systems"",
  ""Management"",
  ""Communication"",
  ""Data Modeling"",
  ""Web Scraping"",
  ""Quality Control"",
  ""Multitasking"",
  ""Report Writing"",
  ""Microsoft Access"",
  ""Catalyst (Software)"",
  ""Problem Solving"",
  ""Analytical Skills"",
  ""Data Mining"",
  ""Self-Motivation"",
  ""Microsoft Outlook"",
  ""Verbal Communication Skills"",
  ""Leadership"",
  ""Stress Management"",
  ""Data Analysis"",
  ""Collaboration"",
  ""Composure"",
  ""Calmness Under Pressure"",
  ""SQL (Programming Language)"",
  ""Microsoft Excel"",
  ""Willingness To Learn"",
  ""Process Improvement"",
  ""Microsoft Office"",
  ""Database Design"",
  ""Teamwork""
]",8/12/2024,"[
  ""https://spgi.wd5.myworkdayjobs.com/en-US/SPGI_Careers/job/California-US/Data-Analyst-II_305270-2?q=Market+Intelligence""
]"
cb14735919c55eb42c81e567ab426d6590487abb,data analyst,Database USA,Database Corporation Ltd,Nebraska,31,"Omaha, NE",[None],Full-time (> 32 hours),,,,"[
  ""Associate degree"",
  ""Bachelor's degree""
]",15-2051,Data Scientists,15-2051.01,Business Intelligence Analysts,518210,"Computing Infrastructure Providers, Data Processing, Web Hosting, and Related Services","[
  ""MySQL"",
  ""Data Analysis"",
  ""Professionalism"",
  ""Critical Thinking"",
  ""Statistics"",
  ""Marketing Research"",
  ""Detail Oriented"",
  ""Report Writing"",
  ""Microsoft Excel"",
  ""Quick Learning""
]",8/27/2024,"[
  ""https://www.glassdoor.com/job-listing/data-analyst-database-usa-JV_IC1136440_KO0,12_KE13,25.htm?jl=1009423612479"",
  ""https://www.indeed.com/viewjob?jk=ce599b9d8f3239a9"",
  ""https://www.simplyhired.com/job/pnFo6Ml0bWgLwpAqG_vpCfNN0bSlGQCXPsPoK0vQEwiEfE5KfmOUSQ""
]"
d10956b651ee0e5900afe2860684c2ab628f6bc7,staff business data analyst web marketing,Intuit,Intuit,California,6,"Mountain View, CA",[None],Full-time (> 32 hours),152500.0,206000.0,7,"[
  ""Bachelor's degree"",
  ""Master's degree""
]",15-2051,Data Scientists,15-2051.01,Business Intelligence Analysts,518210,"Computing Infrastructure Providers, Data Processing, Web Hosting, and Related Services","[
  ""Performance Analytics"",
  ""Sales Funnel"",
  ""Statistical Analysis"",
  ""Customer Acquisition Management"",
  ""Data Architecture"",
  ""Influencing Skills"",
  ""Web Traffic"",
  ""QuickBooks (Accounting Software)"",
  ""Clickstream"",
  ""Python (Programming Language)"",
  ""Dashboard"",
  ""Attribution Modeling"",
  ""Adobe Analytics"",
  ""Leadership"",
  ""Analytics"",
  ""Web Performance Optimization"",
  ""Marketing"",
  ""Web Analytics"",
  ""Data Analysis"",
  ""SQL (Programming Language)"",
  ""Data Storytelling"",
  ""Data Pipelines"",
  ""Machine Learning"",
  ""Test Design"",
  ""Extract Transform Load (ETL)"",
  ""Online Advertising""
]",8/28/2024,"[
  ""https://jobs.intuit.com/job/mountain-view/staff-business-data-analyst-web-marketing/27595/64875377840""
]"
d298cb9948e3585c76db93aecf4a3cd7daa39846,data analyst sf,Concentrix,Concentrix,Indiana,18,"Indianapolis, IN",[None],Full-time (> 32 hours),,,,"[
  ""No Education Listed""
]",15-2051,Data Scientists,15-2051.01,Business Intelligence Analysts,518210,"Computing Infrastructure Providers, Data Processing, Web Hosting, and Related Services","[
  ""Salesforce"",
  ""Effective Communication"",
  ""Relationship Building"",
  ""Office Equipment"",
  ""Data Validation"",
  ""Critical Thinking"",
  ""Cross-Functional Collaboration"",
  ""Problem Solving"",
  ""Microsoft Outlook"",
  ""Communication"",
  ""Leadership"",
  ""Data Analysis"",
  ""Strategic Thinking"",
  ""Business To Business"",
  ""Detail Oriented"",
  ""Microsoft 365"",
  ""Microsoft Excel""
]",8/6/2024,"[
  ""https://fatherresource.dejobs.org/indianapolis-in/data-analyst-sf/82bb087ffe70474a906056ff9d75dbea/job""
]"
d39a2f7f675bf9fb1f901e5c68d8f3e305db155d,staff business data analyst marketing analytics,Intuit,Intuit,California,6,"Mountain View, CA",[None],Full-time (> 32 hours),,,7,"[
  ""Bachelor's degree"",
  ""Master's degree""
]",15-2051,Data Scientists,15-2051.01,Business Intelligence Analysts,518210,"Computing Infrastructure Providers, Data Processing, Web Hosting, and Related Services","[
  ""Performance Analytics"",
  ""Marketing Analytics"",
  ""Sales Funnel"",
  ""Statistical Analysis"",
  ""Customer Acquisition Management"",
  ""Data Architecture"",
  ""Influencing Skills"",
  ""Web Traffic"",
  ""QuickBooks (Accounting Software)"",
  ""Clickstream"",
  ""Python (Programming Language)"",
  ""Dashboard"",
  ""Attribution Modeling"",
  ""Adobe Analytics"",
  ""Leadership"",
  ""Analytics"",
  ""Web Performance Optimization"",
  ""Marketing"",
  ""Web Analytics"",
  ""Data Analysis"",
  ""SQL (Programming Language)"",
  ""Data Storytelling"",
  ""Data Pipelines"",
  ""Machine Learning"",
  ""Test Design"",
  ""Extract Transform Load (ETL)"",
  ""Online Advertising""
]",5/24/2024,"[
  ""https://jobs.intuit.com/job/mountain-view/staff-business-data-analyst-marketing-analytics/27595/64875377840"",
  ""https://www.indeed.com/viewjob?jk=3c6d650213c748bc""
]"
d4a50284d819406f0ac48280eba8a0621bba05db,enterprise security staff systems business analyst,Intuit,Intuit,Arizona,4,"Tucson, AZ",[None],Full-time (> 32 hours),,,5,"[
  ""No Education Listed""
]",15-2051,Data Scientists,15-2051.01,Business Intelligence Analysts,518210,"Computing Infrastructure Providers, Data Processing, Web Hosting, and Related Services","[
  ""Certified Fraud Examiner"",
  ""Business Objectives"",
  ""Mitigation"",
  ""Input/Output"",
  ""Research"",
  ""Workflow Management"",
  ""Risk Prioritization"",
  ""Certified Information System Auditor (CISA)"",
  ""Prioritization"",
  ""Automation"",
  ""Continuous Improvement Process"",
  ""Key Performance Indicators (KPIs)"",
  ""Technology Solutions"",
  ""Agile Methodology"",
  ""Loss Prevention"",
  ""Insider Threat"",
  ""Data Science"",
  ""Drilldown"",
  ""Incident Response"",
  ""Auditing"",
  ""Cyber Security"",
  ""Usability"",
  ""Statistical Modeling"",
  ""Endpoint Security"",
  ""Business Process"",
  ""Innovation"",
  ""Python (Programming Language)"",
  ""Dashboard"",
  ""Time Management"",
  ""Enterprise Application Software"",
  ""Enterprise Security"",
  ""Network Security"",
  ""Machine Learning"",
  ""JIRA"",
  ""Security Information And Event Management (SIEM)"",
  ""Security Technology"",
  ""Root Cause Analysis"",
  ""Investigation"",
  ""Cloud Access Security Broker Tools (CASBs)"",
  ""Data Loss Prevention"",
  ""User Research"",
  ""Behavioral Analytics"",
  ""Product Engineering"",
  ""Triage"",
  ""SQL (Programming Language)"",
  ""Certified Cloud Security Professional (CCSP)"",
  ""Scalability"",
  ""Data Collection"",
  ""Corporate Security"",
  ""Organizational Skills"",
  ""Endpoint Detection And Response"",
  ""CyberArk"",
  ""Certified Information Systems Security Professional"",
  ""Prototyping"",
  ""Forecasting"",
  ""Physical Security Professional"",
  ""Software As A Service (SaaS)"",
  ""Statistical Methods"",
  ""Threat Detection"",
  ""Data Conversion"",
  ""Certified Public Accountant"",
  ""Certified Information Privacy Professional"",
  ""Business Ethics"",
  ""Functional Testing"",
  ""Program Management"",
  ""Artificial Intelligence"",
  ""Netskope"",
  ""Advanced Analytics"",
  ""Identity And Access Management"",
  ""Data Access"",
  ""Computer Science""
]",9/6/2024,"[
  ""https://www.indeed.com/viewjob?jk=a42652bfe6a9d181"",
  ""https://dejobs.org/tucson-az/enterprise-security-staff-systems-business-analyst/C53A7D0CFA4043F49B3521D7B1BB8F8E/job/"",
  ""https://www.simplyhired.com/job/i2e9Fxkucmscjx30iZ7eTXpBbGbIILDRMlxTaAGJczfUOzlOutqfRQ""
]"
d86ad6a13d2f5c5d1c75cd7f9f4a65ae0a35fda1,anti fraud data analyst usds,TikTok,Tiktok,California,6,"Mountain View, CA",[None],Full-time (> 32 hours),136800.0,228000.0,3,"[
  ""Bachelor's degree""
]",15-2051,Data Scientists,15-2051.01,Business Intelligence Analysts,518210,"Computing Infrastructure Providers, Data Processing, Web Hosting, and Related Services","[
  ""Mathematics"",
  ""Research"",
  ""Workflow Management"",
  ""Management"",
  ""Courage"",
  ""Data Science"",
  ""Interpersonal Communications"",
  ""Influencing Skills"",
  ""Python (Programming Language)"",
  ""Performance Metric"",
  ""Data Analysis"",
  ""Statistics"",
  ""Machine Learning"",
  ""Matrix Management"",
  ""Detail Oriented"",
  ""SQL (Programming Language)"",
  ""SAS (Software)"",
  ""Quantitative Analysis"",
  ""Artificial Intelligence"",
  ""TikTok"",
  ""Auditing"",
  ""Risk Management"",
  ""Balancing (Ledger/Billing)"",
  ""Computer Science"",
  ""Data Security"",
  ""R (Programming Language)""
]",8/17/2024,"[
  ""https://careers.tiktok.com/position/7403522036319160586/detail"",
  ""https://fairygodboss.com/jobs/tiktok/anti-fraud-data-analyst-usds-b0cc57e798ba0295bd7359d8eb62a465""
]"
dabbde746619ca19c41925a424377676061eafe2,enterprise security staff systems business analyst,Intuit,Intuit,Texas,48,"Plano, TX",[None],Full-time (> 32 hours),,,5,"[
  ""No Education Listed""
]",15-2051,Data Scientists,15-2051.01,Business Intelligence Analysts,518210,"Computing Infrastructure Providers, Data Processing, Web Hosting, and Related Services","[
  ""Certified Fraud Examiner"",
  ""Business Objectives"",
  ""Mitigation"",
  ""Input/Output"",
  ""Research"",
  ""Workflow Management"",
  ""Risk Prioritization"",
  ""Certified Information System Auditor (CISA)"",
  ""Prioritization"",
  ""Automation"",
  ""Continuous Improvement Process"",
  ""Key Performance Indicators (KPIs)"",
  ""Technology Solutions"",
  ""Agile Methodology"",
  ""Loss Prevention"",
  ""Insider Threat"",
  ""Data Science"",
  ""Drilldown"",
  ""Incident Response"",
  ""Auditing"",
  ""Cyber Security"",
  ""Usability"",
  ""Statistical Modeling"",
  ""Endpoint Security"",
  ""Business Process"",
  ""Innovation"",
  ""Python (Programming Language)"",
  ""Dashboard"",
  ""Time Management"",
  ""Enterprise Application Software"",
  ""Enterprise Security"",
  ""Network Security"",
  ""Machine Learning"",
  ""JIRA"",
  ""Security Information And Event Management (SIEM)"",
  ""Security Technology"",
  ""Root Cause Analysis"",
  ""Investigation"",
  ""Cloud Access Security Broker Tools (CASBs)"",
  ""Data Loss Prevention"",
  ""User Research"",
  ""Behavioral Analytics"",
  ""Product Engineering"",
  ""Triage"",
  ""SQL (Programming Language)"",
  ""Certified Cloud Security Professional (CCSP)"",
  ""Scalability"",
  ""Data Collection"",
  ""Corporate Security"",
  ""Organizational Skills"",
  ""Endpoint Detection And Response"",
  ""CyberArk"",
  ""Certified Information Systems Security Professional"",
  ""Prototyping"",
  ""Forecasting"",
  ""Physical Security Professional"",
  ""Software As A Service (SaaS)"",
  ""Statistical Methods"",
  ""Threat Detection"",
  ""Data Conversion"",
  ""Certified Public Accountant"",
  ""Certified Information Privacy Professional"",
  ""Business Ethics"",
  ""Functional Testing"",
  ""Program Management"",
  ""Artificial Intelligence"",
  ""Netskope"",
  ""Advanced Analytics"",
  ""Identity And Access Management"",
  ""Data Access"",
  ""Computer Science""
]",9/6/2024,"[
  ""https://dejobs.org/plano-tx/enterprise-security-staff-systems-business-analyst/CE306B513F31410980025905E09FA2FB/job/"",
  ""https://www.simplyhired.com/job/Jbg8PZgTpeZ2SSFhlyHAASFpUPPCpo5XnuvR-yHfLR01rT3sh5YzKw""
]"
db07098c89c0c78de3e5ff0fc049a4cd9f8f00fd,anti fraud data analyst usds,TikTok,Tiktok,Washington,53,"Seattle, WA",[None],Full-time (> 32 hours),136800.0,228000.0,3,"[
  ""Bachelor's degree""
]",15-2051,Data Scientists,15-2051.01,Business Intelligence Analysts,518210,"Computing Infrastructure Providers, Data Processing, Web Hosting, and Related Services","[
  ""Mathematics"",
  ""Research"",
  ""Workflow Management"",
  ""Management"",
  ""Courage"",
  ""Data Science"",
  ""Interpersonal Communications"",
  ""Influencing Skills"",
  ""Python (Programming Language)"",
  ""Performance Metric"",
  ""Data Analysis"",
  ""Statistics"",
  ""Machine Learning"",
  ""Matrix Management"",
  ""Detail Oriented"",
  ""SQL (Programming Language)"",
  ""SAS (Software)"",
  ""Quantitative Analysis"",
  ""Artificial Intelligence"",
  ""TikTok"",
  ""Auditing"",
  ""Risk Management"",
  ""Balancing (Ledger/Billing)"",
  ""Computer Science"",
  ""Data Security"",
  ""R (Programming Language)""
]",8/17/2024,"[
  ""https://careers.tiktok.com/position/7403129634672888091/detail"",
  ""https://fairygodboss.com/jobs/tiktok/anti-fraud-data-analyst-usds-5f8bf89a304af5c6b1db2ab88eceb381""
]"
ddbd6b2ed9c4fd8f4b6cb477f918c11dec7fb28a,data analyst,E-Solutions Inc.,E-Solutions Group,California,6,"Woodland, CA",Remote,Full-time (> 32 hours),,,,"[
  ""No Education Listed""
]",15-2051,Data Scientists,15-2051.01,Business Intelligence Analysts,518210,"Computing Infrastructure Providers, Data Processing, Web Hosting, and Related Services","[
  ""Data Analysis"",
  ""Curiosity"",
  ""Management"",
  ""Apache Hadoop"",
  ""Data Modeling"",
  ""Big Data"",
  ""Primary Source Information"",
  ""Secondary Source Information"",
  ""Communication"",
  ""Key Performance Indicators (KPIs)"",
  ""Scalability"",
  ""Data Acquisition"",
  ""Extract Transform Load (ETL)"",
  ""SQL (Programming Language)""
]",9/26/2024,"[
  ""https://jobsapi.ceipal.com/APISource/v3/index.html?job_id=z5G7h3l6a1kMvyS65NP3c9ChJD2RKAYWp6qFrVeyeMk=#""
]"
dfb8c810db319dbe44e692a42616f06ae87b0f8a,enterprise security staff systems business analyst,Intuit,Intuit,California,6,"Mountain View, CA",[None],Full-time (> 32 hours),,,5,"[
  ""No Education Listed""
]",15-2051,Data Scientists,15-2051.01,Business Intelligence Analysts,518210,"Computing Infrastructure Providers, Data Processing, Web Hosting, and Related Services","[
  ""Certified Fraud Examiner"",
  ""Business Objectives"",
  ""Mitigation"",
  ""Input/Output"",
  ""Research"",
  ""Workflow Management"",
  ""Risk Prioritization"",
  ""Certified Information System Auditor (CISA)"",
  ""Prioritization"",
  ""Automation"",
  ""Continuous Improvement Process"",
  ""Key Performance Indicators (KPIs)"",
  ""Technology Solutions"",
  ""Agile Methodology"",
  ""Loss Prevention"",
  ""Insider Threat"",
  ""Data Science"",
  ""Drilldown"",
  ""Incident Response"",
  ""Auditing"",
  ""Cyber Security"",
  ""Usability"",
  ""Statistical Modeling"",
  ""Endpoint Security"",
  ""Business Process"",
  ""Innovation"",
  ""Python (Programming Language)"",
  ""Dashboard"",
  ""Time Management"",
  ""Enterprise Application Software"",
  ""Enterprise Security"",
  ""Network Security"",
  ""Machine Learning"",
  ""JIRA"",
  ""Security Information And Event Management (SIEM)"",
  ""Security Technology"",
  ""Root Cause Analysis"",
  ""Investigation"",
  ""Cloud Access Security Broker Tools (CASBs)"",
  ""Data Loss Prevention"",
  ""User Research"",
  ""Behavioral Analytics"",
  ""Product Engineering"",
  ""Triage"",
  ""SQL (Programming Language)"",
  ""Certified Cloud Security Professional (CCSP)"",
  ""Scalability"",
  ""Data Collection"",
  ""Corporate Security"",
  ""Organizational Skills"",
  ""Endpoint Detection And Response"",
  ""CyberArk"",
  ""Certified Information Systems Security Professional"",
  ""Prototyping"",
  ""Forecasting"",
  ""Physical Security Professional"",
  ""Software As A Service (SaaS)"",
  ""Statistical Methods"",
  ""Threat Detection"",
  ""Data Conversion"",
  ""Certified Public Accountant"",
  ""Certified Information Privacy Professional"",
  ""Business Ethics"",
  ""Functional Testing"",
  ""Program Management"",
  ""Artificial Intelligence"",
  ""Netskope"",
  ""Advanced Analytics"",
  ""Identity And Access Management"",
  ""Data Access"",
  ""Computer Science""
]",9/6/2024,"[
  ""https://dejobs.org/mountain-view-ca/enterprise-security-staff-systems-business-analyst/B33E203F078847108EB452D3C2CB5620/job/"",
  ""https://www.simplyhired.com/job/pRae9dQRlK4TwHw5Kt3yM_XquoZxHBaUUJ27Jo57i9sAJX8EY0UXdQ""
]"
e0a4c94cf61e6597941074fe27be4c3dbb995546,data analyst,RxAdvance,Rxadvance Corp,Massachusetts,25,"Southborough, MA",[None],Full-time (> 32 hours),,,,"[
  ""No Education Listed""
]",15-2051,Data Scientists,15-2051.01,Business Intelligence Analysts,518210,"Computing Infrastructure Providers, Data Processing, Web Hosting, and Related Services","[
  ""Quality Management"",
  ""Kibana"",
  ""Decision Tree Learning"",
  ""Forecasting"",
  ""Data Science"",
  ""Strategic Decision Making"",
  ""Innovation"",
  ""Python (Programming Language)"",
  ""Dashboard"",
  ""Machine Learning"",
  ""Teamwork"",
  ""Operations"",
  ""Data Analysis"",
  ""Process Improvement"",
  ""SQL (Programming Language)"",
  ""Tableau (Business Intelligence Software)""
]",6/2/2024,"[
  ""https://www.nirvanahealth.com/job/data-analyst-01772-southborough-ma/""
]"
e1e127415e0d7d3795b77778888b1a390677d547,senior data analyst support analytics,Snowflake Inc.,Snowflake Computing,Georgia,13,"Atlanta, GA",[None],Full-time (> 32 hours),,,,"[
  ""No Education Listed""
]",15-2051,Data Scientists,15-2051.01,Business Intelligence Analysts,518210,"Computing Infrastructure Providers, Data Processing, Web Hosting, and Related Services","[
  ""Data Analysis""
]",9/14/2024,"[
  ""https://careers.snowflake.com/us/en/job/7638946002/senior-data-analyst-support-analytics"",
  ""https://fairygodboss.com/jobs/snowflake/senior-data-analyst-support-analytics-221d3e545ddb5275466f8f37e61c837f"",
  ""https://www.themuse.com/jobs/snowflake/senior-data-analyst-support-analytics"",
  ""https://careers.snowflake.com/us/en/job/7638946002/Senior-Data-Analyst-Support-Analytics""
]"
e2e1c0985cca4ff1977bb8aed09516191074f6ea,data analyst,"Ryan Consulting Group, LLC",Ryan Consulting Group,North Carolina,37,"Charlotte, NC",[None],Full-time (> 32 hours),,,,"[
  ""No Education Listed""
]",15-2051,Data Scientists,15-2051.01,Business Intelligence Analysts,518210,"Computing Infrastructure Providers, Data Processing, Web Hosting, and Related Services","[
  ""Data Analysis""
]",6/26/2024,"[
  ""https://www.disabledperson.com/jobs/59981054-data-analyst""
]"
e489ce86b08d85aa27c98c42d21e00f8dac43388,business intelligence analyst,"Corcentric, Inc",Corcentric,New Jersey,34,"Cherry Hill, NJ",Remote,Full-time (> 32 hours),,,,"[
  ""Bachelor's degree"",
  ""Master's degree""
]",15-2051,Data Scientists,15-2051.01,Business Intelligence Analysts,518210,"Computing Infrastructure Providers, Data Processing, Web Hosting, and Related Services","[
  ""Power BI"",
  ""Programming Languages"",
  ""Office Equipment"",
  ""Client Services"",
  ""QC Reporting"",
  ""Communication"",
  ""English Language"",
  ""Data Manipulation"",
  ""Python (Programming Language)"",
  ""Business Intelligence Tools"",
  ""Mathematics"",
  ""Statistics"",
  ""Business Requirements"",
  ""Business Intelligence"",
  ""Detail Oriented"",
  ""Management Information Systems"",
  ""SQL (Programming Language)"",
  ""Filing"",
  ""Microsoft Excel"",
  ""Internal Reporting"",
  ""Problem Solving"",
  ""Tableau (Business Intelligence Software)"",
  ""Working Capital""
]",6/20/2024,"[
  ""https://www.latpro.com/career/8297200/Business-Intelligence-Analyst-New-Jersey-Cherry-Hill"",
  ""https://dejobs.org/cherry-hill-nj/business-intelligence-analyst/214B73BB70E249E1AF417890B3B87254/job/"",
  ""https://apply.workable.com/corcentric/j/345B98B1F8/""
]"
ea91f97c495c3449040dd824883d586bb6b2dffd,investigations data analyst minor safety usds,TikTok,Tiktok,California,6,"Los Angeles, CA",[None],Full-time (> 32 hours),82227.0,128355.0,3,"[
  ""Bachelor's degree"",
  ""Master's degree""
]",15-2051,Data Scientists,15-2051.01,Business Intelligence Analysts,518210,"Computing Infrastructure Providers, Data Processing, Web Hosting, and Related Services","[
  ""Research"",
  ""Stakeholder Communications"",
  ""Communication"",
  ""Exploitation"",
  ""Analytical Skills"",
  ""Courage"",
  ""Network Analysis"",
  ""Self Injury Intervention"",
  ""Qualitative Analysis"",
  ""Resilience"",
  ""Physical Security Operations"",
  ""Data Analysis"",
  ""Relational Databases"",
  ""Law Enforcement"",
  ""Investigation"",
  ""Critical Thinking"",
  ""Project Management"",
  ""Data Mining"",
  ""Predictive Modeling"",
  ""SQL (Programming Language)"",
  ""Troubleshooting (Problem Solving)"",
  ""Social Network Analysis"",
  ""Economics"",
  ""Social Media"",
  ""Analytical Techniques"",
  ""TikTok"",
  ""Data Visualization"",
  ""Computer Science"",
  ""Data Security"",
  ""Global Marketing""
]",5/8/2024,"[
  ""https://careers.tiktok.com/position/7364855438843054345/detail"",
  ""https://fairygodboss.com/jobs/tiktok/investigations-data-analyst-minor-safety-usds-fb4b6d9ce160483e7bd4ffca8142564a""
]"
eb06047780a0acf6b675e02b7b35fe7b920a53c4,business intelligence analyst,Corcentric,Corcentric,New Jersey,34,"Cherry Hill, NJ",Remote,Full-time (> 32 hours),,,,"[
  ""Bachelor's degree"",
  ""Master's degree""
]",15-2051,Data Scientists,15-2051.01,Business Intelligence Analysts,518210,"Computing Infrastructure Providers, Data Processing, Web Hosting, and Related Services","[
  ""Power BI"",
  ""Programming Languages"",
  ""Office Equipment"",
  ""Information Technology"",
  ""Client Services"",
  ""QC Reporting"",
  ""Communication"",
  ""English Language"",
  ""Data Manipulation"",
  ""Python (Programming Language)"",
  ""Business Intelligence Tools"",
  ""Mathematics"",
  ""Statistics"",
  ""Business Requirements"",
  ""Business Intelligence"",
  ""Detail Oriented"",
  ""Management Information Systems"",
  ""SQL (Programming Language)"",
  ""Filing"",
  ""Microsoft Excel"",
  ""Internal Reporting"",
  ""Problem Solving"",
  ""Tableau (Business Intelligence Software)"",
  ""Working Capital""
]",6/23/2024,"[
  ""https://www.findojobs.us/business-intelligence-analyst-in-cherry-hill-ID-39338407""
]"
ebd376100307a5096a2ee01f84fe4ec31b91d0d3,data analyst,eClerx Services Ltd,"Eclerx Services Limited, Mumbai, Maharashtra",New York,36,"New York, NY",[None],Full-time (> 32 hours),100000.0,120000.0,3,"[
  ""No Education Listed""
]",15-2051,Data Scientists,15-2051.01,Business Intelligence Analysts,518210,"Computing Infrastructure Providers, Data Processing, Web Hosting, and Related Services","[
  ""Capital Markets"",
  ""Analytical Techniques"",
  ""Solution Delivery"",
  ""Research"",
  ""Presentations"",
  ""Writing"",
  ""Data Validation"",
  ""Data Modeling"",
  ""Data Warehousing"",
  ""Informatica"",
  ""Financial Market"",
  ""Jersey (Java Framework)"",
  ""Innovation"",
  ""Agile Methodology"",
  ""Python (Programming Language)"",
  ""Data Wrangling"",
  ""Query Optimization"",
  ""JIRA"",
  ""Data Mapping"",
  ""Extract Transform Load (ETL)"",
  ""Data Analysis"",
  ""Alteryx"",
  ""SQL (Programming Language)"",
  ""Technology Solutions"",
  ""Troubleshooting (Problem Solving)"",
  ""Statistical Methods"",
  ""Process Improvement"",
  ""Problem Solving"",
  ""Remedial Action"",
  ""Financial Services"",
  ""Tableau (Business Intelligence Software)"",
  ""Curiosity"",
  ""R (Programming Language)""
]",7/22/2024,"[
  ""https://fa-ewji-saasfaprod1.fa.ocs.oraclecloud.com/hcmUI/CandidateExperience/en/sites/CX_2/job/75438""
]"
f06f553ab4fc503a8235b9a501b03c41c4a715bf,data analyst ii one position,LeanTaaS,Leantaas,California,6,"Santa Clara, CA",Remote,Full-time (> 32 hours),105500.0,180500.0,1,"[
  ""Master's degree""
]",15-2051,Data Scientists,15-2051.01,Business Intelligence Analysts,518210,"Computing Infrastructure Providers, Data Processing, Web Hosting, and Related Services","[
  ""SAS (Software)"",
  ""Prescriptive Analytics"",
  ""MySQL"",
  ""Intravenous Therapy"",
  ""Python (Programming Language)"",
  ""Health Administration"",
  ""Data Collection"",
  ""Data Science"",
  ""Lean Principles"",
  ""PostgreSQL"",
  ""Dashboard"",
  ""Decision Making"",
  ""Machine Learning"",
  ""Operations"",
  ""Key Performance Indicators (KPIs)"",
  ""Data Analysis"",
  ""Microsoft Excel"",
  ""Troubleshooting (Problem Solving)"",
  ""Statistical Hypothesis Testing"",
  ""Extract Transform Load (ETL)"",
  ""Economics"",
  ""Problem Solving"",
  ""Tableau (Business Intelligence Software)""
]",8/14/2024,"[
  ""https://www.indeed.com/viewjob?jk=45632b1bc232cac2"",
  ""https://www.simplyhired.com/job/AGIlTBUCS5HhOnCu0rTyGfLQTD8U7FCzdtllpztUsY1-s4ZvSA3l2A""
]"
f2725ffd04ad96ab19f7c61a9ece4cbb9d3f5026,sr professional services training data analyst,Snowflake,Snowflake Computing,California,6,"[Unknown City], CA",[None],Full-time (> 32 hours),163000.0,233100.0,8,"[
  ""No Education Listed""
]",15-2051,Data Scientists,15-2051.01,Business Intelligence Analysts,518210,"Computing Infrastructure Providers, Data Processing, Web Hosting, and Related Services","[
  ""Effective Communication"",
  ""Data Modeling"",
  ""C (Programming Language)"",
  ""Self Service Technologies"",
  ""Python (Programming Language)"",
  ""Dashboard"",
  ""Decision Making"",
  ""Operations"",
  ""Key Performance Indicators (KPIs)"",
  ""Data Analysis"",
  ""SQL (Programming Language)"",
  ""Business Intelligence"",
  ""Data Visualization"",
  ""Tableau (Business Intelligence Software)"",
  ""Data Security""
]",8/14/2024,"[
  ""https://fairygodboss.com/jobs/snowflake/sr-professional-services-training-data-analyst-6696cc0f9f756c1e22df77daa187202d""
]"
f61ce6f8fe2b9c25dad50d65cfd645692e3ac42f,enterprise security staff systems business analyst,Intuit,Intuit,New York,36,"New York, NY",[None],Full-time (> 32 hours),,,5,"[
  ""No Education Listed""
]",15-2051,Data Scientists,15-2051.01,Business Intelligence Analysts,518210,"Computing Infrastructure Providers, Data Processing, Web Hosting, and Related Services","[
  ""Business Objectives"",
  ""Mitigation"",
  ""Research"",
  ""Workflow Management"",
  ""Risk Prioritization"",
  ""Certified Information System Auditor (CISA)"",
  ""Prioritization"",
  ""Automation"",
  ""Continuous Improvement Process"",
  ""Key Performance Indicators (KPIs)"",
  ""Technology Solutions"",
  ""Certified Fraud Examiner"",
  ""Insider Threat"",
  ""Agile Methodology"",
  ""Data Science"",
  ""Drilldown"",
  ""Incident Response"",
  ""Cyber Security"",
  ""Usability"",
  ""Statistical Modeling"",
  ""Endpoint Security"",
  ""Business Process"",
  ""Innovation"",
  ""Python (Programming Language)"",
  ""Dashboard"",
  ""Time Management"",
  ""Enterprise Application Software"",
  ""Enterprise Security"",
  ""Network Security"",
  ""Machine Learning"",
  ""JIRA"",
  ""Security Information And Event Management (SIEM)"",
  ""Security Technology"",
  ""Root Cause Analysis"",
  ""Investigation"",
  ""Cloud Access Security Broker Tools (CASBs)"",
  ""Data Loss Prevention"",
  ""User Research"",
  ""Behavioral Analytics"",
  ""Product Engineering"",
  ""Triage"",
  ""SQL (Programming Language)"",
  ""Certified Cloud Security Professional (CCSP)"",
  ""Scalability"",
  ""Data Collection"",
  ""Corporate Security"",
  ""Endpoint Detection And Response"",
  ""CyberArk"",
  ""Certified Information Systems Security Professional"",
  ""Prototyping"",
  ""Forecasting"",
  ""Physical Security Professional"",
  ""Software As A Service (SaaS)"",
  ""Statistical Methods"",
  ""Threat Detection"",
  ""Data Conversion"",
  ""Certified Public Accountant"",
  ""Certified Information Privacy Professional"",
  ""Functional Testing"",
  ""Program Management"",
  ""Artificial Intelligence"",
  ""Netskope"",
  ""Advanced Analytics"",
  ""Identity And Access Management"",
  ""Data Access"",
  ""Computer Science""
]",9/6/2024,"[
  ""https://dejobs.org/new-york-ny/enterprise-security-staff-systems-business-analyst/82290BDA86984A7E890A05539F4B1BB0/job/"",
  ""https://www.dice.com/job-detail/7b789003-6ac8-4e9e-98da-8e3a78633668""
]"
f62d82df0eee8c0f0ea359e381a58871308a072b,artist engagement data analyst usds,TikTok,Tiktok,California,6,"Mountain View, CA",[None],Full-time (> 32 hours),86555.0,135111.0,3,"[
  ""Bachelor's degree""
]",15-2051,Data Scientists,15-2051.01,Business Intelligence Analysts,518210,"Computing Infrastructure Providers, Data Processing, Web Hosting, and Related Services","[
  ""Detail Oriented"",
  ""Music Industry"",
  ""Data Infrastructure"",
  ""Relationship Building"",
  ""Social Media Trends"",
  ""Self-Motivation"",
  ""Trade Secrets"",
  ""Analytical Skills"",
  ""Courage"",
  ""Coordinating"",
  ""Influencing Skills"",
  ""Self Service Technologies"",
  ""A/B Testing"",
  ""Communication"",
  ""Dashboard"",
  ""Data Analysis"",
  ""Statistics"",
  ""Project Management"",
  ""Predictive Modeling"",
  ""Operations"",
  ""Stakeholder Requirements"",
  ""Information Technology"",
  ""Sales"",
  ""Extract Transform Load (ETL)"",
  ""SQL (Programming Language)"",
  ""TikTok"",
  ""Data Visualization"",
  ""New Product Development"",
  ""Computer Science"",
  ""Data Security"",
  ""Curiosity""
]",9/17/2024,"[
  ""https://careers.tiktok.com/position/7414226801864198451/detail"",
  ""https://fairygodboss.com/jobs/tiktok/artist-engagement-data-analyst-usds-807f3f64d0c811318fceed520fa21789""
]"
f880b82f17153793122397e915603733a0e6382f,sap business analyst w san jose ca,"iPivot, LLC",Ipivot.Co,California,6,"San Diego, CA",[None],Full-time (> 32 hours),,,5,"[
  ""No Education Listed""
]",15-2051,Data Scientists,15-2051.01,Business Intelligence Analysts,518210,"Computing Infrastructure Providers, Data Processing, Web Hosting, and Related Services","[
  ""Business Objectives"",
  ""Power BI"",
  ""Business Reporting"",
  ""Financial Close"",
  ""Planning"",
  ""SAP Sales And Distribution"",
  ""Data Warehousing"",
  ""Finance"",
  ""Business Intelligence Tools"",
  ""SAP Applications"",
  ""Business Requirements"",
  ""Technical Support"",
  ""Communication"",
  ""SQL (Programming Language)"",
  ""Sales"",
  ""SAP Business Suite"",
  ""Tableau (Business Intelligence Software)""
]",5/24/2024,"[
  ""https://www.dice.com/job-detail/4142fae3-a6f5-4ff8-a69f-77ec998224af""
]"
fc64d2544510e651d25df0eabfae53225bdc1494,data analyst hybrid in portland or or des moines ia,Concentrix,Concentrix,Alabama,1,"Montgomery, AL",Hybrid Remote,Full-time (> 32 hours),,,,"[
  ""No Education Listed""
]",15-2051,Data Scientists,15-2051.01,Business Intelligence Analysts,518210,"Computing Infrastructure Providers, Data Processing, Web Hosting, and Related Services","[
  ""Generally Accepted Accounting Principles"",
  ""Office Equipment"",
  ""Finance"",
  ""Leadership"",
  ""Data Analysis"",
  ""Financial Data"",
  ""Business Requirements"",
  ""Data Discovery"",
  ""Consulting"",
  ""Data Visualization""
]",8/20/2024,"[
  ""https://disabilities.dejobs.org/montgomery-al/data-analyst-hybrid-in-portland-or-or-des-moines-ia/7bc956b43abe4fb0ad7485074467e906/job"",
  ""https://enableamerica.dejobs.org/montgomery-al/data-analyst-hybrid-in-portland-or-or-des-moines-ia/7bc956b43abe4fb0ad7485074467e906/job""
]"
fc83b3bfa968026ca5035702079707f92eefa7d9,enterprise data architect,ISN Software Corporation,Isn Software Corporation,Texas,48,"Dallas, TX",Remote,Full-time (> 32 hours),,,8,"[
  ""No Education Listed""
]",15-2051,Data Scientists,15-2051.01,Business Intelligence Analysts,518210,"Computing Infrastructure Providers, Data Processing, Web Hosting, and Related Services","[
  ""Data Storage"",
  ""Online Transaction Processing"",
  ""Team Building"",
  ""Data Architecture"",
  ""Microsoft Azure"",
  ""Create Read Update and Delete (CRUD)"",
  ""Stored Procedure"",
  ""Scrum (Software Development)"",
  ""Governance"",
  ""Online Analytical Processing"",
  ""Web Application Development"",
  ""Database Development"",
  ""Microsoft SQL Servers"",
  ""Database Administration"",
  ""Cloud Technologies"",
  ""Database Design"",
  ""New Product Development""
]",6/4/2024,"[
  ""https://isnetworld.com/en/about/careers/jobs?gh_jid=5194202004""
]"
fde23c4736acc3ce63c8bbfbe632c765ee9b36a2,data analyst sf,Concentrix,Concentrix,Kentucky,21,"Frankfort, KY",[None],Full-time (> 32 hours),,,,"[
  ""No Education Listed""
]",15-2051,Data Scientists,15-2051.01,Business Intelligence Analysts,518210,"Computing Infrastructure Providers, Data Processing, Web Hosting, and Related Services","[
  ""Salesforce"",
  ""Effective Communication"",
  ""Relationship Building"",
  ""Office Equipment"",
  ""Data Validation"",
  ""Critical Thinking"",
  ""Cross-Functional Collaboration"",
  ""Problem Solving"",
  ""Microsoft Outlook"",
  ""Communication"",
  ""Leadership"",
  ""Data Analysis"",
  ""Strategic Thinking"",
  ""Business To Business"",
  ""Detail Oriented"",
  ""Microsoft 365"",
  ""Microsoft Excel""
]",8/6/2024,"[
  ""https://dejobs.org/frankfort-ky/data-analyst-sf/5FF840121EDE48A5B74E986A8264FA1F/job/""
]"
fe0c02c44704c38ff943fd3f5a7aa0ed5dda3568,senior business intelligence analyst,Snowflake Inc.,Snowflake Computing,California,6,"San Mateo, CA",[None],Full-time (> 32 hours),121000.0,163800.0,5,"[
  ""No Education Listed""
]",15-2051,Data Scientists,15-2051.01,Business Intelligence Analysts,518210,"Computing Infrastructure Providers, Data Processing, Web Hosting, and Related Services","[
  ""Power BI"",
  ""Cloud Computing"",
  ""Research"",
  ""Agile Methodology"",
  ""BigQuery"",
  ""Business Systems"",
  ""Data Modeling"",
  ""Data Architecture"",
  ""Microsoft Azure"",
  ""Financial Planning"",
  ""Parsing"",
  ""Prioritization"",
  ""Safety Assurance"",
  ""Automation"",
  ""Data Science"",
  ""Amazon Redshift"",
  ""Creative Thinking"",
  ""Finance"",
  ""Scrum (Software Development)"",
  ""Communication"",
  ""Python (Programming Language)"",
  ""Cost Structures"",
  ""Looker Analytics"",
  ""Data Analysis"",
  ""Business Intelligence"",
  ""SQL (Programming Language)"",
  ""Cloud Financial Management (FinOps)"",
  ""Data Pipelines"",
  ""Amazon Web Services"",
  ""Usability Testing"",
  ""Enterprise Resource Planning"",
  ""Data Quality Assessment"",
  ""Tableau (Business Intelligence Software)"",
  ""Data Security"",
  ""Google Cloud Platform (GCP)""
]",5/2/2024,"[
  ""https://careers.snowflake.com/us/en/job/7330778002/Senior-Business-Intelligence-Analyst""
]"
